label,origin_pred,pred_eps=8.0,pred_eps=4.0
49,72,72,72
33,33,96,33
72,15,15,15
51,87,87,87
71,71,23,71
92,4,4,4
15,63,63,63
14,55,55,55
23,23,71,23
0,57,57,57
71,76,76,76
75,75,73,75
81,13,13,58
69,69,67,69
40,40,40,40
43,43,42,43
92,92,14,92
97,97,50,65
70,70,54,70
53,70,70,70
70,70,36,70
49,49,37,49
75,75,75,75
29,47,47,47
21,21,87,21
16,16,94,16
39,39,12,39
8,8,37,8
8,7,7,7
70,45,45,45
20,20,20,20
61,10,10,10
41,41,24,41
93,73,73,73
56,56,31,56
73,38,38,38
58,83,83,83
11,35,35,35
25,25,0,25
37,37,81,81
63,66,66,66
24,14,14,14
49,58,58,58
73,30,30,30
56,56,8,56
22,22,22,22
41,48,48,48
58,58,5,58
75,14,14,21
17,29,29,29
4,4,32,4
6,15,15,15
9,9,16,9
57,36,36,36
2,2,50,50
32,32,64,64
71,71,73,71
52,52,59,52
42,42,8,42
69,69,30,69
77,15,15,15
27,27,32,32
15,89,89,56
65,65,44,80
7,45,45,45
35,98,98,39
43,50,50,50
82,62,62,62
63,63,88,63
92,92,14,14
66,66,8,8
90,37,37,97
67,65,65,65
91,91,51,91
32,76,76,76
32,32,11,32
82,82,82,82
10,10,84,10
77,77,77,77
22,61,61,61
71,71,23,23
78,84,84,84
54,54,70,54
6,7,7,7
29,73,73,73
89,89,13,89
78,99,99,99
33,59,59,59
11,98,98,98
67,30,30,30
22,10,10,10
18,18,79,18
27,4,4,4
21,21,19,21
13,81,81,81
21,31,31,31
50,74,74,74
75,85,85,27
37,68,68,68
35,38,38,38
26,29,29,29
83,70,70,70
47,47,52,47
95,91,91,91
43,43,63,43
69,69,69,69
76,76,76,76
17,17,37,17
57,57,53,57
59,59,47,59
25,25,5,25
20,20,86,20
27,27,29,27
0,26,26,26
9,94,94,94
71,71,60,71
8,8,58,8
43,43,4,43
57,77,77,77
56,56,56,56
85,85,58,85
10,84,84,84
19,19,38,19
92,92,62,92
33,33,59,59
20,20,25,20
21,21,3,21
50,74,74,74
70,70,62,70
46,35,35,35
11,11,46,11
16,16,16,16
1,81,81,81
74,66,66,66
33,3,3,3
91,91,32,91
60,60,17,60
64,38,38,38
52,52,47,52
23,23,69,23
4,50,50,50
11,35,35,35
52,52,59,52
37,89,89,89
24,7,7,7
95,95,30,95
25,58,58,58
39,39,50,39
51,97,97,97
58,58,89,89
58,89,89,89
77,63,63,63
18,66,66,66
59,60,60,60
45,45,34,45
66,50,50,50
58,85,85,85
20,20,5,20
24,24,77,24
4,8,8,8
36,36,32,36
8,8,96,8
87,64,64,64
10,40,40,40
30,75,75,65
47,96,96,96
54,54,54,54
99,99,33,99
51,51,4,51
83,83,0,83
9,16,16,16
37,36,36,10
4,74,74,74
83,16,16,16
95,95,75,95
83,0,0,0
32,95,95,95
73,95,95,95
18,18,33,18
40,40,20,40
39,33,33,8
64,38,38,38
22,22,86,22
80,65,65,65
28,93,93,93
28,64,64,64
40,84,84,84
95,95,30,95
98,45,45,45
83,83,70,83
12,12,37,12
24,24,7,24
45,40,40,40
13,13,58,13
94,94,16,94
24,24,10,24
58,90,90,90
63,63,36,63
7,7,24,7
87,87,5,87
6,50,50,50
78,78,8,78
68,68,96,68
60,60,71,60
6,6,93,6
23,23,27,23
44,44,79,44
31,31,96,31
80,32,32,32
93,59,59,59
73,30,30,30
98,11,11,11
49,49,17,49
90,3,3,3
97,97,97,97
59,96,96,96
2,2,36,2
67,95,95,95
16,83,83,83
81,81,12,81
94,94,5,94
27,47,47,47
76,23,23,23
77,77,84,77
12,12,17,12
18,72,72,72
0,83,83,83
76,39,39,39
79,55,55,21
71,71,60,71
89,89,72,89
57,0,0,0
47,59,59,59
24,24,24,24
65,65,2,65
0,92,92,92
32,56,56,56
36,36,50,36
82,82,82,82
31,31,4,31
23,23,71,23
24,24,24,24
34,34,1,34
21,98,98,98
11,11,35,11
53,53,62,53
80,38,38,38
44,27,27,91
4,65,65,65
39,16,16,16
91,91,33,91
16,16,65,16
36,65,65,65
68,36,36,36
50,50,4,50
97,64,64,64
58,33,33,33
31,75,75,75
6,66,66,66
42,50,50,50
80,38,38,38
76,76,59,76
89,13,13,13
55,63,63,63
19,19,21,21
91,91,64,91
70,70,82,70
1,1,62,1
6,84,84,84
62,62,1,62
99,99,61,99
51,51,19,51
96,59,59,59
83,0,0,0
42,25,25,25
18,91,91,91
67,67,72,67
66,43,43,43
40,40,56,40
62,62,62,62
78,78,51,78
84,84,37,84
28,40,40,40
89,58,58,58
30,73,73,73
66,11,11,11
18,6,6,6
38,51,51,51
42,88,88,88
92,92,26,92
27,27,91,27
11,38,38,38
86,86,87,86
44,27,27,27
96,96,63,96
12,12,8,12
16,16,10,16
67,75,75,75
43,88,88,88
89,58,58,58
96,52,52,52
12,69,69,69
40,40,37,40
7,57,57,57
86,49,49,49
77,77,6,77
76,76,76,76
31,63,63,63
18,94,94,94
28,28,40,28
19,3,3,3
18,79,79,79
41,41,41,41
42,43,43,43
43,32,32,32
31,32,32,32
93,45,45,45
15,50,50,50
10,88,88,79
8,8,8,8
37,89,89,89
89,89,38,38
32,2,2,2
67,73,73,73
12,12,25,12
2,2,57,2
19,54,54,54
91,91,1,91
94,94,46,94
7,56,56,56
71,71,87,71
36,36,11,36
61,61,22,61
62,62,70,62
5,36,36,36
60,60,71,60
45,67,67,67
91,73,73,73
34,64,64,15
95,93,93,93
9,22,22,22
40,70,70,70
68,68,68,68
62,62,14,62
99,99,61,99
66,15,15,15
46,46,21,46
7,7,24,7
10,96,96,96
10,4,4,4
68,68,90,68
34,43,43,50
37,49,49,49
58,58,13,58
48,81,81,81
40,40,84,40
96,63,63,31
14,14,6,14
11,35,35,35
66,32,32,32
64,64,67,64
39,39,61,39
33,33,90,90
94,94,96,94
63,63,2,63
10,32,32,32
89,26,26,26
92,54,54,54
90,65,65,65
65,31,31,31
90,90,85,85
33,33,74,33
28,40,40,40
29,29,38,29
87,25,25,25
86,86,66,86
7,7,24,7
0,0,83,0
94,94,84,94
11,97,97,97
26,26,89,89
6,6,44,6
41,41,41,41
21,59,59,80
69,23,23,23
27,26,26,26
29,29,34,29
67,73,73,73
85,85,59,85
65,65,61,65
40,9,9,79
57,0,0,0
72,29,29,34
30,30,95,30
74,93,93,93
27,42,42,42
3,36,36,36
49,37,37,37
52,47,47,47
95,73,73,73
40,40,40,40
93,96,96,96
77,5,5,5
91,37,37,37
6,24,24,24
57,0,0,0
72,72,3,72
16,16,16,16
98,13,13,58
89,38,38,38
40,40,84,40
96,43,43,43
71,71,49,71
3,84,84,84
2,91,91,91
66,97,97,97
27,8,8,8
8,8,81,8
53,92,92,92
33,80,80,80
55,21,21,21
81,12,12,12
88,88,80,88
96,96,84,96
68,71,71,23
42,42,48,42
77,77,31,77
10,61,61,61
27,27,4,27
32,32,46,32
79,80,80,80
98,98,35,98
18,40,40,40
51,38,38,38
2,2,11,11
19,19,34,19
31,56,56,56
67,33,33,33
36,61,61,61
10,50,50,50
16,16,22,22
5,5,84,5
81,89,89,89
85,85,63,85
26,6,6,6
85,85,13,85
65,43,43,43
22,7,7,7
55,29,29,29
85,56,56,13
22,10,10,40
22,98,98,98
10,10,61,61
18,18,99,18
98,35,35,35
9,86,86,86
26,63,63,63
27,51,51,51
7,7,26,7
5,5,94,5
58,81,81,81
87,87,73,87
76,76,69,76
2,87,87,87
54,14,14,14
38,44,44,78
33,50,50,50
17,37,37,37
6,6,6,6
0,0,83,0
79,79,33,79
97,97,66,97
14,77,77,77
14,78,78,44
73,67,67,67
79,54,54,54
8,85,85,85
42,42,74,74
4,19,19,19
25,25,17,25
37,85,85,85
75,75,75,75
74,63,63,63
41,41,81,89
0,0,11,0
99,67,67,67
79,55,55,55
87,87,94,87
67,93,93,93
72,75,75,74
38,64,64,64
25,34,34,34
49,49,37,49
3,65,65,65
74,74,91,91
69,18,18,18
36,70,70,77
77,14,14,14
89,85,85,85
71,71,40,71
31,42,42,42
50,50,86,50
90,90,90,90
11,9,9,9
2,35,35,35
41,41,41,41
38,38,4,38
58,58,84,58
47,47,47,47
93,93,56,93
68,68,68,68
11,11,11,11
35,36,36,36
67,73,73,73
54,54,6,6
53,53,53,53
30,73,73,73
36,36,2,36
83,83,70,83
54,54,70,54
64,38,38,38
46,37,37,37
45,44,44,44
98,12,12,12
62,62,70,62
46,40,40,10
95,95,73,95
88,88,36,36
37,31,31,31
18,18,91,18
29,56,56,56
63,63,63,63
8,78,78,78
33,33,79,33
35,98,98,98
6,65,65,65
76,59,59,59
19,37,37,37
99,99,78,99
53,72,72,72
15,43,43,43
57,79,79,79
2,2,35,2
27,74,74,74
27,74,74,74
93,73,73,73
81,16,16,16
54,54,34,54
71,71,60,71
26,7,7,7
25,96,96,96
35,35,46,35
30,30,99,30
72,90,90,90
8,78,78,66
42,42,43,42
62,62,79,62
56,56,36,56
78,77,77,77
47,47,96,47
73,93,93,93
43,4,4,4
20,20,20,20
83,83,45,45
63,63,85,63
49,52,52,52
28,61,61,61
26,26,70,26
45,45,2,45
36,72,72,72
36,36,1,1
68,68,33,68
1,2,2,2
2,98,98,98
99,99,18,99
9,76,76,76
65,84,84,84
38,38,65,38
58,58,81,81
96,96,67,96
38,77,77,77
87,87,94,87
82,82,57,82
22,22,10,22
83,0,0,0
41,41,41,41
7,92,92,54
12,66,66,50
10,10,28,10
35,26,26,26
44,33,33,33
81,81,85,85
91,91,29,91
56,56,96,56
9,54,54,54
24,24,24,24
3,6,6,6
30,73,73,73
1,1,1,1
39,39,42,39
98,86,86,86
72,55,55,55
83,83,57,83
80,80,72,80
43,47,47,47
84,46,46,46
66,97,97,33
4,4,38,4
64,64,80,64
77,77,64,77
98,54,54,54
82,82,83,82
81,81,13,81
20,9,9,9
0,70,70,70
48,48,16,48
46,35,35,35
33,79,79,79
22,61,61,61
13,13,58,13
17,49,49,49
39,39,39,39
76,76,9,76
0,70,70,70
17,17,52,17
64,80,80,80
48,48,48,48
90,90,14,90
93,93,1,93
82,82,82,82
75,75,64,75
96,33,33,33
97,97,66,97
3,3,72,72
83,62,62,62
60,60,96,60
61,61,61,61
32,32,93,32
26,26,20,26
84,25,25,25
41,90,90,90
12,31,31,31
85,85,58,85
12,76,76,73
8,42,42,42
82,82,62,82
72,85,85,85
94,94,53,94
7,3,3,3
22,16,16,16
15,51,51,51
66,11,11,11
89,85,85,85
97,97,74,74
19,33,33,33
0,1,1,50
19,44,44,44
5,5,91,5
56,56,78,56
36,2,2,2
45,45,45,45
1,1,58,1
94,94,22,94
66,80,80,80
86,94,94,94
82,82,82,82
17,17,37,17
64,64,27,27
99,14,14,14
34,27,27,27
30,45,45,45
73,30,30,30
83,83,10,83
6,4,4,4
1,22,22,22
28,28,40,28
77,24,24,24
91,91,91,91
74,63,63,63
68,68,49,68
14,14,1,14
14,14,14,14
1,1,54,1
92,70,70,70
97,97,42,97
45,45,26,45
7,18,18,18
21,21,86,21
37,49,49,49
32,67,67,67
73,30,30,30
88,88,84,84
86,86,86,86
92,82,82,82
14,78,78,78
86,10,10,10
74,74,50,74
25,25,39,25
93,67,67,67
78,78,99,78
77,77,7,77
88,38,38,14
42,55,55,55
10,10,51,10
65,96,96,96
26,4,4,4
31,55,55,4
85,25,25,25
78,78,48,78
29,17,17,17
32,33,33,33
81,13,13,13
97,21,21,4
1,1,1,1
82,82,82,82
0,57,57,57
21,3,3,3
15,89,89,89
56,59,59,59
57,57,92,57
97,64,64,64
76,76,59,76
60,60,94,60
87,25,25,25
46,34,34,34
1,73,73,73
61,61,63,63
75,75,19,75
62,62,1,62
21,3,3,19
61,10,10,10
78,78,82,78
90,55,55,55
68,58,58,58
94,94,9,94
88,42,42,42
95,79,79,79
3,19,19,19
83,83,0,83
32,50,50,50
93,36,36,36
77,77,83,77
38,31,31,31
63,36,36,36
61,32,32,32
41,41,41,41
88,55,55,55
83,83,78,83
35,98,98,98
82,82,82,82
50,74,74,74
15,15,57,15
48,48,26,48
25,11,11,11
4,4,63,4
71,71,12,71
8,18,18,18
98,50,50,50
67,10,10,10
7,7,24,7
85,85,85,85
25,25,20,25
96,96,33,33
60,60,23,60
55,2,2,2
80,80,32,80
13,13,82,82
90,90,12,12
54,54,70,54
15,12,12,12
76,76,76,76
39,39,78,39
95,95,55,95
24,24,7,24
7,50,50,50
64,64,70,64
70,70,54,70
88,56,56,56
81,81,13,81
0,0,70,0
12,12,71,12
64,85,85,85
31,82,82,82
79,78,78,78
86,86,86,86
60,60,71,60
22,22,61,22
38,93,93,93
82,82,82,82
14,14,93,93
48,48,48,48
33,14,14,14
55,55,18,55
53,57,57,57
40,19,19,19
1,37,37,37
58,58,37,37
94,25,25,25
70,92,92,92
29,50,50,50
86,1,1,1
23,23,36,23
46,35,35,35
58,85,85,85
99,99,78,78
78,78,26,26
10,10,22,22
53,53,53,53
37,90,90,90
97,42,42,42
65,2,2,2
15,31,31,31
77,29,29,29
52,52,59,52
63,63,26,63
32,67,67,67
6,6,83,6
36,36,53,36
6,32,32,32
7,7,21,7
36,50,50,50
74,4,4,4
13,85,85,85
22,9,9,9
32,71,71,71
54,54,92,54
62,83,83,83
84,61,61,61
57,51,51,51
25,23,23,23
11,11,5,11
62,62,82,62
85,33,33,33
31,19,19,19
26,26,10,26
16,97,97,40
96,49,49,49
71,71,23,71
90,90,13,13
39,8,8,8
20,50,50,50
47,47,47,47
35,98,98,98
19,19,3,3
52,52,85,52
66,31,31,31
32,21,21,21
53,78,78,78
53,61,61,61
21,21,3,21
98,98,46,98
6,6,54,6
88,88,89,88
71,23,23,23
45,86,86,22
98,93,93,93
55,55,27,55
99,26,26,26
24,79,79,79
93,45,45,45
67,64,64,64
33,96,96,96
16,16,86,16
33,33,1,33
9,9,9,9
10,63,63,63
46,2,2,2
68,68,74,68
24,24,7,24
96,84,84,11
22,78,78,78
40,33,33,33
63,63,79,79
53,53,83,53
10,32,32,32
14,34,34,34
41,14,14,14
77,77,2,77
54,54,92,54
84,36,36,36
20,20,20,20
29,98,98,98
76,12,12,12
36,36,45,45
1,7,7,7
26,26,99,26
99,75,75,38
2,2,88,2
96,42,42,42
69,69,17,69
36,5,5,5
18,44,44,44
90,12,12,12
66,66,50,66
52,47,47,47
37,59,59,59
99,99,99,99
97,42,42,42
12,12,90,12
55,80,80,80
15,15,19,15
85,78,78,78
15,49,49,49
16,86,86,86
33,96,96,96
99,99,32,99
80,37,37,37
28,28,10,28
69,99,99,99
51,51,42,42
72,5,5,5
39,23,23,23
8,76,76,76
56,47,47,47
59,52,52,52
15,74,74,74
21,98,98,98
77,77,15,77
45,38,38,38
21,21,3,63
80,29,29,29
89,89,29,89
37,37,96,37
48,48,58,58
47,52,52,52
56,96,96,96
65,77,77,77
96,52,52,52
14,83,83,83
52,74,74,74
2,25,25,54
60,60,71,60
9,9,59,9
68,68,60,68
22,22,26,26
23,23,40,23
44,46,46,21
19,25,25,25
54,54,92,54
97,97,97,97
23,23,71,71
54,54,54,54
62,92,92,92
56,96,96,96
23,71,71,71
42,42,66,42
81,90,90,90
66,50,50,50
87,65,65,65
47,47,52,47
47,52,52,52
45,23,23,23
42,42,88,42
51,51,18,51
10,45,45,45
35,25,25,25
68,68,71,68
13,86,86,86
55,95,95,95
34,34,88,34
74,74,63,63
47,47,96,47
40,10,10,45
51,79,79,79
6,6,54,6
3,49,49,49
76,76,49,76
52,52,47,52
53,62,62,62
34,34,43,34
60,60,17,60
63,50,50,74
28,10,10,10
24,24,7,24
36,25,25,17
69,69,69,69
82,13,13,13
90,90,85,90
70,70,70,70
75,25,25,25
77,35,35,35
43,78,78,78
43,43,36,43
78,99,99,99
81,33,33,59
80,74,74,74
66,98,98,98
35,35,11,11
84,84,35,84
21,21,46,21
49,23,23,23
96,96,85,85
15,15,89,89
37,37,51,37
2,45,45,45
89,66,66,66
36,96,96,96
9,76,76,76
53,53,53,53
91,91,5,91
65,63,63,63
67,23,23,23
94,94,0,94
40,57,57,57
72,72,55,72
90,90,58,85
86,86,7,86
85,93,93,93
30,30,95,95
92,92,14,92
25,25,0,25
60,38,38,38
2,35,35,35
29,29,50,29
0,0,57,0
9,9,12,9
37,68,68,68
1,64,64,64
50,42,42,42
90,90,18,90
27,27,23,27
52,52,96,52
36,38,38,38
48,89,89,89
71,71,60,71
12,81,81,39
97,97,64,64
0,0,0,0
3,43,43,19
41,41,41,41
21,21,97,21
16,16,66,16
51,51,70,51
72,66,66,66
13,81,81,81
63,65,65,19
81,89,89,89
73,73,74,73
55,26,26,26
30,30,73,30
28,55,55,55
10,10,93,10
84,83,83,83
8,8,26,8
6,6,88,6
9,9,84,9
93,63,63,63
2,98,98,98
78,93,93,93
26,62,62,62
16,98,98,98
17,17,15,17
39,63,63,63
67,93,93,93
20,20,20,20
3,67,67,67
81,81,37,81
26,78,78,78
96,96,52,52
45,16,16,37
15,19,19,19
29,56,56,56
57,57,64,57
60,23,23,23
49,71,71,71
36,36,65,65
23,23,71,23
63,35,35,35
72,27,27,27
19,15,15,15
41,41,45,41
55,74,74,74
26,57,57,57
25,20,20,20
49,49,37,49
28,40,40,40
20,20,20,20
33,33,37,33
7,7,9,7
45,26,26,26
7,7,77,7
89,89,48,89
1,1,93,1
90,90,27,90
42,12,12,12
15,19,19,19
23,49,49,49
93,93,73,93
96,85,85,85
59,59,52,59
29,79,79,79
29,29,38,29
75,37,37,37
93,93,30,93
8,81,81,81
70,70,99,70
48,48,48,48
82,82,62,82
84,84,40,40
81,12,12,68
72,55,55,55
38,79,79,79
80,4,4,4
63,63,50,63
76,76,76,76
4,50,50,50
54,54,92,92
60,60,71,60
1,74,74,74
49,49,96,49
1,1,1,1
92,92,70,92
77,44,44,44
30,73,73,73
98,16,16,16
62,83,83,83
25,25,25,25
26,26,1,26
55,55,40,55
25,27,27,27
21,21,33,21
25,20,20,37
82,82,92,82
80,65,65,65
19,50,50,50
93,1,1,1
35,35,97,97
61,10,10,10
81,81,81,81
69,69,40,69
9,9,16,9
91,95,95,95
96,96,47,47
34,43,43,43
23,23,56,23
9,9,40,9
0,0,83,0
28,83,83,83
51,0,0,0
91,38,38,38
65,50,50,50
33,94,94,94
5,5,20,5
13,81,81,81
52,52,47,52
58,58,54,58
65,64,64,45
32,32,58,32
37,81,81,81
63,63,74,74
61,62,62,62
19,19,15,19
2,2,46,2
49,49,73,49
64,75,75,75
58,58,13,58
93,74,74,74
62,62,92,62
52,52,47,52
53,53,61,53
41,70,70,70
33,79,79,79
84,65,65,65
22,71,71,60
67,67,32,67
44,5,5,5
95,95,48,95
24,24,24,24
46,98,98,98
98,55,55,65
31,37,37,37
83,92,92,92
16,25,25,25
2,2,35,2
47,52,52,52
51,51,75,51
3,21,21,21
18,18,29,18
60,60,60,60
38,21,21,21
95,68,68,68
89,8,8,8
11,6,6,6
63,63,52,63
15,15,26,15
49,67,67,67
63,63,25,63
85,85,15,15
12,33,33,33
38,38,63,38
66,66,11,11
99,99,45,78
72,78,78,78
83,53,53,53
12,12,68,12
93,67,67,67
51,18,18,45
21,21,78,21
47,52,52,52
21,21,3,21
43,98,98,98
77,74,74,74
55,55,74,55
36,2,2,2
57,57,0,57
69,12,12,12
5,5,64,64
29,59,59,59
41,65,65,65
14,14,73,14
41,41,48,41
77,24,24,24
58,58,37,58
60,60,89,60
45,26,26,26
88,88,36,36
19,58,58,58
19,19,3,19
48,48,78,48
5,5,25,5
81,96,96,96
69,79,79,79
77,77,26,77
60,60,23,60
88,34,34,34
92,92,62,92
31,31,19,31
34,13,13,13
36,36,86,36
30,95,95,95
64,37,37,37
82,82,51,82
88,88,6,88
7,7,48,48
38,38,80,38
57,78,78,78
92,54,54,54
23,25,25,25
11,98,98,98
41,11,11,11
38,7,7,7
90,29,29,29
76,76,59,76
28,78,78,78
24,24,7,24
6,6,79,6
84,28,28,28
76,12,12,12
88,43,43,43
28,28,40,28
98,11,11,11
96,96,52,96
93,74,74,74
64,97,97,97
45,88,88,88
54,54,70,54
26,26,84,84
79,79,33,79
70,54,54,54
46,11,11,11
89,89,58,89
89,17,17,17
64,64,67,64
93,93,29,93
39,39,18,39
53,53,53,53
36,26,26,66
50,50,56,50
56,96,96,96
84,84,84,84
46,11,11,11
13,85,85,85
5,13,13,13
51,64,64,64
5,5,84,5
56,56,84,84
68,68,38,68
70,48,48,48
92,92,62,92
93,93,72,93
28,67,67,93
18,74,74,74
37,37,65,37
50,65,65,65
81,89,89,89
67,67,93,67
41,41,93,41
35,32,32,32
99,39,39,39
41,41,41,41
79,7,7,7
90,90,49,90
59,59,76,59
59,52,52,52
35,35,11,35
16,99,99,99
17,17,15,17
64,64,65,64
90,90,1,90
96,25,25,25
3,3,54,54
88,34,34,77
3,3,31,3
45,45,91,45
0,0,83,0
68,68,65,65
33,33,59,33
49,73,73,73
0,0,83,0
18,79,79,79
22,36,36,36
72,72,66,72
4,74,74,74
66,38,38,38
5,22,22,22
46,77,77,77
79,14,14,14
70,54,54,54
9,9,15,9
49,40,40,40
34,88,88,88
48,84,84,84
71,71,49,71
37,5,5,5
42,42,78,42
6,6,74,6
91,91,91,91
58,58,93,58
42,7,7,7
17,27,27,27
1,1,92,92
5,5,25,5
65,14,14,14
5,84,84,84
38,29,29,29
47,96,96,96
38,63,63,63
63,63,36,63
61,61,16,16
28,96,96,47
99,55,55,29
20,20,20,20
88,88,43,88
50,38,38,38
53,6,6,6
97,91,91,91
59,59,46,59
78,78,63,78
35,11,11,11
50,38,38,38
6,62,62,62
98,35,35,35
33,96,96,96
65,30,30,30
23,67,67,67
68,68,71,68
26,84,84,84
96,52,52,52
17,17,52,17
65,65,64,65
47,47,36,36
12,76,76,76
94,94,84,94
81,81,16,81
76,76,59,76
91,91,45,91
72,72,32,72
35,2,2,2
18,18,88,18
96,52,52,52
92,54,54,54
98,19,19,19
19,84,84,84
0,0,57,0
43,43,36,43
50,50,63,50
43,43,88,43
44,59,59,59
73,73,67,73
4,4,18,4
53,53,53,53
37,60,60,60
8,19,19,19
25,86,86,86
52,47,47,47
29,29,96,29
44,27,27,27
12,33,33,33
38,65,65,65
5,5,84,98
25,88,88,88
41,41,24,41
81,25,25,25
23,23,67,23
68,68,74,68
59,59,42,59
81,81,13,81
43,43,36,43
8,58,58,58
11,2,2,2
18,18,99,18
92,32,32,32
5,84,84,84
34,80,80,80
48,48,48,48
80,42,42,42
25,25,10,25
31,4,4,4
8,48,48,48
88,42,42,42
10,10,78,10
50,50,4,50
76,19,19,19
50,25,25,25
95,95,73,95
94,94,84,94
83,83,33,83
52,52,59,52
44,5,5,5
16,83,83,83
99,99,75,99
68,68,44,68
28,28,51,28
15,46,46,46
47,96,96,96
34,34,80,34
57,57,59,57
13,13,85,13
22,61,61,61
9,46,46,46
90,22,22,22
50,50,36,50
34,77,77,77
43,50,50,50
20,20,20,20
87,87,86,87
91,91,91,91
80,65,65,65
9,9,9,9
17,43,43,63
19,17,17,17
57,57,57,57
14,7,7,7
27,93,93,93
46,46,98,46
13,13,37,13
44,34,34,34
24,61,61,61
10,86,86,86
84,58,58,91
4,80,80,80
56,59,59,59
29,3,3,3
29,91,91,91
51,51,32,51
78,78,7,78
62,62,92,62
53,53,2,53
17,17,85,17
28,28,28,28
28,61,61,61
11,11,35,11
65,63,63,63
48,45,45,45
48,38,38,38
12,71,71,95
55,30,30,30
66,66,80,66
98,46,46,46
8,8,50,8
94,94,84,94
25,25,5,25
70,70,62,70
54,84,84,84
12,37,37,56
86,86,87,86
3,56,56,56
76,76,49,76
13,81,81,81
2,98,98,98
7,7,79,7
91,91,58,91
55,19,19,19
45,45,25,45
51,51,51,51
53,53,83,53
28,28,40,28
9,8,8,8
87,87,13,87
13,13,48,13
30,30,64,64
58,58,89,58
61,10,10,10
31,51,51,51
70,0,0,0
39,36,36,36
3,44,44,44
47,47,96,47
34,42,42,42
26,97,97,97
50,13,13,13
59,59,33,59
64,65,65,65
37,17,17,15
92,92,58,92
14,14,84,14
26,26,45,26
37,13,13,13
94,94,86,94
29,57,57,57
15,85,85,85
63,5,5,5
7,56,56,56
32,32,32,32
9,9,9,9
43,15,15,15
12,12,37,37
27,55,55,55
78,78,83,78
97,11,11,11
55,3,3,56
11,4,4,4
69,16,16,16
66,43,43,43
31,3,3,3
20,20,20,20
54,54,92,54
45,64,64,66
86,86,86,86
84,84,44,84
55,63,63,63
3,4,4,4
6,45,45,45
54,54,6,54
69,69,28,23
47,47,52,47
62,62,92,62
57,32,32,32
85,25,25,25
30,73,73,73
16,84,84,84
11,35,35,98
82,14,14,14
65,48,48,48
59,57,57,57
81,81,90,90
39,61,61,61
79,79,31,31
25,25,81,81
44,78,78,78
16,83,83,83
23,73,73,73
17,17,96,17
49,72,72,72
69,73,73,73
74,74,24,74
63,63,74,63
10,28,28,28
56,56,59,56
43,86,86,86
22,70,70,32
11,20,20,20
9,9,59,9
17,17,49,17
31,31,3,31
52,52,52,52
52,52,96,52
36,2,2,2
58,58,81,13
79,65,65,65
42,43,43,43
32,27,27,27
15,15,31,15
15,38,38,38
79,83,83,83
56,59,59,59
3,72,72,93
77,77,3,77
57,57,1,57
5,5,25,5
76,23,23,23
84,65,65,65
47,52,52,52
79,56,56,56
64,64,50,64
3,19,19,19
22,25,25,25
84,65,65,65
15,37,37,37
83,83,0,83
19,19,14,19
64,75,75,75
61,61,70,61
33,33,46,33
16,16,94,16
76,76,19,52
96,96,47,96
87,18,18,18
92,92,53,92
39,39,99,39
60,60,23,60
59,59,56,59
74,50,50,59
27,9,9,9
68,68,50,68
7,79,79,79
23,23,28,23
42,88,88,43
47,92,92,92
2,54,54,54
20,98,98,98
80,80,33,80
24,24,6,24
17,63,63,63
12,12,96,96
55,5,5,5
13,89,89,89
17,17,37,17
67,32,32,64
21,21,3,21
42,42,74,42
21,21,21,21
46,39,39,39
79,80,80,80
21,66,66,66
61,61,10,61
64,64,63,63
41,41,41,41
16,9,9,9
40,40,51,51
54,54,92,54
70,54,54,54
65,63,63,63
84,40,40,40
64,64,3,3
37,84,84,84
59,52,52,52
92,83,83,83
71,71,46,71
17,17,37,17
96,52,52,52
94,94,47,94
39,23,23,23
93,64,64,64
79,96,96,96
34,34,36,34
26,26,92,26
33,33,79,33
24,62,62,62
12,49,49,49
53,83,83,83
88,54,54,54
20,20,20,20
47,47,96,47
98,45,45,45
25,37,37,37
45,8,8,8
25,25,36,25
61,61,28,28
56,56,47,56
68,68,60,68
27,80,80,80
13,13,81,13
92,92,62,92
12,21,21,21
46,46,11,46
76,59,59,59
67,67,65,67
27,25,25,25
2,2,86,2
78,90,90,90
48,48,89,48
3,4,4,4
98,21,21,21
20,20,20,20
8,8,37,8
43,3,3,77
57,0,0,0
63,63,64,63
7,7,14,7
10,10,57,10
47,52,52,52
46,98,98,98
52,96,96,96
90,90,13,13
69,75,75,75
78,48,48,48
15,38,38,38
78,33,33,33
29,50,50,50
61,22,22,22
5,81,81,81
30,32,32,25
86,86,93,86
85,57,57,57
33,33,74,33
10,10,40,10
44,44,26,44
34,34,44,34
24,24,50,24
56,84,84,84
61,22,22,22
62,53,53,53
38,38,29,38
72,74,74,74
44,93,93,93
53,53,53,53
7,7,50,7
38,96,96,96
17,12,12,12
40,42,42,42
91,50,50,50
83,83,53,53
82,82,82,82
10,61,61,61
21,21,63,21
30,30,93,30
65,64,64,97
47,96,96,96
57,57,47,57
16,41,41,41
81,4,4,51
30,30,73,30
72,93,93,93
96,52,52,52
88,47,47,47
62,70,70,70
95,30,30,30
27,79,79,79
61,64,64,64
2,36,36,36
50,50,79,79
21,21,64,21
87,13,13,84
5,78,78,78
69,99,99,99
37,37,84,37
59,59,56,59
0,0,0,0
78,99,99,99
20,25,25,25
85,85,58,85
54,54,92,54
53,53,83,53
73,30,30,30
69,69,76,69
3,3,93,3
35,75,75,75
49,23,23,23
33,33,96,33
73,73,67,73
99,39,39,39
97,3,3,33
89,31,31,31
3,93,93,93
54,66,66,66
90,49,49,49
45,77,77,77
11,98,98,98
1,1,36,1
51,70,70,70
28,28,56,28
79,32,32,32
47,47,52,47
54,20,20,20
83,83,35,0
40,40,86,40
14,14,18,18
26,67,67,67
27,12,12,12
12,12,49,12
42,42,34,42
44,80,80,80
29,29,24,29
59,96,96,96
8,8,48,8
17,17,96,17
56,74,74,74
46,32,32,32
80,3,3,3
1,1,14,1
82,82,62,82
51,33,33,33
34,25,25,25
86,86,46,86
96,47,47,47
86,86,93,86
93,93,50,93
38,38,97,97
20,20,20,20
19,65,65,89
2,35,35,35
20,5,5,5
91,91,51,91
55,45,45,45
65,65,27,65
64,64,50,64
90,90,12,90
70,47,47,47
34,15,15,15
11,35,35,35
55,97,97,97
68,68,37,68
52,59,59,59
6,6,14,6
79,79,46,79
22,5,5,5
22,22,40,22
86,65,65,8
10,97,97,97
1,1,86,78
75,75,24,75
48,14,14,14
5,5,84,5
90,68,68,68
67,79,79,79
99,99,99,99
33,84,84,84
82,82,62,82
76,76,76,76
51,56,56,56
92,61,61,61
65,65,66,65
77,77,7,77
70,70,54,70
12,12,49,12
91,73,73,73
83,50,50,50
95,95,73,95
48,48,41,48
52,47,47,47
30,95,95,95
49,49,52,52
11,11,2,11
3,3,21,21
17,17,85,17
80,31,31,31
94,94,9,94
29,29,44,29
87,87,65,86
49,49,76,49
64,93,93,93
57,24,24,24
42,97,97,97
95,67,67,67
28,10,10,10
16,16,81,16
99,51,51,51
46,35,35,35
31,31,96,31
25,25,5,25
2,2,11,2
95,73,73,73
21,21,22,21
83,70,70,70
59,52,52,52
56,56,56,56
28,28,28,28
17,17,37,17
53,53,53,53
71,71,23,71
7,7,24,7
94,98,98,98
53,53,36,53
89,19,19,19
10,65,65,65
28,54,54,54
7,7,0,7
36,39,39,39
79,79,21,79
53,53,83,53
87,10,10,10
43,26,26,26
76,17,17,17
69,28,28,28
22,98,98,98
17,17,37,17
6,6,74,6
53,53,70,53
68,68,60,68
44,27,27,27
89,89,56,89
15,38,38,38
80,18,18,18
45,45,84,45
95,30,30,30
37,13,13,13
80,50,50,74
28,28,56,28
13,13,25,13
23,23,25,23
52,52,59,52
24,24,24,24
21,79,79,79
55,91,91,91
99,99,61,99
98,59,59,59
21,21,22,21
59,59,76,59
9,7,7,7
81,83,83,83
88,42,42,42
93,93,72,93
61,61,22,61
17,17,12,17
44,45,45,93
49,49,96,49
81,81,4,81
78,78,26,78
94,40,40,40
40,40,40,40
60,60,68,60
80,88,88,88
58,58,81,58
4,6,6,6
88,88,42,88
18,73,73,73
24,19,19,19
36,36,50,36
26,7,7,7
74,74,27,74
88,38,38,38
56,56,96,56
3,51,51,51
65,81,81,81
0,0,83,0
43,42,42,42
22,22,10,22
47,47,86,47
65,49,49,49
22,33,33,33
69,69,57,57
9,9,40,9
78,78,26,78
4,91,91,91
69,76,76,76
46,11,11,11
97,97,64,64
29,29,96,29
18,65,65,65
64,32,32,32
98,35,35,35
65,65,41,65
36,36,1,36
94,87,87,87
84,26,26,26
91,91,41,93
20,20,24,20
36,36,25,36
50,78,78,78
76,76,96,76
29,15,15,15
63,63,65,63
6,6,88,6
30,55,55,55
99,39,39,39
55,11,11,11
21,21,3,21
38,65,65,65
83,83,70,83
67,32,32,32
31,31,89,31
49,49,90,49
39,39,13,39
66,42,42,42
66,66,97,66
53,53,53,53
54,54,70,54
41,41,41,41
36,36,32,36
61,22,22,22
88,88,33,88
30,30,7,30
19,51,51,51
95,95,30,95
41,41,41,41
89,89,37,89
19,85,85,85
46,46,46,46
78,51,51,51
37,37,48,37
31,96,96,96
22,22,22,22
2,1,1,1
78,89,89,89
13,41,41,41
73,73,67,73
51,10,10,10
95,72,72,72
2,2,65,65
38,38,66,38
98,43,43,43
28,40,40,40
18,45,45,45
42,50,50,50
7,18,18,18
88,4,4,4
61,61,10,61
12,12,25,12
8,46,46,46
92,92,57,92
41,41,41,41
33,8,8,8
65,15,15,15
17,17,96,17
51,19,19,19
99,99,70,99
35,11,11,11
67,73,73,73
63,36,36,36
63,36,36,36
9,9,69,9
58,13,13,13
96,96,59,96
77,50,50,50
1,1,54,54
36,64,64,64
53,83,83,83
83,62,62,62
13,58,58,58
98,98,35,98
21,3,3,3
35,98,98,98
39,25,25,25
49,73,73,73
81,81,13,81
35,46,46,46
3,3,75,3
77,77,50,77
89,89,34,34
30,95,95,95
85,85,12,85
59,52,52,52
48,48,26,48
98,35,35,35
38,65,65,65
80,97,97,97
39,25,25,25
82,82,10,82
43,43,88,43
12,12,69,12
21,21,58,21
18,65,65,65
25,0,0,0
5,5,87,5
25,32,32,32
63,63,74,63
78,78,8,78
4,88,88,88
40,40,51,40
29,80,80,80
15,15,50,15
39,33,33,33
49,23,23,23
93,30,30,30
39,22,22,22
77,79,79,79
69,59,59,59
53,53,53,53
64,79,79,79
12,12,12,12
57,80,80,80
5,5,25,5
17,17,37,37
97,97,38,97
37,37,90,90
48,48,48,48
79,99,99,99
5,5,84,5
83,57,57,57
16,16,40,16
41,78,78,44
48,48,58,58
54,54,92,54
79,16,16,16
67,50,50,50
73,10,10,10
0,0,0,0
19,31,31,31
14,14,21,14
29,93,93,93
84,84,10,10
48,80,80,80
36,36,5,36
76,56,56,47
95,95,73,73
20,20,20,20
59,59,52,59
57,57,0,57
67,93,93,93
6,50,50,26
71,73,73,73
21,3,3,3
7,74,74,74
91,91,5,5
92,22,22,22
87,58,58,58
91,91,73,91
16,89,89,89
86,7,7,7
58,58,84,58
89,89,29,89
97,97,38,97
83,26,26,26
72,18,18,18
85,93,93,93
41,48,48,48
3,65,65,65
20,20,47,20
10,25,25,25
74,7,7,7
49,49,17,17
63,7,7,7
91,91,90,91
56,56,59,56
92,54,54,54
19,19,3,19
64,80,80,80
28,28,40,28
11,74,74,74
41,41,69,41
81,81,13,81
90,27,27,27
89,89,13,89
86,86,16,86
22,36,36,36
41,11,11,45
50,65,65,65
27,10,10,10
87,87,22,87
21,21,19,21
34,1,1,1
36,36,61,36
90,37,37,37
94,94,87,94
71,71,68,71
31,66,66,66
62,62,53,62
95,95,95,95
33,59,59,59
38,19,19,19
95,95,74,95
41,41,74,41
24,24,7,24
89,56,56,56
15,15,29,15
81,13,13,13
8,32,32,32
48,78,78,78
30,30,73,30
52,52,47,52
79,46,46,46
20,25,25,25
68,68,68,68
16,16,94,16
78,30,30,30
45,10,10,10
31,37,37,37
66,65,65,65
52,52,47,52
43,38,38,38
20,20,20,20
98,2,2,2
24,24,24,24
71,49,49,49
49,49,12,49
44,5,5,5
46,55,55,55
62,51,51,51
22,86,86,86
11,37,37,37
89,89,6,89
99,50,50,50
73,91,91,18
26,26,51,26
53,53,57,53
10,10,0,10
41,37,37,37
12,12,37,12
2,2,35,2
4,4,3,4
39,93,93,93
19,19,77,19
56,56,29,56
74,74,56,74
79,79,6,79
73,39,39,39
46,35,35,35
3,63,63,63
22,22,99,99
6,6,80,80
59,33,33,33
54,65,65,65
87,87,22,87
2,6,6,6
87,87,22,87
49,5,5,5
91,91,32,91
37,33,33,33
53,36,36,36
51,33,33,33
7,7,7,7
99,99,99,99
13,87,87,87
25,84,84,84
66,66,97,66
80,80,65,80
22,40,40,40
73,73,95,73
83,11,11,11
14,14,33,33
42,42,56,42
86,86,22,86
22,10,10,10
90,74,74,74
74,78,78,78
24,24,57,24
84,8,8,8
91,91,69,30
97,97,84,97
88,50,50,50
4,4,64,4
26,26,20,26
22,39,39,39
19,50,50,50
67,73,73,73
73,67,67,67
84,75,75,75
98,66,66,66
6,82,82,82
35,21,21,31
29,29,66,29
51,51,3,51
59,59,59,59
62,62,92,62
60,60,96,60
68,68,60,68
44,10,10,10
83,83,83,83
0,0,57,0
41,41,24,41
90,90,89,89
48,48,90,48
82,82,92,82
67,93,93,73
28,10,10,10
28,28,40,28
71,71,23,71
79,79,29,38
43,43,88,43
17,37,37,37
5,37,37,37
17,17,27,17
7,14,14,14
84,13,13,1
57,57,96,57
27,99,99,99
57,25,25,25
68,68,2,68
26,26,0,0
59,59,47,59
4,27,27,27
87,87,34,87
99,99,61,61
3,3,64,3
66,66,78,78
38,79,79,79
15,15,89,15
75,75,78,75
20,20,25,20
47,47,47,47
0,0,83,0
14,14,45,14
85,69,69,69
62,62,62,62
55,44,44,44
63,63,50,50
69,27,27,27
3,74,74,74
77,93,93,30
73,73,95,73
38,38,19,38
59,65,65,65
52,47,47,47
84,12,12,12
37,37,15,37
60,60,68,60
21,21,81,21
96,47,47,47
68,68,71,68
16,16,70,16
19,19,56,19
40,40,94,40
70,70,62,70
61,61,22,22
10,10,0,10
57,39,39,37
81,21,21,21
68,68,34,68
12,33,33,33
10,84,84,84
38,42,42,43
10,10,83,10
47,47,12,47
76,49,49,49
11,11,43,11
72,72,73,72
23,93,93,93
1,73,73,73
14,31,31,31
31,19,19,19
30,49,49,49
93,91,91,84
54,54,70,54
9,9,14,9
15,15,29,15
2,70,70,70
26,26,34,26
65,65,55,65
32,91,91,91
12,12,59,12
58,18,18,18
73,67,67,67
76,76,76,76
95,95,30,95
67,67,76,67
95,95,30,95
26,51,51,51
92,54,54,54
47,32,32,32
84,25,25,25
29,34,34,34
51,92,92,92
44,44,99,44
45,45,26,45
60,60,82,60
34,34,29,34
97,64,64,64
1,32,32,32
93,73,73,75
97,42,42,42
19,50,50,50
19,80,80,80
92,92,62,92
69,56,56,56
65,80,80,80
95,73,73,73
78,11,11,11
5,25,25,25
34,34,38,34
76,76,59,76
25,84,84,84
50,97,97,23
30,30,95,30
69,69,23,69
59,59,96,59
34,42,42,42
77,89,89,89
46,98,98,98
66,66,13,66
31,31,19,31
73,93,93,93
87,10,10,10
90,90,81,90
18,18,9,18
6,50,50,50
38,38,55,38
81,81,90,81
25,25,5,25
81,15,15,15
64,42,42,42
70,83,83,83
37,37,96,37
76,76,76,76
31,78,78,78
0,0,83,0
90,81,81,81
32,1,1,1
5,5,5,5
56,8,8,8
41,41,41,41
80,4,4,4
5,20,20,20
52,59,59,59
51,66,66,66
25,25,92,25
20,20,40,20
61,10,10,10
98,98,35,98
20,20,40,20
32,67,67,67
35,35,37,37
5,89,89,58
72,30,30,30
61,61,22,61
43,43,26,26
58,58,41,58
36,36,43,43
99,99,99,99
60,60,68,60
70,70,62,70
38,98,98,94
59,96,96,96
26,55,55,55
56,56,96,56
78,44,44,44
83,83,92,83
23,69,69,69
52,59,59,59
32,55,55,55
54,54,92,54
33,38,38,38
61,61,10,61
49,31,31,31
53,53,83,53
15,15,75,15
50,50,74,50
3,3,19,3
12,85,85,85
86,41,41,41
55,43,43,43
58,58,45,58
5,5,89,89
30,95,95,95
26,27,27,27
10,70,70,70
0,10,10,10
11,35,35,35
9,5,5,5
33,74,74,74
53,53,83,53
33,89,89,89
94,94,86,94
46,8,8,8
99,99,45,99
34,36,36,36
1,92,92,92
17,76,76,76
63,77,77,77
69,69,76,69
66,66,38,66
37,37,10,37
67,67,67,67
40,40,28,40
93,67,67,67
24,24,7,24
82,82,13,82
23,67,67,67
30,30,73,73
66,66,75,66
30,54,54,54
11,98,98,2
11,11,46,11
94,94,9,94
88,88,42,42
37,55,55,55
29,4,4,4
46,46,11,11
95,95,30,95
54,54,79,54
41,41,41,41
6,6,79,6
19,24,24,24
22,22,22,22
3,24,24,24
32,32,93,93
55,4,4,4
53,53,36,53
72,72,21,72
33,33,83,33
20,20,20,20
63,63,74,63
12,12,76,12
64,64,50,64
23,5,5,5
22,73,73,73
75,85,85,85
8,77,77,77
33,33,74,33
66,58,58,58
55,19,19,19
72,85,85,85
73,91,91,91
84,84,25,84
13,81,81,81
96,96,79,96
65,34,34,34
22,78,78,78
0,0,83,0
19,19,31,19
80,4,4,4
23,23,49,49
85,85,58,85
68,68,12,12
86,40,40,40
37,37,17,37
81,42,42,42
35,46,46,46
98,10,10,10
8,49,49,49
23,60,60,60
76,76,46,76
74,74,64,74
89,89,77,89
60,60,84,60
69,69,23,23
96,17,17,17
32,65,65,65
29,29,29,29
64,38,38,38
9,9,40,9
16,16,24,16
0,0,26,0
74,65,65,65
17,17,37,17
54,51,51,51
62,62,62,62
6,77,77,77
34,34,29,34
65,14,14,14
8,12,12,12
46,65,65,65
67,67,73,67
53,53,53,53
23,49,49,49
78,45,45,45
61,61,10,61
26,26,45,26
64,93,93,93
25,25,37,25
70,70,62,70
96,96,52,96
67,67,93,67
22,86,86,86
45,74,74,74
65,37,37,37
96,96,56,96
79,79,77,79
23,23,39,23
76,76,31,76
26,29,29,29
57,39,39,39
16,1,1,1
64,64,50,64
34,34,26,34
82,82,82,82
66,65,65,65
83,53,53,53
72,74,74,74
71,23,23,23
9,98,98,98
60,60,96,60
35,36,36,16
43,50,50,50
29,29,31,29
93,97,97,97
58,13,13,13
94,9,9,9
5,25,25,32
83,83,47,83
92,62,62,62
26,57,57,57
39,33,33,33
86,65,65,65
93,74,74,74
16,16,7,7
85,85,58,85
27,78,78,78
76,31,31,31
89,90,90,90
42,42,97,42
18,18,9,18
14,6,6,6
4,3,3,3
73,99,99,99
71,33,33,33
20,20,20,20
20,89,89,89
16,5,5,5
51,51,11,51
88,88,78,88
5,5,25,5
25,25,63,25
64,78,78,78
59,12,12,12
77,77,93,93
22,22,98,22
3,27,27,27
68,60,60,60
28,28,9,28
44,44,38,44
13,13,81,81
73,73,73,73
98,11,11,11
52,52,47,52
44,80,80,80
99,25,25,25
17,65,65,65
31,38,38,38
50,50,14,50
87,87,94,87
44,44,78,44
85,85,85,85
58,58,37,58
57,57,57,57
45,45,45,45
28,31,31,31
5,5,10,5
11,35,35,35
81,21,21,21
46,2,2,2
67,73,73,73
96,47,47,47
69,23,23,23
19,84,84,84
55,72,72,72
75,75,75,75
31,63,63,63
97,21,21,21
66,89,89,89
51,26,26,26
71,71,1,71
29,63,63,63
4,63,63,63
89,85,85,85
99,74,74,74
67,67,73,67
39,39,39,39
52,52,47,52
59,59,85,59
12,12,45,12
96,96,33,96
16,2,2,2
36,36,50,36
64,64,66,64
27,37,37,56
81,13,13,13
37,15,15,15
11,46,46,46
85,85,37,85
50,39,39,39
35,54,54,54
78,66,66,66
6,54,54,54
72,21,21,21
70,54,54,54
74,4,4,4
42,42,43,43
0,0,0,0
41,41,14,41
39,42,42,42
87,94,94,43
80,43,43,43
44,91,91,91
47,52,52,52
95,24,24,24
10,86,86,86
21,21,46,21
63,63,66,63
55,77,77,77
69,12,12,12
20,20,20,20
85,85,90,85
78,83,83,83
23,96,96,96
13,13,89,13
92,47,47,47
98,70,70,70
84,84,97,84
75,75,78,75
10,19,19,19
4,98,98,98
52,52,47,52
55,73,73,73
61,61,22,61
89,89,15,15
57,57,22,57
50,84,84,84
42,38,38,50
40,40,9,40
91,75,75,75
88,66,66,66
73,50,50,50
49,49,47,49
20,20,20,20
2,54,54,54
16,16,16,16
26,93,93,93
91,91,91,91
88,94,94,94
85,37,37,37
28,28,40,28
27,27,63,27
83,83,53,83
54,54,70,54
65,31,31,31
71,71,69,71
77,77,79,79
13,58,58,58
56,56,25,56
76,17,17,17
37,17,17,17
3,64,64,64
72,43,43,43
63,97,97,97
46,46,21,46
75,75,74,75
90,90,85,90
26,26,74,26
60,60,90,60
49,49,17,49
50,50,36,50
15,17,17,17
2,64,64,64
78,78,26,78
94,94,57,94
86,87,87,87
25,5,5,5
11,43,43,43
13,90,90,90
4,4,15,4
40,78,78,78
47,47,52,47
44,44,30,30
90,90,60,90
95,95,30,95
78,5,5,5
7,7,6,7
78,26,26,26
39,39,22,39
40,15,15,15
69,76,76,76
72,3,3,3
64,38,38,38
47,96,96,96
60,60,68,60
78,86,86,86
36,36,32,65
75,75,25,75
36,36,5,36
82,82,62,82
88,88,42,88
38,27,27,91
36,63,63,63
81,55,55,55
72,77,77,77
50,50,40,40
2,84,84,84
52,52,96,52
68,68,42,68
44,99,99,99
6,6,56,6
53,0,0,0
56,56,56,56
32,80,80,80
46,64,64,64
34,34,6,34
83,83,14,83
74,4,4,3
19,31,31,31
43,43,34,43
77,77,14,77
87,87,94,87
26,26,6,26
63,63,93,63
5,71,71,71
79,6,6,6
85,89,89,89
38,19,19,19
80,31,31,31
59,59,59,59
5,36,36,36
73,73,95,73
32,32,93,32
15,15,64,64
24,24,18,24
93,77,77,77
2,2,11,2
88,88,63,50
49,49,76,49
11,11,2,11
38,38,37,38
62,62,92,62
7,7,79,7
6,6,54,6
61,61,61,61
27,5,5,5
5,5,81,81
41,41,11,41
37,25,25,25
10,84,84,84
43,43,64,43
69,23,23,23
21,21,63,21
73,73,95,73
68,68,25,68
88,88,42,88
10,53,53,53
65,77,77,77
4,74,74,42
47,96,96,96
59,59,47,47
20,20,96,20
35,83,83,83
2,70,70,70
88,88,79,88
83,83,45,83
72,79,79,79
4,26,26,26
3,50,50,50
60,60,68,60
82,82,56,82
61,61,25,61
68,68,96,68
92,82,82,82
22,92,92,92
84,5,5,5
87,87,94,87
32,67,67,67
91,91,32,91
38,38,27,27
36,36,1,36
9,9,9,9
63,63,93,63
57,83,83,83
50,50,74,50
97,64,64,64
27,96,96,96
34,55,55,55
69,37,37,37
1,32,32,32
82,82,62,82
13,37,37,37
84,21,21,21
15,15,37,15
97,97,21,21
22,22,26,26
27,33,33,33
18,18,14,18
79,79,6,79
98,98,86,98
74,4,4,4
97,97,50,97
13,85,85,85
78,66,66,66
88,96,96,96
98,35,35,35
78,44,44,44
5,91,91,91
4,4,63,63
17,17,49,49
60,60,68,60
44,44,79,44
69,15,15,15
53,53,83,53
37,13,13,13
82,82,82,82
44,44,7,44
3,21,21,21
24,7,7,7
27,99,99,99
6,6,9,9
38,74,74,74
35,46,46,46
21,21,35,21
0,0,92,0
16,86,86,86
84,84,79,84
11,98,98,98
41,37,37,37
98,25,25,25
89,89,90,89
99,99,44,44
31,31,3,31
46,11,11,11
68,68,33,68
47,47,47,47
47,96,96,96
11,35,35,35
95,95,74,95
70,92,92,92
23,23,74,23
58,58,58,58
50,97,97,97
27,38,38,38
8,8,79,79
47,52,52,52
27,27,81,85
3,32,32,32
68,68,60,68
53,53,62,53
34,98,98,98
68,68,33,68
96,17,17,17
53,83,83,83
19,9,9,9
70,83,83,83
21,21,35,21
90,58,58,58
11,36,36,36
21,21,3,21
4,42,42,42
1,1,36,1
53,39,39,39
29,77,77,77
93,29,29,29
14,80,80,80
91,91,91,91
71,71,49,23
88,42,42,42
98,98,11,98
89,89,32,32
27,27,23,27
71,60,60,60
64,50,50,50
94,94,20,94
61,99,99,99
20,75,75,75
83,83,70,83
3,31,31,31
38,74,74,74
99,99,39,99
5,85,85,85
11,11,2,11
84,84,5,5
88,98,98,98
6,6,24,6
67,67,14,67
5,39,39,39
31,31,89,31
65,64,64,64
59,96,96,96
30,30,30,30
97,97,64,97
64,35,35,35
46,35,35,35
22,22,87,22
51,50,50,50
25,25,36,25
18,44,44,44
78,78,26,78
56,96,96,96
88,6,6,6
24,24,24,24
5,5,18,5
22,94,94,94
15,15,25,25
67,73,73,73
15,15,40,15
2,35,35,35
60,23,23,23
41,41,41,41
11,64,64,64
70,70,92,70
76,17,17,17
81,89,89,89
89,26,26,26
24,41,41,41
30,73,73,73
50,50,43,50
0,0,92,0
75,75,85,75
63,65,65,79
9,78,78,78
36,36,47,36
20,20,20,20
7,7,24,24
74,66,66,66
24,24,24,24
73,73,67,73
32,67,67,67
35,98,98,53
82,82,62,82
87,87,28,87
31,31,52,31
14,14,33,14
73,23,23,23
47,96,96,96
65,61,61,61
77,50,50,4
51,11,11,11
61,61,22,22
30,30,91,30
32,46,46,46
66,37,37,36
29,29,29,29
97,38,38,38
16,16,86,16
0,0,2,0
82,82,24,82
43,88,88,88
23,81,81,81
89,89,13,13
9,44,44,44
16,94,94,94
68,68,12,68
2,2,35,2
45,10,10,10
44,63,63,63
23,71,71,71
38,38,44,44
56,40,40,40
40,40,86,40
35,98,98,98
73,79,79,79
0,0,0,0
88,11,11,11
23,49,49,49
7,7,83,7
42,63,63,63
77,84,84,84
9,98,98,98
35,98,98,98
96,96,18,96
83,92,92,92
94,94,16,94
3,3,64,3
90,90,68,90
75,66,66,66
38,38,77,38
14,37,37,37
71,60,60,60
36,35,35,72
3,19,19,19
78,18,18,18
21,21,4,21
13,81,81,81
48,25,25,25
83,83,0,83
50,24,24,24
79,79,65,65
55,56,56,56
33,33,29,31
21,21,64,21
60,60,60,60
8,8,46,8
84,84,33,84
92,54,54,54
6,84,84,97
51,88,88,88
25,87,87,87
27,55,55,55
86,86,20,86
27,44,44,44
8,15,15,15
21,3,3,3
12,12,25,12
44,44,26,44
75,66,66,66
27,84,84,84
50,97,97,97
80,80,65,80
54,6,6,6
94,94,16,94
48,13,13,13
41,41,41,41
53,53,53,53
14,22,22,22
55,55,30,55
53,62,62,62
12,12,81,12
7,7,74,74
46,43,43,43
95,95,73,95
38,38,80,38
67,73,73,73
0,0,0,0
72,72,55,72
11,11,35,11
27,25,25,10
1,50,50,50
73,73,30,30
25,90,90,90
47,47,96,47
42,97,97,97
75,75,27,75
81,81,89,81
69,77,77,77
10,78,78,78
24,7,7,7
87,1,1,1
35,2,2,2
69,69,72,69
86,39,39,39
59,37,37,37
84,36,36,36
63,42,42,42
86,32,32,32
23,33,33,33
82,82,82,82
14,14,14,14
10,61,61,61
26,97,97,97
62,54,54,54
6,98,98,98
10,5,5,5
17,17,37,17
76,76,18,76
56,84,84,9
63,63,74,63
85,85,13,85
99,99,78,99
64,14,14,14
7,7,24,24
42,42,34,42
24,24,7,24
13,20,20,20
6,82,82,82
37,37,13,37
16,16,10,16
33,60,60,17
48,48,92,48
44,99,99,99
80,63,63,63
19,19,41,19
82,82,62,82
46,21,21,21
33,33,89,33
31,31,89,31
86,86,65,86
59,23,23,23
3,3,55,3
9,9,9,9
57,57,36,57
54,28,28,28
43,43,51,43
35,11,11,11
93,93,64,93
62,62,70,62
88,88,78,88
64,93,93,50
78,78,75,78
45,70,70,70
36,42,42,29
1,1,49,1
43,43,51,43
34,1,1,1
71,71,60,71
87,84,84,84
39,23,23,33
18,18,83,18
57,98,98,98
67,67,73,67
4,4,64,63
73,73,39,39
41,41,87,41
76,76,98,98
73,72,72,72
43,43,4,4
94,94,96,94
25,76,76,76
63,32,32,32
71,71,23,71
15,15,85,15
52,59,59,59
38,38,65,38
30,30,18,30
64,50,50,50
30,30,73,30
23,71,71,71
35,35,98,35
74,74,38,74
36,36,1,36
76,76,76,76
96,96,47,47
17,85,85,85
31,43,43,43
76,76,17,76
88,1,1,1
3,3,63,3
63,63,36,63
2,2,11,2
77,77,19,77
49,49,29,49
92,70,70,70
17,96,96,96
80,66,66,50
89,89,88,88
3,3,47,3
88,88,43,88
26,26,77,26
41,41,41,41
79,79,38,79
32,95,95,95
62,14,14,14
55,44,44,44
20,20,5,20
98,50,50,50
26,26,45,26
17,17,76,17
1,1,73,1
32,50,50,50
43,50,50,50
85,56,56,56
72,85,85,85
59,59,96,59
24,24,24,24
13,2,2,2
31,51,51,51
14,14,54,14
42,42,78,42
40,85,85,85
33,31,31,31
20,20,25,20
68,68,49,68
23,73,73,73
62,62,14,62
24,24,24,24
55,65,65,25
10,78,78,78
22,61,61,61
70,47,47,47
79,79,46,79
73,73,30,73
45,45,6,45
84,25,25,25
9,9,79,9
70,92,92,92
96,52,52,52
97,97,63,97
33,33,49,33
67,73,73,73
21,48,48,8
90,59,59,59
62,82,82,82
57,86,86,86
25,25,25,25
54,54,39,39
69,30,30,30
40,11,11,11
41,14,14,18
93,89,89,89
9,9,81,9
83,45,45,45
7,79,79,79
25,26,26,26
13,58,58,58
90,90,58,90
16,16,84,84
12,85,85,85
48,48,48,48
50,50,35,50
37,37,81,37
49,49,37,37
60,60,17,60
36,32,32,32
37,68,68,68
39,39,33,33
65,23,23,23
91,91,73,91
70,58,58,58
90,90,89,90
99,67,67,67
10,61,61,61
4,74,74,74
21,86,86,86
48,48,8,48
36,36,64,36
31,29,29,29
66,66,74,74
5,45,45,45
92,43,43,43
93,27,27,27
60,25,25,25
50,66,66,66
93,74,74,74
28,83,83,83
49,49,37,37
32,35,35,35
79,79,9,79
98,98,56,98
86,86,86,86
30,30,99,30
64,2,2,2
18,84,84,84
44,91,91,91
13,13,81,13
99,30,30,30
27,27,44,27
69,9,9,9
87,87,84,87
6,11,11,11
22,39,39,39
50,50,36,50
90,13,13,13
71,71,12,12
20,83,83,83
91,91,1,91
90,90,13,90
71,71,60,71
49,49,96,49
42,42,56,42
57,96,96,96
20,20,20,20
63,63,80,63
67,67,73,67
12,73,73,73
91,91,26,91
39,39,8,39
20,7,7,7
73,73,91,73
52,47,47,47
69,69,9,69
56,56,47,56
10,28,28,28
51,84,84,84
44,57,57,57
62,70,70,70
62,83,83,83
43,43,51,43
30,30,55,30
6,6,82,6
99,22,22,22
35,64,64,65
79,79,65,79
35,98,98,98
9,11,11,11
20,20,95,20
79,26,26,26
15,17,17,17
87,87,87,87
37,37,96,37
20,77,77,77
60,60,60,60
33,33,96,33
67,73,73,73
92,54,54,70
73,96,96,96
88,88,81,88
38,80,80,18
90,90,17,90
70,70,26,26
77,98,98,40
84,26,26,26
16,81,81,81
18,29,29,29
80,80,51,80
51,14,14,14
42,42,66,42
68,68,68,68
18,55,55,55
24,7,7,7
19,27,27,27
6,37,37,37
57,54,54,45
21,55,55,55
42,42,8,42
39,39,13,39
10,10,93,10
20,20,84,20
9,87,87,87
4,3,3,3
51,51,70,51
1,82,82,82
14,5,5,5
53,53,83,53
7,63,63,63
60,60,33,60
53,53,53,53
90,81,81,81
43,43,57,43
62,62,92,62
38,70,70,70
76,76,76,76
84,84,40,84
46,97,97,97
32,32,89,32
54,92,92,92
34,34,43,43
29,45,45,45
65,86,86,86
72,55,55,55
65,65,32,65
10,22,22,78
25,25,58,25
7,83,83,83
48,48,62,48
90,90,81,90
94,94,86,94
42,63,63,31
4,4,50,4
55,33,33,33
99,74,74,74
68,68,12,68
6,6,79,6
24,50,50,50
82,82,6,82
43,42,42,42
71,71,23,71
31,31,38,31
75,96,96,96
26,45,45,45
49,49,12,49
98,98,35,98
25,25,63,25
62,92,92,92
73,50,50,50
2,35,35,35
81,90,90,90
99,99,99,99
11,11,46,11
31,85,85,85
82,82,62,82
56,79,79,63
3,63,63,63
88,42,42,27
62,62,54,62
8,8,42,8
73,93,93,93
20,20,42,20
44,68,68,68
80,14,14,14
89,89,6,89
0,83,83,83
23,23,20,23
16,16,83,16
96,96,85,96
24,24,7,7
26,45,45,45
93,97,97,97
6,24,24,24
53,53,62,53
93,37,37,37
19,52,52,52
49,49,96,49
11,2,2,2
45,88,88,88
27,5,5,5
26,64,64,64
82,82,53,82
84,25,25,25
28,2,2,2
1,1,93,1
56,56,84,84
26,79,79,79
57,57,6,57
60,60,96,60
18,86,86,86
55,5,5,5
71,71,23,71
56,56,56,56
47,52,52,52
21,21,4,21
36,78,78,78
9,9,45,9
41,41,63,41
24,24,24,24
75,75,78,75
5,5,25,25
32,32,92,32
12,12,60,12
57,57,15,57
84,84,10,84
76,76,76,76
65,42,42,42
12,12,71,12
21,3,3,19
23,68,68,68
76,76,76,76
29,29,29,29
57,0,0,0
75,75,66,75
32,32,32,32
25,16,16,16
96,47,47,47
56,56,59,56
49,49,23,49
8,37,37,37
19,3,3,3
98,95,95,95
39,39,18,39
71,71,68,71
46,46,98,46
3,19,19,77
41,65,65,65
64,50,50,50
37,60,60,60
8,8,81,8
13,13,90,13
99,99,53,99
31,78,78,78
35,98,98,98
52,52,96,52
73,77,77,77
89,26,26,26
2,2,84,84
54,14,14,14
97,64,64,38
73,73,71,73
95,95,12,12
1,93,93,25
12,27,27,27
0,57,57,57
51,64,64,64
23,23,60,23
73,73,30,73
72,27,27,27
83,83,53,83
74,50,50,50
1,1,1,1
12,12,13,12
38,38,35,38
51,33,33,33
29,37,37,37
77,51,51,51
44,44,99,44
18,84,84,40
10,22,22,22
16,8,8,8
43,17,17,17
0,0,62,0
7,24,24,24
70,62,62,62
17,17,37,17
3,27,27,27
6,80,80,80
83,83,25,83
65,3,3,3
0,0,70,0
46,32,32,32
85,85,40,40
62,62,82,62
18,18,59,18
81,37,37,37
40,59,59,59
48,48,48,48
4,89,89,89
2,8,8,8
21,21,86,21
24,6,6,6
95,95,95,95
53,53,1,53
89,84,84,84
50,65,65,46
35,11,11,11
98,35,35,35
32,12,12,12
58,58,27,58
97,97,50,50
56,56,59,56
78,22,22,22
60,60,68,68
79,79,7,79
84,16,16,2
28,28,28,28
46,35,35,35
90,90,90,90
43,42,42,42
9,9,83,9
42,80,80,80
84,84,9,9
59,56,56,56
27,27,91,27
17,17,12,17
62,1,1,1
23,37,37,37
31,52,52,52
11,11,98,11
48,48,81,48
82,92,92,92
87,76,76,76
28,20,20,20
14,14,18,18
99,78,78,78
13,13,81,13
66,64,64,64
35,35,21,11
42,80,80,80
20,20,24,20
2,98,98,98
16,16,61,16
68,12,12,12
23,23,39,23
93,24,24,24
79,96,96,96
87,87,87,87
41,41,41,41
2,22,22,22
96,8,8,8
39,39,57,39
49,49,33,49
57,14,14,14
96,52,52,52
12,12,59,12
38,38,15,38
65,38,38,38
39,42,42,42
93,73,73,73
83,83,62,62
32,1,1,1
19,65,65,65
8,8,39,8
53,53,53,53
69,69,76,69
72,67,67,67
23,23,61,23
29,29,75,29
43,43,4,43
88,19,19,19
11,11,2,11
96,96,33,96
62,62,6,62
54,54,79,54
2,32,32,32
73,73,91,73
34,34,34,34
48,48,54,48
34,34,44,34
34,34,48,34
94,94,86,94
88,88,4,88
67,33,33,33
71,71,60,71
97,38,38,38
7,7,24,7
35,2,2,2
77,11,11,11
95,73,73,73
44,86,86,86
45,5,5,5
27,27,44,27
80,80,38,80
84,84,50,84
99,99,78,78
52,96,96,96
92,62,62,62
70,51,51,51
16,16,18,16
88,97,97,97
25,25,32,25
58,58,89,58
79,79,77,79
54,78,78,78
73,73,67,73
50,36,36,36
47,47,52,47
51,5,5,5
78,52,52,52
26,45,45,45
50,63,63,25
17,68,68,68
86,75,75,85
72,32,32,32
87,37,37,37
34,77,77,4
47,52,52,52
25,84,84,84
72,27,27,27
29,29,15,29
95,73,73,73
86,94,94,94
92,62,62,62
78,4,4,4
3,3,21,3
28,28,51,28
58,58,13,58
66,65,65,65
78,9,9,9
38,37,37,37
22,78,78,78
66,66,97,66
95,95,95,95
45,93,93,93
97,97,80,97
65,91,91,91
54,64,64,64
71,12,12,12
70,44,44,44
80,78,78,78
85,85,55,85
28,40,40,40
41,41,41,41
71,71,23,71
64,77,77,77
75,75,64,64
90,37,37,37
7,7,24,24
37,19,19,19
23,23,30,23
54,2,2,2
84,43,43,43
86,11,11,11
8,79,79,79
22,22,61,22
51,51,87,51
75,75,64,64
26,26,45,26
11,36,36,36
3,13,13,13
46,2,2,35
64,59,59,59
92,92,70,92
55,80,80,18
39,78,78,78
66,64,64,64
86,86,7,86
85,85,59,85
0,0,7,0
8,78,78,78
27,44,44,44
57,57,4,57
13,81,81,81
94,94,87,94
40,25,25,25
61,61,22,61
94,94,84,94
17,17,25,17
11,32,32,32
1,91,91,91
4,65,65,65
49,49,76,49
77,77,77,77
0,0,0,0
1,93,93,93
80,65,65,65
48,48,78,48
39,81,81,81
55,55,48,48
38,63,63,33
12,12,76,12
35,24,24,24
12,12,55,12
78,14,14,14
87,70,70,70
11,2,2,2
0,0,0,0
95,95,30,95
90,90,90,90
10,10,93,10
88,43,43,43
10,10,94,94
97,97,64,97
48,58,58,58
63,63,4,63
51,51,19,51
52,59,59,59
47,96,96,96
85,37,37,37
69,73,73,73
65,85,85,85
81,65,65,65
30,73,73,73
51,51,40,51
69,69,49,69
28,61,61,61
4,50,50,50
31,33,33,33
97,97,64,97
48,7,7,7
64,64,36,64
80,80,63,63
0,0,53,0
0,0,83,83
5,25,25,25
45,79,79,79
13,81,81,81
90,37,37,37
85,85,20,20
56,56,85,56
51,4,4,4
34,50,50,5
44,44,79,44
91,91,44,91
85,85,27,85
56,56,29,56
10,84,84,84
46,46,56,46
93,93,72,72
77,77,80,77
81,81,13,81
82,82,82,82
18,44,44,44
66,50,50,50
56,47,47,47
49,49,96,49
0,0,83,0
70,70,1,70
63,63,66,63
99,99,78,99
14,56,56,56
5,5,20,5
26,26,45,26
24,79,79,79
86,86,25,86
64,44,44,44
55,24,24,24
1,1,93,1
94,94,94,94
74,74,78,74
6,6,54,6
25,25,22,25
52,47,47,47
90,37,37,37
5,84,84,84
40,40,9,40
41,41,41,41
49,73,73,73
76,76,9,76
19,19,75,19
44,81,81,81
49,49,90,49
57,83,83,83
85,97,97,97
63,63,64,64
91,91,91,91
63,63,74,63
94,94,0,94
55,87,87,87
59,59,52,59
21,21,72,21
59,17,17,17
47,47,52,47
31,84,84,84
60,60,68,60
44,78,78,78
25,25,58,25
11,28,28,28
97,26,26,26
96,52,52,52
3,63,63,63
46,98,98,98
85,85,31,85
56,56,84,56
34,14,14,14
50,21,21,21
41,41,89,41
87,87,13,87
38,38,84,88
83,83,10,83
45,56,56,56
77,77,6,77
15,15,64,15
47,47,96,47
68,68,68,68
46,46,98,46
87,25,25,25
61,61,22,22
69,95,95,95
49,49,68,49
86,86,40,86
89,19,19,19
36,36,92,92
59,59,96,59
67,67,73,67
54,84,84,84
72,72,7,72
3,66,66,66
62,62,26,62
60,96,96,96
97,97,66,97
40,40,76,40
69,69,69,69
4,4,25,4
94,94,53,94
65,38,38,38
39,39,83,39
87,87,25,87
48,48,8,48
93,59,59,59
38,77,77,77
67,73,73,73
26,50,50,50
1,4,4,4
10,69,69,69
41,41,14,41
47,47,96,47
78,99,99,99
87,94,94,94
13,13,58,13
11,35,35,35
57,57,57,57
45,80,80,80
39,39,67,39
8,8,8,8
55,55,63,80
21,31,31,31
65,25,25,25
97,97,38,97
90,60,60,60
98,8,8,8
63,74,74,74
78,26,26,26
44,44,74,44
44,26,26,26
15,25,25,25
53,36,36,36
97,67,67,67
13,37,37,37
9,65,65,65
75,75,41,75
73,73,69,73
84,64,64,64
84,73,73,73
48,72,72,3
12,85,85,85
25,25,81,25
7,7,78,7
90,85,85,85
7,7,79,7
55,31,31,31
90,8,8,8
86,87,87,87
67,67,10,67
54,54,92,54
77,84,84,84
60,60,60,60
9,9,53,9
54,54,79,54
34,93,93,93
68,68,38,68
25,25,10,25
71,71,23,71
20,20,20,20
89,90,90,90
24,26,26,26
84,65,65,65
4,50,50,79
59,59,47,47
26,54,54,54
18,18,78,18
37,31,31,31
98,35,35,35
64,43,43,3
74,8,8,8
94,94,84,94
5,5,2,5
43,56,56,56
97,97,66,97
23,23,73,23
93,93,73,73
15,33,33,33
17,17,37,17
1,1,70,1
58,81,81,81
31,38,38,27
8,91,91,91
45,74,74,68
28,28,98,28
23,23,73,23
19,19,19,19
88,50,50,50
87,87,13,87
82,82,82,82
26,36,36,36
33,33,66,33
63,8,8,8
16,83,83,83
13,13,32,13
91,32,32,32
76,76,94,76
76,96,96,96
38,50,50,50
10,35,35,35
70,92,92,92
17,17,96,17
78,78,21,78
56,79,79,79
75,75,85,75
57,96,96,96
79,65,65,65
90,59,59,59
38,97,97,45
51,51,70,51
27,31,31,31
71,71,73,71
96,96,79,96
6,6,24,6
40,40,84,40
51,88,88,88
47,96,96,96
37,37,17,37
41,41,41,41
66,64,64,64
67,67,23,67
41,41,90,41
82,82,82,82
14,14,41,14
23,71,71,71
6,6,14,6
98,98,35,98
11,21,21,21
7,7,18,7
65,74,74,74
64,64,63,64
40,0,0,0
15,36,36,36
1,58,58,58
29,29,20,29
38,21,21,21
75,75,19,75
40,40,50,22
31,52,52,52
60,60,96,60
79,78,78,78
63,63,93,63
6,6,82,6
36,66,66,66
31,31,51,51
21,21,35,21
52,47,47,47
71,71,60,71
1,1,47,1
61,10,10,10
34,43,43,43
34,80,80,80
77,77,19,77
35,2,2,2
37,76,76,76
7,74,74,74
70,70,47,70
20,20,20,20
93,93,29,93
41,58,58,58
92,0,0,0
87,87,90,87
46,32,32,32
30,30,95,30
30,93,93,93
46,35,35,35
85,85,58,85
32,32,55,32
14,14,73,73
51,51,75,51
24,24,7,24
5,23,23,23
49,49,71,49
61,46,46,46
89,58,58,58
48,48,7,48
98,9,9,9
7,7,77,7
94,94,98,94
37,89,89,89
94,92,92,92
94,87,87,87
52,52,59,59
11,11,46,46
61,61,86,61
41,85,85,85
50,50,88,50
84,84,74,84
76,95,95,95
18,55,55,55
64,35,35,35
80,94,94,94
62,62,82,62
11,35,35,21
41,41,40,41
69,69,56,69
34,97,97,97
2,11,11,11
45,63,63,63
62,62,0,62
87,94,94,94
99,65,65,50
45,45,29,45
2,35,35,35
27,27,4,27
91,91,15,15
19,19,74,74
56,56,59,56
20,20,20,20
92,83,83,83
54,58,58,1
75,75,75,75
9,59,59,59
83,57,57,57
27,74,74,74
95,95,73,95
49,1,1,1
14,79,79,79
2,46,46,46
43,43,26,43
96,96,60,96
95,95,69,95
66,50,50,50
81,46,46,98
9,9,57,9
44,33,33,33
99,99,44,99
87,87,37,37
79,7,7,7
11,45,45,45
59,37,37,37
18,44,44,44
62,67,67,67
96,96,52,96
94,20,20,20
49,49,49,49
47,51,51,51
72,2,2,98
26,78,78,78
71,71,68,71
76,76,65,76
21,21,58,21
81,81,90,81
30,30,93,30
99,78,78,78
64,64,63,64
92,83,83,83
0,0,10,0
6,44,44,44
74,50,50,50
82,82,82,82
13,23,23,23
69,69,12,69
8,8,96,8
3,3,19,3
74,50,50,50
89,89,57,57
11,98,98,98
16,25,25,25
92,70,70,70
79,18,18,18
86,86,66,86
72,3,3,3
95,95,24,95
38,97,97,97
42,29,29,29
65,65,32,65
61,16,16,16
68,68,71,68
17,17,25,17
41,85,85,85
49,49,90,49
20,20,20,20
4,33,33,33
75,75,44,44
48,48,70,48
13,13,58,13
60,60,68,60
67,64,64,64
62,62,92,62
17,17,43,17
37,2,2,2
32,80,80,80
59,59,58,59
59,59,17,59
38,38,65,38
70,47,47,47
79,79,8,79
11,46,46,46
49,49,47,49
44,91,91,91
0,0,83,0
26,50,50,6
45,91,91,91
48,48,48,48
1,1,26,1
33,60,60,60
57,79,79,79
10,78,78,78
37,81,81,81
97,97,42,97
44,78,78,78
43,43,36,43
63,74,74,74
55,91,91,25
37,13,13,13
20,20,84,20
49,91,91,91
19,48,48,48
16,16,94,94
26,78,78,98
21,21,31,21
79,79,67,79
40,40,40,40
68,68,71,68
74,31,31,31
95,67,67,67
46,11,11,11
94,94,51,94
68,68,76,68
13,58,58,58
22,93,93,93
83,62,62,62
46,63,63,63
74,88,88,88
35,35,2,35
60,25,25,87
11,46,46,46
21,21,78,21
34,6,6,6
39,39,72,39
65,64,64,64
13,59,59,59
20,20,20,20
21,21,80,21
99,14,14,14
68,68,60,68
88,8,8,79
93,52,52,52
49,49,60,49
69,69,40,69
17,17,76,17
55,79,79,79
81,58,58,58
63,79,79,79
14,31,31,31
73,44,44,44
17,17,37,17
13,13,58,58
95,95,30,95
99,94,94,94
61,66,66,66
24,24,24,24
22,87,87,87
23,23,39,23
94,94,86,94
33,33,49,33
90,90,89,90
8,8,48,8
68,68,60,68
52,52,47,52
20,20,20,20
64,63,63,63
54,54,92,54
53,53,53,53
3,78,78,78
4,4,96,4
88,38,38,38
53,53,57,53
27,65,65,38
5,10,10,13
47,47,96,47
97,97,55,55
5,5,54,5
35,35,2,35
71,71,60,71
54,51,51,51
54,54,54,54
17,17,43,17
56,47,47,47
54,54,92,92
15,15,38,15
69,69,23,69
65,80,80,42
24,24,7,24
42,88,88,88
8,8,97,8
72,5,5,5
77,2,2,2
75,75,7,7
66,66,11,64
93,30,30,30
94,94,94,94
27,27,91,91
98,35,35,35
75,97,97,97
44,23,23,23
37,37,96,37
8,33,33,33
10,10,5,5
84,31,31,31
72,77,77,77
34,50,50,50
37,37,91,37
2,2,1,2
86,86,50,86
20,20,20,20
90,49,49,49
49,49,37,49
95,30,30,30
29,24,24,24
34,34,44,44
46,16,16,16
43,55,55,55
72,38,38,65
18,18,44,18
51,51,37,51
87,87,16,87
18,38,38,38
41,7,7,7
93,44,44,44
72,45,45,44
95,73,73,73
19,19,75,19
34,50,50,50
42,44,44,29
79,31,31,31
79,79,26,79
17,37,37,37
73,73,67,73
97,86,86,86
45,63,63,63
97,38,38,38
29,89,89,89
86,74,74,74
29,74,74,74
0,0,0,0
19,74,74,74
12,12,8,12
91,27,27,27
75,58,58,93
97,50,50,50
50,7,7,7
13,13,25,13
61,0,0,0
74,74,34,50
85,85,58,85
29,73,73,73
67,32,32,32
50,66,66,40
43,38,38,38
50,50,63,50
3,4,4,4
25,25,65,25
13,13,81,13
50,50,24,50
56,56,96,56
60,60,33,60
30,7,7,7
61,10,10,10
34,34,36,34
84,10,10,10
1,1,70,1
58,41,41,41
35,54,54,54
4,84,84,84
77,7,7,7
42,42,34,42
22,78,78,26
87,85,85,85
38,38,8,8
11,46,46,46
9,9,73,9
32,67,67,67
12,37,37,37
50,50,61,61
8,41,41,41
96,96,49,96
61,61,36,61
9,65,65,65
43,88,88,88
9,9,9,9
58,58,13,58
92,92,70,92
32,32,46,46
32,32,54,32
25,5,5,45
0,0,0,0
34,65,65,65
75,75,93,75
68,65,65,65
27,60,60,60
15,64,64,65
0,53,53,53
38,64,64,64
10,25,25,25
3,42,42,42
44,97,97,97
30,67,67,67
43,89,89,89
59,64,64,97
50,65,65,65
40,28,28,97
67,67,1,67
76,8,8,8
49,49,47,49
98,37,37,37
57,57,0,57
16,16,10,16
56,56,59,56
84,88,88,88
75,75,27,75
50,50,42,50
90,81,81,81
10,10,53,10
83,9,9,9
22,91,91,91
59,59,56,59
93,73,73,73
36,11,11,11
51,51,26,51
6,6,1,6
74,68,68,68
82,82,82,82
1,1,90,1
97,65,65,65
12,12,81,65
79,59,59,59
49,49,37,37
94,16,16,16
39,39,25,39
25,94,94,94
98,98,87,98
10,3,3,3
58,89,89,89
79,56,56,56
54,5,5,39
64,37,37,37
1,66,66,66
24,24,24,24
46,46,11,46
51,77,77,77
45,25,25,25
70,54,54,54
29,74,74,74
96,96,81,96
2,2,11,2
7,24,24,24
95,73,73,73
27,27,18,27
83,83,53,83
89,89,17,89
7,77,77,77
52,68,68,68
24,24,82,24
49,49,23,23
5,5,84,5
80,80,65,80
53,53,77,53
75,75,3,75
55,31,31,31
14,75,75,75
15,59,59,59
69,69,12,69
51,84,84,84
24,24,74,24
19,55,55,55
2,2,35,2
68,68,49,68
24,24,7,24
75,75,66,75
75,75,85,75
41,41,41,41
13,41,41,41
44,75,75,75
41,89,89,89
31,31,74,63
74,51,51,51
18,18,79,18
43,43,36,43
0,0,32,0
13,45,45,45
15,19,19,19
7,73,73,73
17,17,96,17
83,18,18,18
92,54,54,8
79,79,80,79
34,34,88,88
74,74,50,74
86,86,86,86
20,20,5,20
50,50,74,50
72,72,3,3
14,14,83,14
86,22,22,22
88,88,84,88
98,26,26,26
4,24,24,24
77,79,79,79
1,1,1,1
79,79,51,79
12,12,25,12
87,87,75,87
78,18,18,18
65,65,46,65
1,1,70,1
59,52,52,52
48,48,45,48
83,83,48,83
58,58,20,58
13,85,85,85
56,96,96,96
94,94,57,94
50,50,74,74
13,13,58,13
55,44,44,44
97,64,64,64
10,10,43,10
7,7,75,7
21,3,3,3
19,14,14,14
22,22,78,22
54,77,77,77
75,75,64,75
75,75,19,75
27,73,73,73
5,26,26,26
75,75,72,75
6,6,89,6
75,75,85,75
35,11,11,11
19,19,42,42
79,8,8,78
48,48,89,48
18,18,55,18
12,12,49,71
32,8,8,8
3,72,72,27
60,60,25,60
65,51,51,51
85,12,12,12
77,98,98,98
43,43,51,43
65,15,15,15
85,85,12,12
96,96,52,96
98,9,9,9
66,66,21,21
62,62,70,62
73,93,93,93
83,78,78,93
65,80,80,80
58,58,90,58
12,60,60,60
19,8,8,8
38,90,90,90
27,37,37,37
81,81,13,81
21,21,43,21
29,29,29,29
51,15,15,15
58,58,90,58
88,42,42,42
89,72,72,72
5,25,25,25
15,57,57,57
10,10,0,10
37,58,58,58
95,95,73,95
50,65,65,65
30,30,69,30
74,25,25,25
98,35,35,35
33,33,59,33
40,40,51,40
50,51,51,51
52,47,47,47
14,14,6,14
63,3,3,3
72,63,63,63
53,53,53,53
91,91,91,91
81,81,81,81
73,90,90,90
16,25,25,25
32,25,25,25
90,27,27,27
33,33,67,33
52,52,47,52
41,41,14,41
11,46,46,46
38,65,65,65
14,74,74,74
56,56,84,56
43,97,97,97
80,66,66,6
65,38,38,38
46,46,98,46
92,92,54,92
52,52,47,52
75,75,75,75
78,78,48,48
60,60,68,60
70,70,61,70
36,88,88,88
19,69,69,69
2,11,11,11
8,31,31,63
61,61,10,61
55,15,15,15
24,24,7,24
47,26,26,26
30,73,73,73
70,70,92,70
25,25,5,25
7,81,81,81
28,65,65,65
67,72,72,72
53,53,53,53
28,72,72,69
11,36,36,36
54,54,6,54
74,74,38,38
66,66,31,66
41,41,41,41
4,4,4,4
95,95,73,95
47,47,52,47
52,52,96,52
59,96,96,33
68,68,90,68
21,21,13,21
13,25,25,25
62,92,92,92
58,58,89,58
92,57,57,57
18,18,14,18
24,24,50,24
30,30,38,30
78,39,39,39
14,32,32,32
86,86,86,86
78,27,27,27
76,76,59,76
68,68,71,68
56,4,4,4
70,70,70,70
31,93,93,93
97,97,64,97
72,56,56,56
7,79,79,79
84,56,56,79
43,84,84,19
61,61,10,61
33,33,96,33
42,42,50,8
89,89,20,89
42,42,96,42
38,50,50,50
92,57,57,57
24,93,93,93
49,49,60,49
7,7,74,7
52,52,59,52
66,97,97,97
99,99,99,99
96,96,90,37
34,74,74,74
14,38,38,38
11,11,46,11
92,92,54,92
29,29,15,29
4,4,26,4
3,3,21,21
55,78,78,78
61,61,10,61
90,90,77,77
94,94,33,94
29,29,47,47
90,5,5,5
43,64,64,64
21,21,35,35
66,66,97,66
57,83,83,83
25,5,5,5
37,37,17,37
0,0,10,0
1,1,70,1
56,56,28,56
30,67,67,67
80,80,72,80
93,27,27,27
8,61,61,61
23,50,50,91
98,78,78,78
64,3,3,3
69,72,72,72
68,68,37,68
72,72,93,72
1,1,51,1
35,46,46,46
92,92,82,92
22,39,39,39
52,52,47,52
90,90,25,90
91,93,93,93
37,59,59,59
71,23,23,23
27,18,18,91
89,89,29,89
28,56,56,56
56,56,29,29
0,7,7,14
79,64,64,64
20,5,5,5
18,18,83,18
39,60,60,60
79,79,78,79
45,78,78,78
96,47,47,47
68,74,74,74
24,55,55,55
0,92,92,92
42,36,36,36
81,90,90,90
80,78,78,78
81,13,13,13
87,13,13,13
33,33,60,33
9,57,57,57
46,62,62,62
59,57,57,57
7,7,79,7
64,63,63,63
70,70,56,62
25,25,5,25
46,46,11,46
89,89,90,89
93,74,74,74
58,58,91,58
37,37,19,37
91,91,91,91
3,74,74,74
57,57,29,57
75,75,98,75
5,25,25,25
80,55,55,55
70,70,62,70
64,64,90,66
34,34,43,43
22,40,40,40
54,54,70,54
34,77,77,77
32,32,33,33
9,72,72,72
31,29,29,29
77,29,29,29
43,43,88,43
33,51,51,51
79,79,8,79
63,79,79,79
63,4,4,4
1,1,90,1
99,99,78,99
27,93,93,93
12,33,33,68
74,74,52,74
93,93,67,93
20,20,86,20
60,25,25,25
66,78,78,78
40,40,84,40
59,96,96,96
92,92,32,92
46,37,37,37
47,96,96,96
52,52,59,52
89,89,34,89
6,6,7,6
93,93,74,26
94,94,16,94
54,70,70,70
15,15,43,15
96,52,52,52
79,77,77,77
49,49,95,49
13,90,90,90
41,41,41,41
14,42,42,50
30,30,73,73
76,76,32,76
21,56,56,56
82,82,82,82
52,96,96,96
79,18,18,18
4,74,74,74
46,35,35,35
14,88,88,43
43,43,36,43
32,32,6,32
34,34,19,19
83,57,57,57
13,58,58,58
19,15,15,15
31,31,66,31
67,67,73,67
0,0,92,0
95,65,65,65
32,46,46,46
33,60,60,60
71,23,23,23
8,8,79,8
64,96,96,96
53,53,83,53
47,96,96,96
22,47,47,47
30,56,56,56
22,32,32,32
7,24,24,24
84,5,5,5
56,56,33,56
92,6,6,6
30,73,73,73
23,37,37,60
63,74,74,74
22,7,7,7
57,61,61,10
24,24,24,24
23,23,60,23
32,64,64,64
72,8,8,8
82,82,82,82
64,50,50,50
43,26,26,84
13,13,58,13
98,98,35,98
26,26,51,26
55,4,4,4
83,83,0,83
12,12,37,12
76,76,59,76
47,47,96,47
24,24,24,24
92,92,62,62
40,30,30,30
86,86,20,86
39,39,61,39
31,31,52,52
37,33,33,33
71,71,60,71
39,51,51,51
72,93,93,93
87,3,3,3
17,17,52,17
13,17,17,17
39,39,32,39
35,35,2,35
54,61,61,61
88,43,43,43
1,26,26,26
61,99,99,99
24,24,24,24
69,69,76,69
4,50,50,50
9,84,84,84
98,35,35,35
74,74,65,63
58,58,85,85
76,76,49,76
96,25,25,25
4,86,86,32
84,84,29,84
30,95,95,95
88,42,42,42
79,33,33,33
5,5,36,5
10,22,22,22
33,53,53,53
54,44,44,44
36,64,64,64
46,27,27,27
6,6,14,6
46,46,98,46
86,86,86,86
39,85,85,85
83,57,57,57
77,50,50,50
69,69,23,69
65,43,43,43
14,48,48,48
33,33,25,33
61,61,22,61
35,98,98,98
20,65,65,65
9,9,98,9
37,17,17,17
63,65,65,5
82,82,6,82
46,8,8,8
72,6,6,6
77,4,4,4
16,48,48,48
64,64,36,64
46,46,98,46
23,23,36,23
22,22,10,22
75,75,75,75
78,78,57,78
46,78,78,78
10,10,91,10
85,85,96,85
7,84,84,84
68,68,37,68
31,85,85,85
91,91,73,91
28,61,61,61
58,85,85,85
55,55,79,79
91,91,91,91
19,19,55,19
59,4,4,4
44,44,18,44
98,98,11,98
27,44,44,44
34,93,93,80
17,37,37,37
25,94,94,94
58,58,93,58
29,80,80,63
85,31,31,31
85,85,81,85
25,98,98,98
35,84,84,84
12,81,81,81
8,59,59,59
34,19,19,19
16,16,16,16
86,94,94,94
48,48,8,48
49,49,90,49
15,98,98,98
55,73,73,73
53,53,70,53
99,99,60,99
66,3,3,3
26,26,86,86
88,88,47,88
64,64,63,63
87,87,22,87
41,75,75,75
17,17,37,17
40,56,56,56
6,6,14,6
55,63,63,63
8,7,7,7
95,95,73,95
94,5,5,5
3,63,63,63
2,83,83,83
56,56,13,56
66,66,65,65
4,4,74,4
68,68,60,68
11,40,40,40
20,20,20,20
49,17,17,17
23,23,67,23
72,64,64,64
16,16,94,16
0,0,83,0
86,86,46,86
59,59,47,59
93,78,78,78
48,48,58,48
40,40,25,40
33,46,46,46
17,12,12,12
52,52,96,52
54,6,6,6
94,84,84,84
87,87,16,87
77,80,80,80
79,74,74,74
5,84,84,84
91,27,27,27
28,54,54,54
30,73,73,73
7,7,62,7
25,97,97,97
42,18,18,18
75,75,75,75
31,33,33,33
14,33,33,33
94,94,16,94
57,57,53,57
63,42,42,42
81,13,13,13
4,24,24,24
99,26,26,26
45,78,78,78
32,32,47,32
11,46,46,40
9,88,88,88
59,96,96,96
81,81,90,81
40,40,56,40
48,8,8,8
6,6,79,6
98,77,77,77
70,70,92,92
93,93,36,93
0,0,61,0
14,14,14,14
49,49,23,49
51,51,37,51
4,19,19,19
14,75,75,75
42,66,66,66
80,77,77,77
68,68,37,68
78,44,44,44
47,47,47,47
31,3,3,3
62,53,53,53
62,70,70,70
90,90,27,90
8,8,75,8
9,32,32,32
51,51,34,51
91,91,5,91
80,80,65,65
79,79,18,79
22,86,86,86
18,96,96,96
61,50,50,50
62,62,53,62
54,54,92,54
34,34,88,34
42,42,50,42
33,12,12,12
16,11,11,11
99,78,78,78
99,90,90,90
27,85,85,85
13,58,58,58
39,39,39,39
56,59,59,59
53,53,83,53
82,82,62,82
48,14,14,14
76,49,49,49
82,82,82,82
49,49,23,49
40,20,20,20
58,58,84,58
58,58,85,58
28,51,51,35
37,37,88,37
38,42,42,42
93,74,74,74
68,68,71,68
13,13,81,13
42,42,51,51
35,2,2,2
68,68,71,68
47,47,47,47
13,37,37,37
91,91,73,91
53,53,92,53
23,23,30,23
29,25,25,25
89,58,58,58
35,2,2,2
43,43,15,43
62,62,61,62
15,15,31,15
9,9,9,9
97,79,79,79
15,39,39,39
44,44,74,44
75,44,44,44
84,84,11,84
33,12,12,12
41,41,40,41
6,77,77,77
71,71,60,71
78,78,64,8
17,17,68,17
76,68,68,68
78,21,21,21
88,88,66,88
49,49,71,49
35,98,98,98
54,51,51,51
86,94,94,87
12,37,37,19
74,4,4,72
80,50,50,50
33,33,18,33
49,96,96,96
5,25,25,25
63,63,31,63
78,78,8,78
41,89,89,89
36,64,64,64
37,88,88,88
66,66,50,66
98,11,11,11
76,76,49,76
8,8,96,8
13,13,81,13
53,53,47,53
87,87,16,87
19,42,42,42
38,64,64,64
18,67,67,67
32,32,32,32
88,16,16,16
4,77,77,77
78,78,66,78
99,78,78,78
75,75,44,72
21,75,75,75
74,74,72,72
97,97,64,64
75,75,18,75
64,50,50,2
52,85,85,85
94,78,78,78
10,61,61,78
34,51,51,51
14,54,54,54
21,93,93,93
61,63,63,63
1,1,47,1
80,80,78,80
21,21,7,21
81,81,13,81
98,98,35,98
69,61,61,61
52,52,47,52
63,77,77,77
20,20,20,20
91,91,91,91
68,68,12,68
64,34,34,34
76,76,76,76
5,50,50,50
9,41,41,7
43,43,38,43
49,73,73,73
55,30,30,30
55,75,75,75
32,32,51,32
83,83,7,83
42,4,4,4
58,58,21,81
44,18,18,18
48,58,58,85
15,64,64,64
48,48,7,7
17,17,89,17
28,28,61,28
35,35,91,35
11,64,64,78
15,17,17,17
21,21,21,21
81,32,32,32
59,59,56,59
14,14,53,14
37,37,54,37
75,75,48,75
2,36,36,57
10,23,23,23
19,45,45,45
58,58,25,58
90,90,85,90
43,4,4,4
3,31,31,31
71,67,67,67
23,33,33,33
28,28,97,97
68,12,12,12
80,17,17,17
61,78,78,78
87,87,22,87
25,84,84,84
89,89,41,89
42,42,80,42
74,74,27,74
91,91,93,91
47,47,96,47
5,91,91,91
22,2,2,2
6,6,7,6
58,13,13,13
91,26,26,26
61,61,10,61
91,32,32,11
71,49,49,49
74,65,65,65
82,82,47,82
66,3,3,3
30,30,95,30
47,47,36,47
38,66,66,66
45,18,18,18
54,54,36,54
48,48,48,48
13,81,81,90
85,85,75,85
3,4,4,4
28,11,11,11
21,21,21,21
44,39,39,39
27,27,95,27
0,18,18,18
8,8,99,8
28,28,28,28
27,73,73,73
98,98,36,98
48,58,58,58
81,89,89,89
36,36,2,36
29,64,64,64
86,39,39,39
19,38,38,38
82,57,57,57
89,89,63,63
35,35,11,35
13,13,90,13
42,42,88,42
60,60,68,60
69,69,76,69
12,68,68,68
89,89,88,89
50,50,45,45
24,24,74,24
49,49,37,49
12,12,30,12
71,71,99,71
25,94,94,94
71,71,23,71
46,11,11,11
14,14,24,14
88,88,14,88
64,74,74,74
13,37,37,37
25,25,10,25
11,40,40,40
44,44,29,44
17,17,37,17
18,18,80,18
74,74,74,74
75,75,19,75
14,50,50,50
42,39,39,39
83,83,0,0
60,60,90,60
30,72,72,3
57,24,24,24
94,94,16,94
48,48,58,48
75,75,65,75
15,4,4,4
51,34,34,34
93,91,91,91
93,73,73,73
41,89,89,29
52,47,47,47
52,52,59,52
12,49,49,49
64,36,36,36
87,87,33,87
99,99,99,99
86,86,94,86
5,45,45,45
42,38,38,38
71,23,23,23
64,4,4,4
99,99,91,99
49,37,37,50
22,26,26,26
52,47,47,47
59,56,56,56
5,5,25,5
60,60,68,60
71,71,49,71
72,91,91,84
74,74,50,74
19,31,31,31
56,56,59,56
24,24,7,24
30,72,72,72
76,76,96,76
15,15,38,15
39,61,61,61
16,16,7,16
21,64,64,97
15,88,88,88
38,79,79,79
30,13,13,13
55,55,4,55
98,64,64,64
25,25,50,25
40,38,38,38
82,82,82,82
3,6,6,6
67,47,47,47
47,52,52,52
71,71,23,71
52,96,96,96
47,47,47,47
60,96,96,96
55,45,45,69
16,84,84,84
61,22,22,22
36,36,32,36
90,32,32,68
32,25,25,25
21,98,98,98
30,30,73,30
78,26,26,26
43,57,57,54
81,13,13,13
88,42,42,42
49,76,76,76
96,33,33,33
10,62,62,62
95,73,73,73
33,33,96,33
15,15,50,50
85,85,22,22
89,37,37,37
79,8,8,8
26,93,93,93
18,77,77,77
97,29,29,29
14,48,48,48
15,42,42,42
16,81,81,81
75,97,97,97
6,6,14,6
92,92,70,92
88,88,84,84
64,97,97,97
54,54,92,54
71,68,68,68
6,6,79,6
96,29,29,29
8,8,48,8
67,67,73,73
0,0,83,0
78,89,89,89
92,99,99,99
57,57,0,57
66,66,78,66
48,48,8,8
67,84,84,84
60,60,33,60
89,89,29,89
16,16,10,16
42,65,65,65
58,13,13,13
61,61,78,61
22,22,92,92
75,75,75,75
37,37,52,37
3,78,78,78
60,60,68,60
9,9,40,9
27,58,58,58
83,6,6,6
89,8,8,8
42,26,26,26
88,42,42,42
44,18,18,18
2,98,98,98
62,62,61,62
94,98,98,98
32,36,36,36
95,95,95,95
66,50,50,50
8,8,59,8
40,46,46,46
44,44,27,44
45,93,93,93
26,78,78,78
48,48,78,48
87,45,45,45
59,85,85,85
35,98,98,98
61,78,78,78
64,85,85,85
43,45,45,45
25,25,5,25
48,89,89,89
45,6,6,6
36,36,36,36
29,44,44,44
51,31,31,31
76,76,59,59
74,56,56,56
61,61,61,61
56,56,97,97
55,74,74,74
44,99,99,8
50,78,78,78
8,33,33,33
27,44,44,50
22,15,15,15
61,61,22,61
77,14,14,14
85,85,55,85
95,95,73,73
78,99,99,99
0,0,0,0
80,80,65,80
26,26,93,26
33,33,8,33
49,66,66,66
51,37,37,37
36,36,50,36
98,64,64,65
39,79,79,79
76,47,47,47
95,95,72,95
31,50,50,50
45,98,98,98
27,38,38,38
60,60,17,60
3,3,21,3
51,51,91,51
94,94,0,94
67,67,93,67
6,6,14,6
62,62,70,62
98,34,34,34
28,10,10,10
26,66,66,66
61,61,61,61
29,29,29,29
64,27,27,27
95,44,44,44
4,4,66,4
42,8,8,8
17,17,49,17
99,39,39,39
30,18,18,18
86,84,84,84
83,0,0,0
78,78,74,78
25,71,71,71
50,50,78,78
97,6,6,6
67,32,32,99
52,52,47,52
28,65,65,65
44,5,5,5
28,40,40,40
22,26,26,26
5,20,20,20
35,9,9,9
37,23,23,23
66,7,7,7
88,18,18,18
95,73,73,73
1,1,88,1
57,20,20,20
12,12,13,12
44,84,84,84
97,97,64,97
78,78,79,78
7,7,83,7
94,94,33,94
85,85,58,85
48,48,89,48
16,16,86,16
85,25,25,25
63,63,74,63
59,59,47,47
70,92,92,92
62,70,70,70
58,58,85,58
54,54,82,54
60,60,68,60
9,9,98,9
44,44,18,44
23,49,49,49
71,73,73,73
10,18,18,18
89,15,15,19
31,31,15,31
67,73,73,73
56,56,59,56
42,38,38,38
70,45,45,45
73,27,27,27
43,36,36,36
43,43,42,42
86,86,48,86
15,79,79,79
24,24,24,24
84,61,61,61
42,42,38,42
60,60,90,60
48,26,26,26
19,19,51,19
93,73,73,73
16,22,22,10
30,30,37,30
13,12,12,12
21,63,63,63
78,97,97,97
68,71,71,71
48,13,13,13
56,47,47,47
74,74,50,74
42,42,98,42
20,20,20,20
14,43,43,43
78,66,66,66
62,62,62,62
76,76,96,76
42,27,27,27
28,10,10,10
74,74,50,74
78,50,50,50
28,28,10,28
27,18,18,18
51,51,44,51
83,83,53,83
48,48,8,48
79,79,29,54
67,73,73,73
43,65,65,65
90,54,54,54
18,1,1,1
40,78,78,78
88,88,6,88
15,15,64,15
89,89,41,89
0,0,0,0
80,65,65,65
95,77,77,77
59,33,33,33
67,12,12,12
57,51,51,51
64,25,25,25
55,50,50,50
72,72,32,72
39,39,99,39
1,33,33,33
14,37,37,37
10,10,11,10
40,40,49,40
66,38,38,38
32,32,57,32
11,35,35,35
4,80,80,80
54,54,64,54
14,6,6,6
15,15,17,15
84,78,78,78
7,7,24,7
15,15,84,84
70,54,54,54
45,54,54,54
28,86,86,86
27,27,50,27
36,36,35,36
31,31,3,31
80,80,65,80
16,16,84,10
59,59,47,59
6,6,6,6
19,6,6,6
87,86,86,86
15,93,93,93
81,85,85,85
25,79,79,79
98,98,35,98
2,2,35,35
68,68,68,68
47,52,52,52
18,18,50,18
66,66,75,66
66,4,4,4
17,81,81,81
65,65,80,65
90,12,12,12
98,11,11,11
45,97,97,97
76,76,59,76
95,95,74,95
5,5,20,5
89,89,13,89
69,69,12,69
57,57,92,92
60,71,71,71
95,73,73,73
16,97,97,97
7,7,7,7
52,52,29,52
6,6,82,6
7,24,24,24
67,67,91,67
60,60,60,60
67,99,99,99
52,59,59,59
2,35,35,35
94,94,66,94
25,25,36,25
23,23,60,23
58,58,81,58
65,88,88,88
38,38,97,97
85,85,32,85
48,48,58,58
82,82,47,82
21,21,21,21
55,38,38,38
69,69,67,69
39,33,33,33
12,12,39,12
29,33,33,33
5,65,65,65
17,17,59,17
87,87,84,87
78,78,59,78
70,70,92,70
30,73,73,73
87,16,16,16
94,94,25,25
75,75,75,75
44,18,18,18
73,33,33,18
67,74,74,74
62,62,82,62
41,41,41,41
1,1,62,1
16,78,78,78
85,85,81,85
80,80,65,80
29,74,74,74
44,97,97,97
69,69,90,90
26,26,74,74
46,98,98,98
20,20,20,20
7,7,62,7
93,93,64,64
63,63,88,63
53,53,36,53
40,56,56,56
37,37,8,37
33,33,18,33
76,76,49,49
48,48,16,48
63,63,42,63
84,84,20,84
31,31,56,31
54,54,70,54
28,28,46,28
72,85,85,85
34,34,48,34
47,52,52,52
63,74,74,74
54,54,92,54
35,98,98,98
93,78,78,86
61,61,10,10
2,98,98,98
51,40,40,40
7,75,75,75
59,59,13,13
68,68,42,68
81,33,33,33
81,81,16,81
39,39,73,39
13,81,81,81
37,37,13,13
35,35,11,35
81,81,89,89
51,33,33,33
18,6,6,6
4,4,63,4
23,23,39,23
93,98,98,98
94,94,84,94
77,77,11,77
47,47,96,47
51,15,15,15
5,5,25,25
90,81,81,81
86,40,40,40
48,48,88,48
96,96,85,96
23,23,67,23
79,54,54,54
13,58,58,58
98,98,9,9
71,73,73,73
60,60,96,60
62,62,92,62
39,39,76,39
68,68,8,68
52,96,96,96
14,82,82,82
21,78,78,78
15,15,6,15
77,77,2,77
94,94,9,94
73,73,33,73
70,70,92,70
59,59,52,59
55,30,30,44
76,18,18,18
72,72,29,29
3,75,75,75
18,51,51,51
0,0,0,0
99,61,61,61
24,24,7,24
56,59,59,59
0,0,0,0
82,82,83,82
72,3,3,79
37,37,35,37
20,20,20,20
54,54,54,54
11,11,11,11
9,22,22,22
86,25,25,25
65,54,54,54
78,78,18,78
22,54,54,54
48,48,48,48
1,1,83,1
33,59,59,59
77,10,10,10
49,60,60,60
89,89,57,57
36,36,70,36
42,42,63,63
20,20,77,20
2,8,8,8
32,67,67,67
87,33,33,33
71,71,23,71
36,36,70,36
95,91,91,91
27,27,23,27
36,50,50,50
54,54,92,54
92,15,15,15
88,31,31,31
6,6,57,6
31,29,29,29
54,92,92,92
32,32,98,32
58,58,13,58
10,10,0,10
64,64,58,58
93,67,67,67
3,3,43,3
55,91,91,91
49,58,58,58
56,56,82,56
33,33,59,59
99,99,44,99
62,92,92,92
34,34,30,34
53,53,0,53
17,85,85,85
93,93,72,93
66,66,78,66
0,0,83,0
58,58,13,13
4,22,22,22
37,37,91,85
1,53,53,53
58,58,78,58
66,38,38,38
58,85,85,85
88,11,11,11
39,57,57,57
40,84,84,84
82,83,83,83
68,68,60,68
4,66,66,66
55,98,98,98
65,42,42,42
72,15,15,15
13,37,37,37
17,17,37,17
30,30,73,30
67,59,59,59
50,50,64,64
1,1,62,1
59,56,56,56
73,91,91,91
58,58,41,58
90,81,81,81
56,56,40,56
44,18,18,18
16,16,11,16
32,32,67,32
15,15,6,15
90,85,85,85
99,78,78,78
56,56,45,56
40,40,40,40
63,63,3,63
22,22,94,22
2,2,65,65
14,6,6,6
72,72,23,72
76,76,59,76
73,73,95,73
2,2,45,2
79,88,88,88
5,5,25,5
39,23,23,23
12,12,65,65
43,43,63,43
91,91,51,91
97,97,50,97
80,38,38,38
65,65,38,65
62,62,83,62
33,33,59,33
86,57,57,57
66,4,4,4
24,26,26,26
62,62,70,62
49,49,68,49
30,30,95,30
24,24,7,24
73,73,49,73
31,4,4,4
55,55,99,55
59,59,76,59
46,46,65,46
11,2,2,2
20,20,11,20
83,83,57,83
80,80,97,97
38,38,79,38
30,30,73,30
93,72,72,72
65,93,93,93
41,41,41,41
0,0,83,0
35,97,97,97
54,54,92,54
9,46,46,46
16,37,37,37
87,82,82,82
81,81,13,81
12,33,33,33
49,10,10,10
60,60,96,60
81,81,13,81
89,12,12,12
42,30,30,30
51,51,33,51
36,54,54,54
59,85,85,85
92,79,79,79
7,7,83,7
94,94,16,94
80,28,28,28
56,59,59,59
37,37,21,21
63,38,38,38
74,78,78,78
46,31,31,31
34,43,43,42
88,34,34,34
85,85,58,85
24,24,93,93
28,16,16,16
56,56,56,56
51,78,78,78
41,41,41,41
62,62,62,62
7,79,79,74
6,58,58,58
38,66,66,66
26,50,50,50
22,87,87,87
52,52,37,52
32,32,67,32
70,92,92,92
28,28,10,28
96,96,59,96
44,93,93,93
57,8,8,8
13,13,90,13
47,47,89,47
8,21,21,21
73,73,30,73
17,17,37,17
14,1,1,1
18,8,8,79
91,91,18,91
82,47,47,47
19,36,36,36
57,57,57,57
71,60,60,60
16,16,9,16
54,54,36,54
7,7,74,7
52,52,47,52
26,37,37,37
50,50,4,50
81,25,25,25
74,74,67,74
50,74,74,74
74,63,63,63
71,71,23,71
85,85,58,85
8,80,80,80
31,31,38,31
28,28,40,28
17,17,49,17
26,62,62,62
10,66,66,66
93,66,66,66
16,28,28,51
0,0,10,0
37,59,59,59
26,26,1,26
71,56,56,56
34,34,36,34
50,98,98,98
99,99,99,99
44,27,27,27
58,58,13,13
16,28,28,28
8,87,87,87
34,1,1,1
35,14,14,14
86,43,43,43
41,41,63,41
0,0,83,0
19,33,33,33
44,27,27,27
46,56,56,56
6,6,14,6
42,42,78,42
62,70,70,70
73,33,33,33
31,31,89,31
73,72,72,72
62,93,93,93
97,97,37,37
97,11,11,11
0,0,0,0
57,57,57,57
19,4,4,4
46,78,78,78
53,83,83,83
69,85,85,85
47,96,96,96
13,13,81,81
84,11,11,11
67,95,95,95
43,19,19,19
80,80,27,27
59,52,52,52
20,20,20,20
76,76,71,76
65,65,36,36
79,79,96,79
99,99,61,99
62,62,83,62
58,58,85,58
55,18,18,18
26,2,2,2
1,73,73,73
46,13,13,13
90,4,4,4
66,66,64,66
69,73,73,73
39,39,99,39
71,60,60,60
88,67,67,67
6,6,65,65
51,38,38,38
34,19,19,19
31,19,19,19
80,27,27,27
67,93,93,93
78,78,18,78
84,82,82,82
23,49,49,49
23,71,71,71
68,68,60,68
74,55,55,55
78,3,3,3
78,83,83,83
86,85,85,85
1,77,77,77
61,10,10,10
2,14,14,62
72,99,99,99
32,24,24,24
64,64,25,25
43,31,31,31
60,60,68,60
27,74,74,74
62,62,92,62
91,91,32,91
81,90,90,90
64,65,65,65
35,11,11,11
32,77,77,77
91,27,27,27
85,85,59,85
70,92,92,92
28,28,73,28
59,90,90,90
22,61,61,61
43,78,78,78
35,98,98,98
9,77,77,77
74,72,72,32
84,20,20,20
72,15,15,15
81,81,37,81
95,95,95,95
16,26,26,26
25,98,98,98
12,95,95,95
24,24,24,24
61,61,54,61
50,77,77,77
9,79,79,79
8,8,16,8
20,20,20,20
11,81,81,81
49,60,60,60
0,92,92,92
55,21,21,74
31,63,63,63
18,18,65,18
35,35,11,35
23,23,69,23
47,47,70,47
47,59,59,59
30,95,95,95
88,88,6,88
32,94,94,94
40,79,79,79
97,91,91,91
17,17,37,17
81,81,33,33
76,76,23,76
62,14,14,14
39,25,25,25
72,30,30,30
95,73,73,73
9,9,9,9
30,74,74,74
86,56,56,56
98,2,2,2
48,1,1,1
11,35,35,35
88,42,42,42
9,40,40,40
88,88,50,88
21,21,64,21
36,54,54,54
55,64,64,64
82,82,82,82
40,69,69,69
47,47,70,47
10,81,81,81
61,92,92,92
92,83,83,83
93,67,67,67
15,15,64,15
54,54,70,54
88,88,80,80
33,33,7,33
35,35,97,97
39,39,39,39
70,70,54,70
15,15,79,15
36,64,64,65
94,94,94,94
70,62,62,62
96,85,85,85
70,70,92,70
92,92,54,92
16,26,26,26
3,31,31,31
86,49,49,49
71,68,68,68
42,78,78,37
99,99,99,99
16,16,16,16
46,21,21,79
28,51,51,51
98,21,21,21
42,34,34,34
17,89,89,89
89,89,15,89
14,14,14,14
57,57,45,57
81,81,9,81
74,29,29,29
4,97,97,97
10,87,87,87
81,12,12,12
40,28,28,28
49,49,26,49
29,29,29,29
87,27,27,27
58,58,85,58
36,36,65,36
65,72,72,72
83,83,92,83
10,61,61,61
34,42,42,42
12,12,17,12
5,36,36,36
17,17,49,17
29,29,29,29
80,48,48,89
80,80,79,80
6,50,50,50
65,11,11,11
9,9,9,9
55,77,77,77
38,78,78,78
88,2,2,2
28,51,51,51
43,43,38,43
57,57,53,57
50,10,10,10
99,99,78,22
20,20,93,20
0,0,57,0
32,63,63,63
90,87,87,87
70,62,62,62
14,25,25,25
31,31,3,31
88,78,78,78
56,56,93,56
23,23,12,23
71,60,60,60
4,4,63,4
11,2,2,2
4,4,80,80
39,39,23,39
66,33,33,33
96,96,8,96
63,63,36,63
13,10,10,32
39,39,39,39
27,89,89,89
31,31,38,31
84,84,84,84
7,24,24,24
37,59,59,59
18,44,44,44
43,43,36,43
96,96,33,96
2,2,98,2
6,74,74,74
59,96,96,28
78,49,49,49
19,4,4,4
39,13,13,13
97,66,66,66
6,6,80,6
39,22,22,22
77,36,36,36
74,74,7,7
52,52,59,52
5,11,11,11
61,36,36,26
21,3,3,3
20,20,86,20
50,59,59,59
65,18,18,18
48,48,45,48
39,39,74,39
14,24,24,24
74,74,50,74
36,35,35,98
12,12,37,12
93,30,30,30
43,43,31,31
51,51,43,51
79,33,33,33
78,78,50,50
6,6,82,6
4,74,74,74
36,59,59,59
32,32,67,32
25,25,20,25
97,66,66,66
94,51,51,51
34,34,44,34
34,34,36,34
59,59,52,52
22,22,26,22
16,87,87,87
70,70,62,70
9,83,83,83
25,25,84,25
77,80,80,80
74,74,50,74
17,17,12,17
28,76,76,76
47,47,52,47
43,43,42,43
13,13,87,13
50,51,51,51
97,91,91,91
49,49,67,49
78,78,26,78
68,68,37,68
99,30,30,30
52,59,59,59
28,56,56,56
80,93,93,93
43,14,14,14
23,54,54,54
23,23,25,23
55,23,23,23
74,63,63,63
87,87,94,87
50,11,11,11
5,26,26,26
51,5,5,5
63,51,51,70
2,26,26,26
57,57,15,57
99,99,78,99
53,53,83,53
85,85,89,89
74,64,64,64
72,93,93,93
75,19,19,19
94,94,39,39
95,30,30,30
40,40,93,93
33,37,37,37
49,49,96,49
64,48,48,48
8,78,78,99
37,72,72,95
0,10,10,10
86,25,25,25
9,72,72,72
51,42,42,42
40,9,9,9
9,9,9,9
39,39,78,39
70,58,58,58
96,47,47,47
44,45,45,45
62,62,92,62
32,32,37,37
61,10,10,78
35,98,98,64
8,80,80,80
2,98,98,98
66,66,85,66
66,64,64,64
46,11,11,11
73,99,99,99
56,56,59,56
20,20,20,20
95,95,73,95
68,33,33,33
52,96,96,96
94,63,63,63
22,22,22,22
9,9,57,9
23,23,67,23
11,11,11,11
55,55,14,55
44,27,27,27
47,83,83,83
20,20,20,20
17,49,49,49
11,36,36,36
73,30,30,30
96,47,47,47
60,60,60,60
28,28,40,28
10,10,26,10
0,0,61,0
10,25,25,25
31,65,65,65
44,77,77,77
29,29,29,29
24,24,7,24
23,71,71,71
52,52,59,52
60,60,96,60
81,35,35,32
57,57,57,57
52,52,47,52
87,87,98,98
27,8,8,8
22,22,97,22
83,70,70,70
22,22,91,22
40,9,9,9
56,56,96,56
1,1,14,1
45,26,26,26
29,50,50,50
60,60,23,60
65,33,33,33
7,7,79,7
88,88,34,88
48,48,8,48
8,84,84,84
29,23,23,23
18,18,44,18
71,71,68,71
80,44,44,44
55,72,72,72
80,63,63,63
73,73,93,73
27,25,25,25
5,5,25,5
69,57,57,57
46,98,98,98
64,26,26,26
42,89,89,89
90,19,19,19
52,52,47,52
1,1,50,1
39,39,39,39
39,43,43,43
86,86,94,86
75,65,65,65
2,2,98,2
36,36,1,36
13,97,97,97
57,8,8,8
30,30,55,30
74,74,63,74
85,29,29,29
33,33,74,33
6,6,79,6
3,22,22,22
72,72,37,49
54,54,25,54
47,29,29,29
91,18,18,18
71,71,23,71
7,68,68,68
98,54,54,54
69,55,55,55
56,96,96,96
14,50,50,50
50,50,74,74
37,37,35,37
40,40,19,19
97,66,66,66
72,74,74,74
88,46,46,46
10,22,22,22
75,75,66,75
83,16,16,16
74,74,50,74
66,66,86,66
52,52,96,52
52,52,47,52
86,86,22,22
66,66,42,66
24,24,7,24
69,69,76,69
41,41,41,41
13,13,58,13
39,39,2,39
5,5,25,25
61,22,22,22
48,48,82,48
44,78,78,78
23,23,49,23
38,38,44,38
44,36,36,36
64,50,50,50
30,95,95,95
2,2,35,2
54,54,54,54
12,60,60,60
21,21,64,21
56,59,59,59
72,27,27,27
93,78,78,78
46,46,8,46
73,73,73,73
47,52,52,52
89,48,48,48
24,24,24,24
52,59,59,59
75,75,90,75
20,20,20,20
67,50,50,50
92,62,62,62
96,96,47,96
5,81,81,81
63,63,63,63
39,25,25,86
67,77,77,77
45,26,26,26
67,67,93,93
2,2,35,2
79,18,18,18
76,76,69,76
27,27,93,27
81,64,64,64
89,89,17,89
83,45,45,45
60,54,54,54
48,48,31,66
2,1,1,1
2,36,36,50
30,30,93,93
2,76,76,76
21,21,64,21
82,82,82,82
90,78,78,78
94,94,20,94
74,63,63,63
71,27,27,27
75,79,79,79
79,6,6,6
42,42,32,32
75,75,99,75
14,18,18,18
89,89,90,90
50,50,67,50
83,83,70,83
42,38,38,38
67,67,73,67
81,81,13,81
73,67,67,67
52,52,96,52
17,17,37,17
76,76,59,76
5,5,91,5
42,64,64,64
68,68,69,69
13,58,58,58
37,37,17,37
94,25,25,25
92,92,62,92
0,10,10,10
48,45,45,45
15,4,4,4
15,38,38,38
39,39,8,39
40,25,25,25
82,60,60,60
31,31,19,31
94,94,3,3
99,78,78,78
68,68,68,68
52,52,96,52
19,15,15,15
4,4,50,50
54,92,92,92
89,89,15,89
40,85,85,85
27,68,68,68
97,97,38,97
14,19,19,19
93,93,29,93
66,63,63,63
74,26,26,26
26,44,44,44
36,91,91,91
9,9,9,9
66,66,27,66
44,89,89,89
59,96,96,96
33,33,96,33
79,43,43,43
63,77,77,77
97,58,58,58
43,36,36,36
48,37,37,37
78,78,50,50
25,10,10,10
32,32,11,32
18,2,2,2
40,40,56,40
44,15,15,64
80,88,88,88
16,16,28,28
45,57,57,57
45,45,26,45
12,12,27,12
99,99,78,99
18,44,44,44
6,54,54,54
41,41,89,41
46,4,4,4
69,67,67,67
18,59,59,59
44,44,74,74
34,34,97,34
32,32,29,32
30,30,93,30
9,9,69,9
72,48,48,48
85,85,58,85
15,15,56,15
92,70,70,70
5,5,25,5
71,71,49,71
52,52,96,52
56,85,85,85
88,43,43,43
22,22,22,22
64,98,98,98
31,84,84,84
63,81,81,81
14,63,63,63
56,56,56,56
99,99,99,99
72,72,95,72
22,22,22,22
20,20,20,20
67,27,27,27
57,26,26,26
93,21,21,21
29,29,29,29
72,55,55,55
91,91,91,91
64,63,63,63
36,43,43,43
22,22,61,22
49,49,73,49
26,63,63,63
84,42,42,42
47,56,56,56
34,36,36,36
85,85,58,85
9,84,84,84
22,22,50,22
29,29,44,29
39,25,25,25
32,32,3,32
94,94,65,94
93,66,66,66
25,25,96,96
18,7,7,7
53,53,83,53
12,12,5,12
27,27,74,27
10,57,57,57
99,51,51,51
88,43,43,43
16,39,39,39
91,99,99,99
78,50,50,50
7,77,77,77
72,55,55,55
12,42,42,42
97,97,74,97
37,37,68,37
86,25,25,25
87,87,1,87
57,70,70,70
36,50,50,50
35,11,11,11
44,31,31,31
57,57,53,57
27,27,25,27
31,31,3,31
3,51,51,51
26,26,15,15
7,14,14,14
96,96,79,96
39,39,25,39
43,33,33,33
34,29,29,29
89,55,55,55
48,48,26,48
56,56,47,56
18,18,65,18
45,45,83,45
92,83,83,83
97,33,33,33
8,8,37,8
18,33,33,33
66,55,55,55
81,13,13,13
37,68,68,68
51,51,64,51
10,10,28,10
77,77,0,77
97,33,33,33
33,47,47,47
60,60,23,60
43,98,98,98
10,96,96,96
50,44,44,44
31,31,19,31
84,5,5,5
49,49,17,17
78,78,61,78
24,24,7,24
68,68,71,68
98,4,4,4
58,58,20,58
51,37,37,37
93,97,97,97
36,88,88,88
74,65,65,65
78,78,66,78
55,64,64,93
50,28,28,28
25,25,39,25
65,64,64,64
86,86,59,59
35,35,50,35
33,49,49,49
92,92,54,92
37,52,52,52
71,71,95,71
61,50,50,50
5,5,25,5
79,96,96,96
71,71,60,71
20,20,78,20
59,59,96,59
67,67,73,67
28,28,40,28
76,76,76,76
31,35,35,35
50,78,78,16
62,83,83,83
9,24,24,24
4,50,50,50
54,54,59,54
38,38,8,38
11,46,46,46
59,52,52,52
84,84,33,33
63,88,88,88
66,50,50,50
35,2,2,2
52,52,47,52
73,73,91,73
87,87,87,87
62,62,19,62
15,15,19,15
11,98,98,98
59,97,97,97
20,20,20,20
47,52,52,52
96,96,47,96
26,78,78,78
36,93,93,93
35,35,10,35
77,7,7,7
38,78,78,78
24,24,7,24
2,2,32,32
17,22,22,22
36,36,50,36
80,80,33,80
74,24,24,24
41,41,41,41
32,6,6,6
23,25,25,47
76,76,59,76
44,74,74,74
91,91,32,91
21,21,10,21
81,81,37,81
53,53,54,53
55,55,3,3
47,96,96,96
79,74,74,74
19,73,73,73
31,27,27,27
82,82,82,82
64,64,66,64
3,78,78,78
49,49,71,49
35,36,36,36
97,97,22,97
58,58,27,85
43,43,19,43
20,20,20,20
86,86,16,86
22,22,25,22
32,96,96,96
18,18,4,18
53,53,53,53
60,60,60,60
36,36,92,36
83,83,70,83
18,6,6,6
32,32,67,32
66,66,18,66
99,99,25,99
51,51,37,51
35,98,98,98
69,69,69,69
28,84,84,84
11,11,35,11
22,22,22,22
49,49,95,49
21,21,3,3
93,22,22,22
1,1,91,1
55,97,97,97
51,37,37,37
55,99,99,99
51,97,97,97
67,79,79,79
92,92,54,92
76,76,59,76
52,47,47,47
31,89,89,89
82,82,82,82
75,75,85,75
61,61,61,61
55,55,4,55
90,90,4,90
78,78,74,78
34,34,32,34
87,87,21,87
39,78,78,78
85,85,58,85
70,54,54,54
2,11,11,11
14,75,75,75
45,78,78,78
1,10,10,10
95,75,75,75
90,90,41,90
64,64,42,64
55,79,79,79
12,12,37,12
91,91,73,91
47,47,47,47
2,46,46,46
99,22,22,22
79,43,43,98
13,16,16,16
8,8,25,25
84,2,2,2
27,27,78,27
11,2,2,2
71,49,49,49
21,21,3,21
28,28,46,28
8,2,2,90
55,77,77,77
67,14,14,14
75,75,67,75
40,40,40,40
17,37,37,37
4,42,42,42
95,95,30,95
63,63,67,63
51,51,33,51
48,48,48,48
65,65,79,65
6,50,50,74
39,78,78,44
39,5,5,5
42,34,34,34
49,50,50,50
14,14,18,14
83,83,0,83
23,23,65,23
78,78,14,78
47,47,53,47
81,13,13,13
41,41,89,41
76,76,37,76
99,25,25,25
97,97,38,97
24,44,44,44
24,24,7,24
76,76,98,76
57,57,57,57
80,91,91,91
16,21,21,21
44,91,91,91
54,54,70,70
92,92,70,92
30,30,73,73
4,63,63,63
2,11,11,11
1,48,48,48
39,39,78,39
98,80,80,80
90,37,37,37
74,45,45,98
81,48,48,48
74,74,44,74
64,78,78,78
42,42,96,42
59,59,96,59
69,52,52,52
67,93,93,93
66,64,64,64
10,35,35,35
52,52,59,52
22,50,50,50
11,11,9,11
69,69,95,95
39,39,22,39
15,15,4,15
77,80,80,7
36,36,43,36
23,23,67,23
41,41,41,41
94,94,84,94
45,40,40,40
17,17,37,17
14,1,1,1
62,92,92,92
9,35,35,37
4,36,36,36
37,37,37,37
13,58,58,58
77,35,35,35
69,69,37,69
72,80,80,80
22,22,61,61
75,75,75,75
45,45,20,20
3,23,23,23
8,8,79,79
24,24,24,24
28,92,92,92
4,4,78,78
57,28,28,28
10,72,72,72
2,54,54,54
0,0,83,0
89,89,4,4
7,7,24,7
94,94,96,94
68,68,33,68
66,66,42,66
17,17,85,85
5,25,25,25
90,13,13,13
77,77,74,77
34,84,84,84
77,75,75,75
26,50,50,50
35,35,98,35
52,52,47,52
70,70,1,70
29,29,31,29
94,94,33,94
37,37,12,12
83,83,96,83
40,11,11,11
0,0,57,0
92,40,40,40
96,52,52,52
4,4,63,4
78,78,26,78
80,88,88,84
6,6,54,6
85,22,22,22
59,59,56,59
96,96,56,96
8,3,3,3
70,93,93,93
62,62,14,62
25,25,5,25
22,4,4,80
1,63,63,63
82,42,42,42
93,91,91,91
82,82,62,82
96,52,52,52
70,92,92,92
8,8,14,8
19,19,4,19
67,67,73,67
4,14,14,14
86,13,13,13
19,96,96,96
17,25,25,32
32,12,12,12
38,38,15,38
57,57,0,57
84,85,85,85
10,10,70,10
40,20,20,20
12,37,37,37
33,33,87,87
94,94,36,94
68,68,49,68
8,8,38,8
89,29,29,29
69,69,40,69
95,95,86,95
43,42,42,42
60,60,33,60
11,21,21,21
0,92,92,92
12,9,9,9
90,90,13,90
2,2,46,2
54,54,54,54
45,45,45,45
65,36,36,36
50,36,36,36
3,38,38,38
68,68,42,68
17,37,37,37
35,98,98,98
81,81,13,81
32,8,8,8
9,9,9,9
99,99,99,99
77,63,63,63
84,84,87,87
22,61,61,61
30,45,45,45
23,23,38,23
36,10,10,10
73,10,10,10
80,32,32,32
92,70,70,70
92,62,62,62
31,74,74,74
9,9,59,9
86,40,40,40
91,91,91,91
26,62,62,62
85,85,17,17
30,12,12,12
12,12,81,12
54,70,70,70
39,85,85,85
76,68,68,68
45,26,26,26
67,67,61,67
51,51,46,51
57,91,91,91
19,29,29,29
48,48,7,48
81,8,8,8
55,56,56,56
38,15,15,15
27,65,65,65
54,43,43,43
81,81,16,81
84,17,17,17
0,0,10,0
64,16,16,16
42,42,65,42
77,77,7,77
52,52,47,52
92,54,54,54
82,62,62,62
12,12,68,12
89,59,59,59
53,53,70,53
21,21,22,21
18,18,44,18
92,92,62,92
36,36,63,36
44,44,45,44
35,35,98,35
31,31,74,31
62,62,62,62
41,8,8,8
65,65,7,79
28,28,40,28
20,20,84,20
92,70,70,70
33,96,96,96
21,3,3,3
86,41,41,41
72,13,13,40
18,18,83,83
56,56,47,56
88,88,11,88
76,67,67,67
71,71,91,71
48,89,89,89
12,12,76,76
45,83,83,83
60,60,71,60
99,78,78,78
84,84,40,84
24,24,50,24
37,37,13,37
86,16,16,16
76,49,49,49
84,84,97,84
51,51,11,51
60,60,96,60
97,50,50,5
29,29,93,29
65,65,63,65
88,3,3,3
7,8,8,8
83,83,9,9
59,59,47,47
96,96,33,96
53,53,57,53
32,32,32,32
79,7,7,7
87,16,16,16
33,51,51,51
46,11,11,11
22,33,33,33
38,42,42,42
47,52,52,52
24,24,26,24
3,4,4,4
54,54,70,54
85,85,58,85
65,61,61,61
75,75,75,75
4,3,3,3
80,65,65,65
76,57,57,57
92,92,62,92
84,42,42,42
61,61,5,61
31,15,15,15
66,38,38,38
39,39,25,39
29,44,44,44
35,37,37,37
91,91,32,91
64,32,32,32
7,7,7,7
80,8,8,8
96,96,47,47
89,89,6,89
83,83,83,83
32,91,91,91
1,67,67,67
85,42,42,42
75,3,3,3
9,9,14,9
25,78,78,78
87,87,56,87
59,59,96,59
38,38,51,38
82,82,57,82
27,55,55,74
6,6,62,6
26,11,11,11
34,36,36,36
14,14,20,14
14,14,70,14
46,96,96,96
70,70,86,70
17,37,37,37
84,5,5,5
97,97,42,97
49,49,73,49
69,69,74,69
59,59,59,59
50,50,52,50
86,86,86,86
61,94,94,94
40,62,62,62
66,66,20,20
50,2,2,2
29,11,11,11
49,49,23,49
26,45,45,45
53,53,53,53
73,73,30,73
85,85,58,85
46,46,11,46
81,90,90,90
25,25,20,25
68,16,16,16
71,71,95,71
14,1,1,1
87,86,86,86
37,37,25,25
86,86,87,86
72,44,44,44
28,28,28,28
93,93,26,93
62,62,1,62
72,25,25,25
41,41,78,41
98,46,46,46
51,43,43,43
46,11,11,11
36,36,43,36
20,20,87,20
57,57,15,57
1,1,93,1
96,96,79,96
16,63,63,63
38,56,56,56
59,96,96,96
85,48,48,48
95,95,74,95
23,23,69,23
14,6,6,6
53,57,57,57
50,74,74,74
2,45,45,45
9,9,46,46
42,8,8,8
21,21,46,21
12,13,13,13
73,73,49,73
29,29,93,29
81,81,4,4
63,63,84,84
64,63,63,63
89,89,85,85
97,11,11,58
63,63,4,63
84,61,61,61
84,94,94,94
6,77,77,55
3,34,34,34
9,65,65,65
44,27,27,58
7,7,24,7
39,78,78,78
1,1,1,1
68,68,60,68
83,83,62,62
71,60,60,60
69,6,6,6
84,37,37,37
23,99,99,99
51,51,54,51
40,40,40,40
63,63,21,21
17,17,37,17
31,31,19,31
48,48,48,48
48,48,8,8
2,25,25,25
50,27,27,27
66,97,97,26
98,80,80,80
44,44,27,44
12,12,30,12
14,14,83,14
56,23,23,23
58,58,41,41
70,70,54,70
85,85,58,85
70,70,70,70
94,94,53,94
41,14,14,14
97,91,91,91
5,5,10,5
80,74,74,74
15,15,26,26
62,92,92,92
2,2,77,2
58,58,5,58
56,56,59,56
13,18,18,18
72,27,27,27
97,27,27,27
25,25,20,20
87,50,50,50
19,3,3,72
92,83,83,83
24,55,55,55
34,38,38,38
93,55,55,65
45,26,26,26
78,8,8,8
68,68,65,68
89,31,31,31
31,3,3,3
73,93,93,93
85,78,78,78
50,34,34,34
95,12,12,12
80,50,50,50
96,96,94,94
76,76,72,76
32,3,3,3
77,77,32,32
19,19,89,19
59,96,96,96
84,84,15,84
48,48,58,58
10,65,65,65
32,8,8,8
98,35,35,35
33,33,59,33
69,69,72,69
14,14,18,14
69,69,76,69
36,7,7,7
72,72,3,72
65,65,92,65
94,94,87,94
86,86,86,86
64,59,59,56
16,87,87,87
90,37,37,37
56,56,47,56
4,4,31,4
96,57,57,57
83,53,53,53
71,60,60,60
51,51,21,51
41,72,72,72
65,41,41,41
61,61,22,22
63,10,10,10
96,33,33,33
62,62,70,62
85,85,90,85
74,74,50,74
57,77,77,77
23,23,69,23
20,84,84,84
38,38,65,65
15,19,19,19
25,92,92,92
72,84,84,84
62,62,92,62
37,37,15,37
62,62,1,62
15,15,78,26
47,96,96,96
75,75,78,78
26,83,83,83
28,28,40,28
27,27,85,27
37,65,65,65
58,58,81,58
46,99,99,99
48,48,48,48
52,59,59,59
79,37,37,37
71,71,90,71
7,24,24,24
60,60,33,60
60,60,79,60
38,65,65,65
49,71,71,12
62,70,70,70
0,0,35,0
19,19,4,4
46,46,87,46
90,58,58,58
5,5,84,84
22,22,87,22
34,50,50,63
75,75,7,7
41,58,58,58
65,65,36,36
51,51,37,51
65,98,98,98
46,46,11,46
1,29,29,29
14,7,7,7
17,17,37,37
65,77,77,77
98,57,57,57
45,26,26,26
14,92,92,92
90,37,37,37
35,84,84,84
30,13,13,13
8,8,8,8
21,21,38,21
28,28,10,28
18,74,74,74
65,75,75,75
32,17,17,17
34,80,80,80
48,48,78,48
75,75,73,75
29,93,93,93
92,83,83,83
76,76,59,76
30,30,72,30
93,27,27,27
4,93,93,93
37,37,84,37
82,82,45,82
9,13,13,13
11,2,2,2
54,54,92,54
8,8,37,8
43,63,63,63
67,91,91,91
30,66,66,66
8,8,65,8
40,77,77,77
53,53,0,53
1,1,26,1
93,55,55,55
26,93,93,93
93,73,73,73
6,34,34,34
87,87,86,86
22,98,98,39
91,63,63,63
24,24,7,24
75,75,75,75
34,99,99,99
86,87,87,87
8,8,38,8
8,8,19,19
42,42,33,42
51,37,37,37
94,94,98,98
81,81,16,81
18,18,83,18
85,85,41,85
48,48,58,48
35,35,64,35
20,78,78,78
50,84,84,84
19,31,31,31
55,55,14,55
26,26,70,26
64,64,32,64
78,18,18,18
15,15,31,31
72,64,64,75
93,93,69,1
65,74,74,74
95,95,65,95
87,87,16,87
72,55,55,55
35,72,72,72
27,80,80,80
36,36,61,36
97,65,65,25
73,73,1,73
35,54,54,54
12,5,5,5
24,24,50,24
70,70,92,70
4,19,19,19
26,45,45,45
71,60,60,60
34,34,38,34
67,99,99,99
20,78,78,78
85,19,19,19
74,74,7,74
99,99,39,99
92,92,62,92
99,26,26,26
21,85,85,85
50,1,1,1
36,39,39,39
82,6,6,6
95,95,30,95
71,71,60,71
61,61,10,61
23,23,60,23
15,29,29,29
77,4,4,4
40,40,9,40
74,50,50,50
25,85,85,85
19,19,89,19
67,73,73,73
6,24,24,24
61,9,9,9
68,68,33,68
46,85,85,85
5,20,20,20
10,10,83,10
11,2,2,2
41,19,19,19
55,55,72,55
96,96,47,96
57,57,9,57
30,80,80,80
96,52,52,52
88,88,43,88
92,92,84,92
72,58,58,58
51,51,54,51
19,43,43,43
40,10,10,10
2,25,25,25
76,76,42,76
54,54,70,54
22,22,26,22
68,68,68,68
70,70,32,32
0,0,83,0
5,5,74,74
42,42,37,42
11,11,46,11
61,32,32,32
88,1,1,1
67,67,23,67
77,44,44,44
34,34,80,34
29,1,1,1
97,97,64,64
13,13,81,13
29,29,91,29
8,8,65,8
15,35,35,35
70,70,20,70
29,29,29,29
19,25,25,25
40,16,16,16
47,52,52,52
8,8,45,8
50,50,93,50
26,26,20,26
89,85,85,85
58,66,66,66
86,35,35,35
85,85,83,85
61,10,10,10
96,47,47,47
75,75,75,75
80,3,3,3
95,67,67,67
17,58,58,58
93,59,59,59
80,95,95,95
3,46,46,87
53,53,83,53
23,23,39,23
55,79,79,79
27,97,97,97
40,33,33,33
9,18,18,18
42,65,65,65
50,33,33,33
92,92,62,92
87,13,13,13
43,42,42,42
42,42,78,42
79,48,48,48
52,52,76,52
9,9,22,9
32,14,14,14
42,74,74,74
57,57,2,57
56,59,59,59
99,99,99,99
57,83,83,83
81,81,13,81
9,9,9,9
70,83,83,83
51,51,42,51
50,80,80,80
42,42,80,42
10,10,73,10
70,48,48,48
40,91,91,5
40,40,84,40
63,58,58,58
50,74,74,74
19,67,67,67
62,62,92,62
28,87,87,87
94,94,87,94
52,52,47,52
86,86,95,86
98,75,75,75
13,13,81,13
70,54,54,54
9,15,15,88
19,20,20,20
15,27,27,27
68,68,71,68
66,14,14,14
24,44,44,44
63,63,63,63
56,47,47,47
60,68,68,68
12,12,37,12
53,57,57,92
36,64,64,64
98,32,32,32
20,20,20,20
92,62,62,62
24,24,7,24
16,16,66,16
26,26,15,26
12,12,17,12
33,47,47,47
45,78,78,78
71,71,23,71
61,70,70,92
30,93,93,93
45,51,51,51
75,75,66,75
94,94,96,94
29,29,93,29
48,38,38,11
97,97,73,97
95,73,73,73
12,12,17,12
80,36,36,36
63,63,63,63
85,85,81,85
33,96,96,96
23,23,99,23
32,57,57,57
46,84,84,84
70,61,61,61
51,51,54,51
8,8,12,8
29,26,26,26
56,47,47,47
11,11,70,11
60,60,49,60
48,85,85,85
21,64,64,85
21,21,4,21
60,60,18,60
56,52,52,52
63,59,59,59
42,30,30,30
33,96,96,96
79,30,30,30
17,17,37,17
20,20,94,94
16,2,2,2
7,7,77,7
91,91,58,58
34,34,26,34
14,14,7,14
92,92,62,92
6,79,79,79
89,37,37,37
13,13,81,81
85,85,33,85
96,96,59,96
27,74,74,74
81,13,13,13
63,63,66,63
59,59,59,59
10,32,32,32
78,78,66,66
18,33,33,33
53,53,57,53
17,72,72,72
27,65,65,65
43,97,97,97
61,10,10,10
54,62,62,62
25,94,94,94
79,79,74,79
68,68,59,68
31,78,78,78
69,69,12,12
64,27,27,27
83,86,86,86
41,41,90,41
23,71,71,71
35,3,3,3
96,96,47,96
20,20,20,20
87,64,64,64
90,90,81,90
52,52,47,52
26,26,93,26
83,83,53,83
67,80,80,80
20,20,20,20
20,81,81,81
7,9,9,9
83,83,86,86
27,91,91,91
45,45,25,45
68,49,49,49
93,93,50,93
86,75,75,75
12,12,37,12
60,60,71,60
73,74,74,74
99,99,8,99
1,44,44,44
92,92,39,92
80,42,42,51
26,20,20,20
58,85,85,85
88,88,27,88
97,34,34,34
88,88,31,31
19,74,74,74
34,72,72,72
23,5,5,5
19,25,25,25
13,58,58,8
44,58,58,58
48,48,7,48
58,97,97,97
16,16,10,16
63,8,8,8
80,7,7,7
55,73,73,73
4,63,63,63
32,29,29,29
46,15,15,15
98,11,11,11
32,32,2,32
45,92,92,92
87,13,13,13
97,97,42,97
12,97,97,97
8,84,84,84
45,45,6,45
92,62,62,62
31,74,74,74
62,62,54,62
61,10,10,10
89,89,90,89
62,92,92,92
78,22,22,22
83,53,53,53
45,45,98,98
85,63,63,74
28,28,92,28
37,37,52,37
54,54,6,54
30,13,13,13
95,95,73,95
7,7,79,7
59,59,76,59
24,24,29,24
94,94,70,94
7,7,20,7
94,94,16,94
94,94,84,94
11,98,98,98
42,42,84,42
65,65,74,65
47,52,52,52
40,40,86,40
38,97,97,97
4,42,42,42
80,66,66,66
82,82,82,82
46,36,36,36
75,75,75,75
51,11,11,11
74,74,50,50
34,80,80,80
5,25,25,25
85,85,59,85
30,30,73,30
74,24,24,24
22,22,61,61
95,95,74,95
81,81,89,81
92,92,62,92
91,27,27,44
52,52,47,52
51,88,88,88
44,26,26,26
62,62,82,62
65,65,28,65
76,9,9,9
84,78,78,78
0,0,70,70
43,4,4,4
48,48,19,48
67,39,39,39
62,62,82,62
89,26,26,26
83,54,54,54
18,79,79,79
31,58,58,58
19,19,31,19
8,48,48,48
68,68,68,68
97,72,72,72
3,3,31,3
83,83,57,83
70,70,92,70
39,92,92,92
0,0,83,0
86,86,78,86
77,28,28,28
58,39,39,39
19,78,78,78
89,89,48,89
90,58,58,91
81,33,33,33
61,61,36,61
41,96,96,96
80,64,64,64
52,52,52,52
66,42,42,42
68,68,68,68
80,80,6,80
43,3,3,3
11,35,35,35
25,65,65,65
27,66,66,66
35,35,98,35
50,50,78,50
88,88,50,88
14,14,75,14
75,75,37,75
53,53,70,53
3,3,55,55
5,5,25,5
35,2,2,2
82,82,62,82
7,7,50,7
90,48,48,65
61,61,10,61
7,24,24,24
91,27,27,27
1,70,70,70
5,5,25,5
17,8,8,8
72,72,32,72
41,19,19,84
94,94,31,94
33,56,56,56
67,74,74,74
33,66,66,66
39,39,94,39
23,23,73,23
6,68,68,68
31,31,96,31
63,63,41,63
71,71,23,71
67,50,50,50
93,10,10,10
84,84,25,84
46,40,40,40
74,74,33,74
33,33,12,33
77,15,15,15
65,26,26,78
50,50,74,50
98,80,80,80
51,91,91,91
72,5,5,5
36,36,1,36
3,78,78,78
41,41,41,41
47,59,59,59
54,54,39,54
87,81,81,81
37,37,19,37
75,75,75,75
74,11,11,11
71,71,33,71
14,24,24,24
57,51,51,3
9,53,53,53
44,78,78,78
57,57,53,57
83,83,83,83
45,45,78,44
61,83,83,83
52,47,47,47
63,63,27,27
89,27,27,27
10,22,22,22
85,85,25,85
39,25,25,25
7,7,18,7
25,96,96,96
98,98,35,98
74,57,57,57
70,70,92,70
70,92,92,92
49,49,23,23
70,70,62,70
87,87,1,87
90,85,85,85
15,66,66,66
65,38,38,38
97,97,42,97
36,88,88,88
83,83,83,83
82,82,6,82
51,79,79,79
32,58,58,58
7,24,24,24
74,74,7,74
80,31,31,15
2,2,11,2
28,9,9,9
78,44,44,44
40,36,36,36
36,36,50,36
91,26,26,97
91,85,85,81
99,78,78,78
73,73,67,73
24,65,65,65
83,83,0,83
42,65,65,65
92,92,83,92
90,59,59,59
50,50,74,50
82,82,82,82
24,24,7,24
65,65,88,65
16,83,83,83
40,25,25,25
39,39,61,39
7,7,7,7
31,42,42,42
10,45,45,78
51,65,65,65
96,54,54,54
51,43,43,43
29,91,91,91
66,66,85,66
83,53,53,53
30,30,65,30
84,84,25,84
29,84,84,84
5,18,18,18
10,10,16,10
53,10,10,10
74,8,8,8
72,25,25,25
34,38,38,38
15,15,43,15
44,38,38,38
25,25,10,25
66,50,50,50
10,56,56,56
55,20,20,20
48,48,49,48
95,30,30,30
63,64,64,64
64,97,97,97
77,77,44,77
3,4,4,4
13,13,81,13
18,18,14,18
92,54,54,54
55,85,85,85
13,13,13,13
30,73,73,73
29,29,29,29
91,1,1,1
91,91,91,91
61,61,99,61
75,75,64,75
58,37,37,37
60,71,71,71
70,92,92,92
46,11,11,11
52,52,59,52
94,94,43,94
89,89,18,89
90,90,33,90
56,52,52,52
57,57,6,57
43,43,36,43
60,60,82,60
45,25,25,25
30,30,73,30
59,81,81,81
78,78,62,61
6,74,74,74
80,65,65,65
80,80,42,80
54,54,51,54
83,99,99,99
60,60,71,60
76,17,17,17
92,57,57,57
18,73,73,73
14,74,74,74
26,36,36,36
9,9,9,9
81,90,90,90
85,85,87,85
32,32,64,32
63,63,65,63
43,82,82,82
56,95,95,95
87,48,48,48
78,44,44,44
45,43,43,43
99,67,67,67
70,70,83,70
8,64,64,64
12,90,90,90
65,65,26,65
80,42,42,42
58,89,89,89
17,17,37,17
39,39,78,39
53,53,53,53
66,97,97,97
48,48,8,48
25,10,10,10
88,34,34,44
32,58,58,58
97,63,63,63
87,88,88,88
37,37,51,51
40,69,69,69
91,81,81,81
16,16,73,16
27,33,33,33
33,33,8,33
86,16,16,16
89,89,13,89
5,84,84,84
76,56,56,56
83,83,70,83
74,74,63,74
85,37,37,37
24,24,7,7
93,75,75,75
32,61,61,61
76,76,59,76
45,74,74,32
5,84,84,84
52,52,96,52
46,2,2,2
72,81,81,81
40,40,40,40
58,37,37,37
84,84,10,84
6,7,7,7
91,91,84,84
38,27,27,27
35,46,46,46
66,59,59,59
25,8,8,48
79,26,26,26
57,53,53,53
23,23,67,23
14,14,14,14
15,63,63,63
86,86,22,22
75,75,66,75
45,45,26,45
6,6,14,14
22,22,99,22
33,96,96,96
76,76,30,76
52,52,59,52
41,90,90,90
90,49,49,49
22,22,99,22
34,84,84,84
45,4,4,4
66,8,8,8
7,98,98,98
95,30,30,30
11,36,36,36
1,1,1,1
23,23,67,23
3,3,80,3
22,25,25,25
5,5,10,5
80,74,74,74
93,86,86,86
27,25,25,25
86,58,58,58
69,69,18,69
92,82,82,82
53,53,83,53
54,58,58,58
63,29,29,29
18,18,78,18
84,84,34,84
66,66,86,66
8,50,50,50
59,96,96,96
8,8,37,8
42,80,80,80
62,62,62,62
29,44,44,44
30,73,73,73
73,73,30,73
2,2,63,2
96,76,76,17
39,39,33,39
4,66,66,66
22,84,84,84
45,45,25,45
83,60,60,60
58,58,14,58
73,73,93,73
18,18,83,18
84,84,84,84
4,4,74,4
5,5,20,5
2,54,54,54
18,14,14,14
23,23,69,23
29,29,29,29
85,85,15,85
34,77,77,77
42,13,13,13
16,16,81,16
86,94,94,94
65,23,23,23
95,95,72,95
45,45,85,45
97,66,66,66
0,0,35,0
20,28,28,28
46,32,32,32
44,42,42,42
86,86,24,86
92,62,62,62
29,78,78,78
85,85,58,85
82,82,82,82
91,26,26,26
82,82,6,82
17,17,90,17
38,42,42,42
58,74,74,74
12,12,69,12
26,26,1,26
54,38,38,38
28,63,63,63
58,25,25,25
79,18,18,18
1,1,47,1
4,35,35,35
95,99,99,99
10,16,16,16
3,12,12,12
33,84,84,84
23,5,5,5
91,97,97,97
73,90,90,90
1,1,26,1
1,93,93,93
35,35,11,35
10,0,0,0
19,19,60,19
88,88,81,88
11,11,98,11
29,29,31,31
56,56,15,56
0,83,83,83
54,54,92,54
61,22,22,22
20,16,16,16
13,13,85,13
17,17,60,17
53,53,53,53
89,89,85,89
18,18,34,18
81,85,85,85
6,6,14,6
96,96,33,96
41,89,89,89
26,26,72,26
26,26,22,26
25,25,32,25
60,60,69,60
22,81,81,81
73,93,93,93
4,44,44,44
47,47,89,47
24,24,7,24
18,50,50,50
78,78,66,66
17,17,60,17
7,7,24,7
0,0,83,0
87,87,86,87
26,79,79,79
95,73,73,73
14,26,26,26
56,56,96,56
18,78,78,78
12,12,49,49
54,54,70,54
21,38,38,38
79,79,77,79
8,8,8,8
43,43,63,43
39,39,72,39
24,22,22,22
40,40,40,40
53,83,83,83
35,98,98,98
21,63,63,63
31,84,84,84
8,8,38,38
57,57,32,57
33,96,96,96
82,0,0,0
35,35,11,35
6,63,63,63
5,94,94,94
40,54,54,54
65,65,42,65
22,22,26,22
16,16,72,16
64,64,65,65
57,4,4,4
98,2,2,2
64,65,65,65
88,34,34,34
55,72,72,76
58,58,85,58
27,63,63,89
36,36,64,36
13,13,89,13
91,91,91,91
84,84,8,84
9,9,57,9
5,27,27,27
9,98,98,98
65,65,64,65
85,91,91,91
70,70,92,70
59,96,96,96
93,74,74,74
2,36,36,36
59,47,47,47
79,79,73,79
70,70,92,70
34,34,36,34
97,97,42,97
86,95,95,75
49,49,76,49
18,44,44,44
55,55,27,55
70,62,62,62
73,37,37,37
38,48,48,48
34,88,88,50
61,61,10,61
69,69,9,69
37,2,2,2
64,74,74,74
24,24,7,24
3,40,40,40
78,78,78,78
74,93,93,93
33,96,96,96
35,57,57,57
1,1,83,1
84,84,15,84
22,88,88,88
86,22,22,22
4,4,24,4
91,91,91,91
13,58,58,58
90,32,32,32
68,68,68,68
60,60,60,60
84,27,27,27
0,0,92,0
34,88,88,88
18,92,92,92
32,32,24,32
92,92,70,92
14,6,6,6
96,49,49,49
35,98,98,98
86,28,28,28
3,4,4,4
89,89,58,89
79,78,78,78
15,96,96,96
66,50,50,50
35,81,81,81
50,66,66,66
12,12,90,12
41,41,80,41
31,31,63,63
34,46,46,46
93,93,4,93
84,84,26,84
26,45,45,45
74,74,78,74
78,77,77,77
50,50,1,50
57,32,32,32
54,54,41,54
2,2,32,2
95,73,73,73
44,44,5,44
66,66,97,66
60,60,71,60
26,46,46,46
58,58,20,58
82,82,82,82
67,42,42,42
98,83,83,83
89,89,15,89
28,28,10,28
55,3,3,3
95,95,24,95
76,69,69,69
60,60,33,60
76,76,16,76
91,91,91,91
37,66,66,64
2,91,91,91
3,3,63,3
62,62,62,62
43,19,19,19
91,74,74,74
48,48,48,48
63,74,74,74
34,74,74,74
56,51,51,51
34,88,88,88
53,53,57,53
3,3,19,19
28,28,20,28
8,8,38,38
40,99,99,99
44,26,26,26
33,96,96,96
61,61,10,61
60,60,68,60
73,73,91,73
61,10,10,10
26,26,64,64
59,55,55,55
4,3,3,3
49,49,37,49
92,92,54,92
92,70,70,70
6,34,34,34
72,15,15,15
86,22,22,22
18,18,88,18
20,20,58,20
55,3,3,63
0,0,10,0
85,58,58,58
75,38,38,38
18,18,65,18
23,3,3,3
74,14,14,14
95,30,30,30
81,85,85,55
58,4,4,4
73,73,30,73
60,60,68,60
21,15,15,15
14,83,83,83
19,64,64,64
87,25,25,25
47,47,33,47
79,99,99,99
90,90,33,90
75,75,13,75
73,58,58,58
15,15,31,15
41,41,48,48
39,39,99,39
99,78,78,78
11,58,58,58
94,37,37,37
45,45,29,45
91,91,58,91
36,36,34,36
77,77,14,77
3,86,86,86
75,75,28,75
92,92,62,92
94,16,16,16
61,61,22,61
50,85,85,85
38,18,18,18
12,12,69,12
1,1,93,1
0,0,53,0
30,30,93,30
84,25,25,25
98,98,35,35
29,29,29,29
7,7,74,7
18,18,33,18
48,89,89,89
89,81,81,81
91,91,91,91
84,77,77,77
63,42,42,42
62,1,1,1
31,31,37,31
40,56,56,56
55,55,46,46
30,30,4,30
61,10,10,10
86,46,46,46
47,47,96,47
33,33,96,33
11,1,1,1
25,20,20,20
14,14,51,14
28,28,56,28
75,75,74,75
11,5,5,5
81,48,48,48
61,50,50,50
73,73,99,73
79,79,26,79
5,44,44,44
88,43,43,43
56,56,17,37
81,81,37,81
31,29,29,29
84,84,20,84
69,40,40,40
30,30,85,30
6,13,13,13
68,68,52,68
70,92,92,92
12,12,25,90
74,74,44,66
7,7,79,7
21,65,65,65
55,40,40,40
71,60,60,60
5,65,65,65
14,14,74,14
48,48,48,48
18,83,83,83
0,0,0,0
70,0,0,0
38,89,89,89
26,4,4,14
24,24,7,24
69,69,12,69
16,81,81,81
9,9,54,9
42,42,66,42
41,41,41,41
39,59,59,59
27,27,38,27
0,0,53,0
70,70,92,70
85,50,50,50
9,9,9,9
43,43,56,43
79,79,82,79
77,77,73,77
75,75,74,75
74,74,7,74
80,38,38,38
42,42,78,42
67,83,83,83
8,8,59,8
0,83,83,83
36,43,43,42
89,89,5,89
43,43,64,43
46,98,98,98
69,69,73,69
56,31,31,31
42,36,36,36
10,10,51,51
71,23,23,23
98,98,35,98
55,90,90,90
40,30,30,30
16,10,10,10
0,0,6,0
21,78,78,15
2,2,42,2
1,1,54,1
64,63,63,63
52,96,96,96
43,43,36,43
83,92,92,92
65,65,79,65
68,68,60,68
18,18,78,18
1,1,91,1
25,25,73,73
96,31,31,31
46,98,98,98
47,47,96,47
90,90,68,90
2,2,70,2
28,51,51,51
37,49,49,49
61,54,54,54
31,31,37,31
77,93,93,93
4,10,10,10
92,70,70,70
38,38,97,38
93,30,30,30
28,28,10,28
39,39,87,39
18,74,74,74
41,41,41,41
44,67,67,67
49,49,49,49
1,92,92,92
11,11,11,11
19,27,27,39
91,74,74,74
82,82,82,82
4,4,87,4
60,60,68,60
34,66,66,66
56,56,52,56
19,25,25,25
32,32,37,32
74,88,88,88
87,59,59,59
99,99,78,99
72,73,73,73
98,63,63,63
8,33,33,33
58,58,21,58
93,95,95,95
87,87,21,21
87,35,35,35
24,24,79,24
35,35,22,35
43,53,53,53
52,52,47,52
6,6,6,6
4,93,93,93
33,56,56,56
8,8,48,8
63,63,74,74
26,26,19,19
34,34,88,34
39,39,39,39
97,97,96,97
47,52,52,52
75,75,58,75
33,98,98,98
87,87,87,87
49,49,59,49
46,11,11,11
16,16,16,16
33,33,96,33
76,76,16,76
41,41,41,41
97,66,66,66
8,8,48,8
75,75,79,79
17,17,37,17
80,79,79,79
93,93,73,93
27,18,18,18
4,74,74,74
41,41,7,7
49,60,60,60
30,67,67,67
31,72,72,72
21,21,31,21
77,77,7,7
90,93,93,93
54,54,78,54
87,87,10,87
86,86,25,86
37,37,97,37
47,96,96,52
66,74,74,74
2,2,35,35
73,73,30,73
55,72,72,72
25,54,54,54
62,62,1,1
26,26,70,26
19,19,65,19
28,28,10,28
15,15,89,89
14,65,65,65
59,52,52,52
69,76,76,76
45,45,26,45
92,92,62,92
39,39,39,39
42,88,88,84
58,58,13,58
49,17,17,17
48,91,91,91
44,18,18,18
71,73,73,73
48,87,87,87
69,69,40,69
9,9,40,9
77,22,22,22
25,37,37,37
35,35,11,35
23,71,71,71
66,66,97,66
66,66,29,29
88,97,97,97
82,82,82,82
1,48,48,48
39,39,99,39
88,88,36,88
93,73,73,73
82,82,56,82
7,14,14,14
17,76,76,76
56,96,96,96
40,28,28,28
70,70,83,70
1,1,14,1
68,68,12,68
59,52,52,52
69,59,59,59
45,42,42,42
16,16,16,16
6,82,82,82
85,85,55,85
12,68,68,68
99,99,61,99
88,88,50,88
40,40,40,40
68,68,17,17
36,36,70,36
23,25,25,25
17,81,81,81
13,98,98,98
20,25,25,25
46,98,98,98
75,75,75,75
61,22,22,22
70,62,62,62
58,58,74,58
42,34,34,34
51,51,66,51
75,75,74,75
73,73,73,73
70,70,54,70
37,85,85,85
28,28,61,28
90,90,58,90
95,55,55,55
88,88,4,88
68,56,56,56
38,38,8,38
95,73,73,73
77,79,79,79
16,9,9,40
58,19,19,19
99,99,78,99
39,39,39,39
56,56,52,56
17,17,85,17
33,96,96,96
77,4,4,4
63,34,34,34
87,22,22,22
75,36,36,36
4,38,38,38
16,16,86,86
94,94,25,94
55,73,73,73
76,76,76,76
60,60,96,60
97,97,64,97
1,1,32,1
0,0,53,0
75,75,44,75
31,43,43,43
55,73,73,73
71,71,23,23
75,75,75,75
52,52,96,52
6,74,74,74
43,42,42,42
14,14,7,14
84,84,77,84
14,14,18,14
51,26,26,26
1,1,1,1
88,42,42,37
53,53,53,53
66,97,97,97
5,39,39,39
56,47,47,47
32,32,29,29
52,52,59,52
40,40,9,40
24,24,24,24
86,86,86,86
54,54,50,54
54,57,57,57
88,42,42,42
61,61,63,61
87,22,22,22
54,54,65,54
24,24,24,24
10,84,84,84
85,85,20,85
17,8,8,48
90,72,72,58
22,22,10,22
86,22,22,22
77,77,51,77
79,79,14,79
94,23,23,23
45,6,6,6
0,0,0,0
39,39,23,39
89,89,90,89
82,82,62,82
41,77,77,77
87,20,20,20
91,91,84,91
73,73,67,73
4,4,3,3
62,53,53,53
72,3,3,96
98,35,35,5
10,97,97,97
11,2,2,2
28,28,28,28
38,15,15,15
74,7,7,7
70,70,62,70
13,13,37,13
7,26,26,26
15,15,19,15
24,74,74,74
76,76,76,76
98,46,46,3
67,72,72,72
79,18,18,18
15,38,38,38
47,47,47,47
47,47,47,47
93,66,66,66
73,67,67,67
13,81,81,81
26,26,93,26
70,70,92,70
95,73,73,73
60,60,96,60
70,83,83,83
11,35,35,35
82,82,98,82
66,37,37,96
34,34,29,34
6,6,7,6
65,65,14,65
62,62,1,62
74,58,58,58
46,59,59,59
36,4,4,4
88,42,42,42
96,47,47,47
48,48,3,48
79,79,54,79
50,80,80,80
19,19,38,19
83,57,57,57
66,63,63,63
68,68,49,68
97,66,66,66
64,64,54,54
16,16,6,16
61,96,96,96
16,16,48,48
84,78,78,78
18,18,14,18
29,29,34,29
63,63,93,63
57,62,62,62
9,18,18,18
38,38,64,38
43,3,3,3
74,45,45,45
15,29,29,29
1,1,93,1
67,50,50,50
91,33,33,33
1,1,93,1
84,84,59,25
69,69,18,69
13,59,59,59
10,0,0,0
33,33,79,33
80,44,44,44
68,68,90,68
30,30,95,30
8,8,86,8
3,3,14,14
13,81,81,81
45,45,6,6
18,18,44,18
20,14,14,14
35,2,2,2
28,28,20,28
93,50,50,50
5,5,84,5
53,53,83,53
34,34,14,34
27,27,91,27
93,67,67,67
18,18,79,18
44,64,64,64
93,93,73,93
37,90,90,90
77,80,80,80
46,35,35,13
31,19,19,19
69,57,57,57
47,47,96,47
57,57,77,57
30,30,73,30
85,85,74,85
80,50,50,50
1,1,1,1
82,82,92,82
45,14,14,14
66,37,37,37
18,77,77,77
58,58,13,58
31,31,19,19
42,42,78,42
23,23,27,23
90,58,58,58
18,79,79,79
83,83,0,83
19,19,32,32
51,51,64,51
80,80,42,42
23,23,60,23
64,64,78,64
61,61,22,61
40,36,36,36
51,55,55,55
99,99,99,99
28,28,61,28
19,15,15,15
63,63,22,63
7,56,56,56
97,97,88,97
78,99,99,99
34,43,43,43
84,60,60,60
13,81,81,2
50,24,24,24
17,17,76,17
28,28,28,28
29,29,29,29
10,67,67,67
57,16,16,16
83,83,41,83
83,83,14,83
53,62,62,62
73,73,93,73
7,7,7,7
59,17,17,17
82,82,82,82
34,34,36,34
15,15,17,15
68,68,74,68
68,68,90,68
34,34,36,34
82,82,36,82
75,75,75,75
37,25,25,25
8,8,48,8
94,94,40,94
16,76,76,76
24,24,7,24
21,21,85,21
8,12,12,12
96,96,47,96
53,53,92,53
49,57,57,57
38,33,33,33
85,84,84,84
27,27,55,55
32,32,93,32
96,96,47,96
20,20,20,20
29,29,29,29
43,63,63,63
69,69,38,69
94,87,87,87
26,1,1,1
92,92,51,51
23,23,71,23
91,91,97,91
34,77,77,77
48,48,8,48
71,23,23,23
53,36,36,36
25,23,23,23
0,0,10,0
59,59,47,59
57,45,45,45
69,69,40,69
73,73,13,73
27,74,74,74
12,45,45,45
42,42,29,42
61,61,22,61
21,35,35,35
72,95,95,95
88,50,50,50
28,10,10,10
15,25,25,78
24,79,79,79
1,1,7,1
77,77,15,15
67,32,32,32
82,82,82,82
5,2,2,2
64,64,97,64
51,51,35,51
52,59,59,59
79,79,74,79
70,70,92,70
46,48,48,48
1,30,30,88
59,59,96,59
87,87,61,87
68,68,60,68
88,94,94,94
76,76,76,76
45,45,26,45
15,77,77,77
79,6,6,6
1,45,45,45
35,40,40,40
94,25,25,25
79,38,38,38
16,26,26,26
49,71,71,71
26,36,36,36
72,72,55,55
60,60,17,60
73,73,95,73
9,9,16,9
75,75,44,75
5,29,29,29
72,85,85,85
27,6,6,6
67,63,63,63
38,59,59,59
18,54,54,54
45,98,98,98
36,36,2,36
40,84,84,84
96,52,52,52
35,97,97,97
7,27,27,27
85,85,90,85
30,93,93,93
14,34,34,34
51,51,84,51
79,79,6,79
76,14,14,14
99,99,99,99
86,86,87,86
15,15,79,15
29,29,29,29
63,63,74,63
66,66,94,66
62,62,70,62
80,42,42,42
24,24,24,24
57,57,14,57
43,42,42,42
78,78,78,78
33,33,96,33
99,99,79,99
95,95,95,95
93,67,67,67
72,74,74,74
71,12,12,12
77,50,50,50
86,86,85,85
64,97,97,97
4,6,6,6
23,15,15,15
62,70,70,70
50,74,74,74
17,37,37,37
98,98,35,35
21,21,85,72
32,32,45,32
57,57,53,57
99,61,61,61
2,50,50,50
6,34,34,34
70,92,92,92
82,82,47,82
82,62,62,62
94,11,11,11
95,95,30,95
81,51,51,51
96,96,59,96
77,32,32,32
33,33,96,33
67,67,73,67
31,31,63,63
60,60,49,60
7,20,20,20
74,65,65,65
63,1,1,1
62,62,62,62
82,82,62,82
36,36,61,36
12,49,49,49
31,31,68,31
47,47,59,47
75,75,75,75
77,22,22,22
29,29,25,29
94,94,84,94
27,27,33,27
70,35,35,35
95,74,74,74
32,85,85,85
38,98,98,98
67,93,93,93
37,85,85,85
2,32,32,25
65,36,36,36
40,51,51,51
53,53,82,53
87,87,73,87
95,95,30,95
53,53,57,53
42,42,74,42
43,43,98,43
89,89,81,89
69,69,60,69
93,14,14,62
81,58,58,25
84,84,53,84
71,71,60,71
31,19,19,19
33,27,27,27
73,73,93,73
75,75,25,75
85,21,21,21
47,47,1,47
97,97,74,97
54,83,83,83
13,81,81,81
24,7,7,7
46,5,5,5
62,32,32,32
92,62,62,62
53,53,83,53
98,51,51,51
66,63,63,63
45,86,86,86
48,48,48,48
94,94,9,9
16,86,86,98
69,87,87,87
60,60,96,60
27,66,66,66
35,98,98,98
59,59,66,59
47,52,52,52
44,4,4,4
57,83,83,83
4,63,63,63
83,83,45,83
89,89,15,89
71,71,49,71
58,90,90,90
52,52,56,52
46,32,32,32
58,37,37,12
98,35,35,35
22,93,93,93
62,83,83,83
47,52,52,52
2,64,64,64
58,58,58,58
77,77,7,77
96,96,33,96
86,16,16,16
33,33,12,33
13,13,58,58
69,90,90,90
97,74,74,74
14,50,50,65
51,51,33,51
2,79,79,79
4,63,63,63
29,33,33,33
58,58,25,58
44,42,42,42
6,6,77,77
80,38,38,38
81,81,5,81
99,99,73,99
28,86,86,86
50,38,38,38
57,57,43,57
88,88,42,42
25,62,62,62
38,19,19,19
71,71,73,73
47,47,52,47
53,53,57,53
48,48,48,48
79,7,7,7
59,56,56,56
29,29,34,29
82,82,82,82
90,89,89,89
26,18,18,18
81,74,74,74
17,17,96,17
14,14,75,14
69,69,69,69
25,13,13,13
32,37,37,37
39,39,61,39
14,14,41,14
89,85,85,85
3,64,64,64
67,67,23,67
78,66,66,66
28,28,96,96
98,98,35,98
88,88,43,88
20,20,20,20
3,3,26,3
18,18,29,18
60,60,71,60
48,48,78,78
69,69,9,69
18,14,14,14
41,21,21,86
6,6,83,6
39,26,26,26
44,64,64,64
15,52,52,52
37,37,84,37
57,57,70,70
48,48,48,48
98,3,3,3
89,54,54,54
67,99,99,99
77,35,35,35
38,38,97,38
71,23,23,23
21,21,64,21
96,96,59,96
11,11,11,11
13,8,8,8
84,26,26,26
73,30,30,30
58,89,89,89
73,30,30,30
35,36,36,36
31,11,11,11
83,39,39,39
59,12,12,12
77,19,19,19
50,50,74,50
41,41,58,41
89,44,44,44
19,19,3,19
54,39,39,25
4,4,26,26
68,68,33,68
9,9,14,14
91,91,32,91
67,93,93,93
19,19,77,19
40,58,58,58
71,71,23,71
57,51,51,51
38,78,78,78
9,9,9,9
82,82,82,82
3,73,73,73
76,76,49,76
20,20,84,20
60,60,23,60
42,42,87,42
94,94,0,94
26,37,37,37
72,72,29,72
6,14,14,14
25,25,19,25
61,61,78,61
36,4,4,4
4,74,74,74
14,45,45,45
61,10,10,10
60,60,17,60
14,14,63,14
62,62,70,62
27,36,36,36
66,74,74,74
16,58,58,58
67,67,93,93
93,64,64,64
23,23,60,23
33,33,8,33
88,88,43,88
18,18,78,18
58,58,85,85
0,0,1,0
83,83,16,16
23,49,49,49
85,75,75,75
56,52,52,52
20,20,20,20
45,65,65,65
20,20,20,20
30,30,73,30
96,96,47,96
19,19,3,19
15,79,79,79
98,40,40,40
51,38,38,38
26,26,70,70
0,83,83,83
56,56,28,56
47,47,56,47
57,14,14,14
59,52,52,52
10,10,83,10
51,40,40,40
65,80,80,80
3,3,4,3
23,25,25,25
9,9,98,9
77,32,32,32
43,36,36,36
15,29,29,29
55,63,63,63
77,80,80,80
19,51,51,51
73,73,73,73
77,77,79,77
7,24,24,24
29,85,85,85
4,21,21,21
61,61,36,61
64,77,77,77
30,93,93,93
39,39,39,39
70,14,14,14
19,16,16,16
51,80,80,80
9,58,58,58
17,17,85,17
28,22,22,22
45,27,27,27
28,78,78,78
12,12,49,49
83,70,70,70
49,49,73,49
63,63,36,63
71,60,60,60
12,12,37,12
11,58,58,58
77,51,51,51
35,11,11,11
29,42,42,42
40,65,65,65
15,19,19,19
84,42,42,42
19,19,84,19
66,36,36,36
70,70,62,70
62,62,6,62
34,38,38,38
94,22,22,22
72,73,73,73
35,62,62,62
50,84,84,84
99,74,74,74
33,96,96,96
90,90,1,90
16,16,16,16
56,47,47,8
4,21,21,35
24,24,7,24
60,23,23,23
3,75,75,75
19,15,15,15
14,91,91,91
23,23,28,23
68,68,74,68
91,67,67,67
81,81,37,81
61,61,10,61
90,37,37,37
21,74,74,74
57,57,0,57
22,26,26,26
87,87,10,87
82,82,82,82
12,12,33,12
38,42,42,42
10,10,11,10
93,93,7,93
77,19,19,38
84,84,88,84
41,41,41,41
64,38,38,38
76,76,66,76
25,25,5,25
91,91,91,91
94,94,53,94
42,97,97,97
79,50,50,50
19,19,67,19
76,44,44,44
87,13,13,13
18,18,83,18
51,51,56,51
1,1,27,1
50,50,1,50
37,84,84,84
6,4,4,4
45,54,54,54
23,27,27,27
0,0,53,0
55,74,74,74
91,27,27,27
89,48,48,48
95,97,97,97
48,96,96,96
45,16,16,16
54,54,54,54
69,15,15,15
82,82,56,82
68,68,68,68
56,56,47,56
94,50,50,63
80,80,15,80
40,56,56,81
67,93,93,93
71,71,49,71
5,23,23,23
50,50,78,50
60,60,60,60
79,73,73,79
0,0,83,0
44,30,30,30
55,74,74,63
46,11,11,11
80,91,91,91
2,2,35,2
32,31,31,31
92,54,54,54
45,22,22,22
69,69,40,69
97,97,32,97
13,13,81,13
30,26,26,26
27,27,44,27
74,74,93,74
8,8,38,8
17,17,85,17
42,42,50,42
91,91,44,91
11,11,8,11
36,43,43,43
69,69,23,69
50,74,74,78
57,57,10,10
84,84,11,84
90,39,39,39
85,85,89,85
3,4,4,4
91,18,18,18
79,84,84,84
76,76,59,76
13,13,81,13
8,8,8,8
92,62,62,62
69,69,85,69
82,82,83,82
7,75,75,75
73,73,91,73
89,89,59,89
32,64,64,64
42,42,38,42
39,39,39,39
26,1,1,1
80,36,36,36
74,63,63,63
15,38,38,38
74,50,50,50
16,16,8,16
57,70,70,70
94,94,16,94
60,60,73,60
33,91,91,91
83,92,92,92
62,62,0,62
85,58,58,58
48,48,48,48
33,52,52,52
11,11,35,11
5,5,84,5
2,35,35,35
18,84,84,84
75,75,75,75
75,75,41,75
4,38,38,38
3,31,31,31
72,63,63,63
17,17,96,17
89,89,15,89
70,70,92,70
19,31,31,89
36,76,76,76
77,77,64,77
67,49,49,49
83,83,83,83
63,66,66,66
2,2,77,2
92,62,62,62
17,37,37,37
98,36,36,36
99,99,73,99
77,10,10,10
56,56,6,56
22,70,70,70
84,26,26,29
14,14,83,14
71,71,68,71
94,94,84,94
44,44,32,32
73,85,85,85
41,41,41,41
96,52,52,52
91,91,84,91
85,85,25,85
43,43,44,44
82,82,82,82
40,56,56,56
97,78,78,78
42,5,5,36
96,68,68,68
47,47,52,47
22,51,51,51
1,1,53,1
46,84,84,84
78,99,99,99
72,42,42,42
93,91,91,50
85,85,59,85
18,18,44,18
63,58,58,58
65,97,97,97
25,25,5,25
44,44,27,44
2,2,35,35
86,16,16,16
45,44,44,44
59,59,56,59
2,2,35,2
54,54,2,54
11,46,46,3
56,56,56,56
75,75,74,75
47,96,96,96
76,76,18,76
20,20,20,20
48,48,7,48
97,97,58,58
9,9,9,9
45,81,81,81
38,38,68,38
84,37,37,37
3,19,19,19
36,63,63,63
43,43,88,43
84,36,36,36
18,18,96,96
6,6,82,6
9,72,72,72
72,97,97,97
38,38,65,38
6,6,82,6
75,75,7,75
15,15,19,15
29,29,29,29
35,11,11,11
25,20,20,20
95,95,73,73
3,21,21,21
58,21,21,21
74,88,88,88
44,27,27,27
83,0,0,0
91,93,93,93
74,74,84,74
86,86,64,86
25,11,11,11
38,74,74,74
58,58,81,58
36,36,16,36
90,90,58,90
8,8,38,8
49,47,47,47
65,8,8,8
95,95,24,95
92,10,10,10
14,62,62,62
81,81,90,81
0,6,6,6
58,58,84,58
96,56,56,56
1,1,7,7
61,61,67,61
59,59,29,59
21,21,43,21
60,60,60,60
89,15,15,15
82,82,82,82
10,72,72,79
80,80,15,80
52,52,47,52
65,65,22,22
55,64,64,64
32,32,91,32
77,7,7,7
69,69,60,69
26,80,80,80
42,42,99,42
79,15,15,37
46,11,11,11
20,20,20,20
38,38,18,38
52,52,96,52
15,98,98,86
7,74,74,74
65,25,25,25
63,63,78,63
96,52,52,52
26,93,93,93
29,15,15,15
3,85,85,85
79,38,38,38
39,39,22,22
30,30,73,30
99,99,44,99
2,5,5,5
8,74,74,52
19,89,89,89
52,47,47,47
69,40,40,40
58,58,13,58
54,74,74,74
82,82,82,82
3,31,31,31
82,43,43,43
93,93,30,93
70,70,83,70
99,39,39,39
21,21,7,21
17,43,43,43
56,85,85,85
64,64,64,64
74,63,63,63
1,51,51,51
62,92,92,92
61,22,22,22
85,85,64,85
78,78,66,78
58,81,81,81
28,67,67,67
53,53,92,53
74,79,79,79
47,96,96,96
5,5,25,5
34,43,43,43
81,81,89,81
64,14,14,14
77,24,24,24
30,67,67,67
66,37,37,37
4,23,23,23
45,45,58,58
30,30,93,30
98,98,46,98
44,77,77,77
95,97,97,97
87,61,61,61
63,7,7,7
87,87,20,87
26,74,74,74
41,41,41,41
70,70,62,70
22,51,51,51
21,21,43,21
32,15,15,15
90,90,58,90
36,67,67,67
85,85,37,85
74,25,25,25
87,22,22,22
21,78,78,78
87,87,22,87
71,71,23,71
53,54,54,54
27,27,38,27
63,74,74,74
1,1,92,1
8,8,37,8
93,50,50,50
98,98,10,98
61,61,10,61
88,88,84,88
37,32,32,32
10,10,61,10
83,83,57,83
91,44,44,44
85,85,72,85
34,97,97,97
24,24,7,24
50,74,74,74
49,60,60,60
12,12,13,12
28,35,35,35
74,50,50,50
44,66,66,66
58,68,68,68
45,18,18,18
87,87,94,87
79,91,91,91
32,67,67,67
14,48,48,48
47,47,47,47
31,3,3,3
77,33,33,33
59,52,52,52
60,49,49,49
71,71,68,71
25,12,12,12
67,67,73,67
81,81,89,81
98,20,20,20
54,54,92,54
67,73,73,73
17,15,15,15
21,21,98,21
1,1,67,1
88,88,38,34
21,21,3,21
77,40,40,40
95,95,44,95
91,91,73,91
12,12,85,12
15,74,74,74
82,82,62,82
22,22,33,22
16,10,10,10
66,66,75,75
25,87,87,87
1,1,34,1
29,68,68,68
29,43,43,43
73,73,95,73
27,23,23,67
81,81,90,81
63,63,4,63
53,83,83,83
23,73,73,73
13,16,16,16
86,86,86,86
44,75,75,75
71,71,60,71
28,28,40,28
75,75,41,75
98,46,46,11
64,62,62,62
79,79,26,79
16,16,24,16
8,8,99,8
77,79,79,79
22,22,22,22
81,81,58,81
87,13,13,13
10,44,44,44
65,65,79,65
62,62,92,62
49,49,17,49
70,70,70,70
57,57,57,57
74,7,7,7
64,74,74,74
40,99,99,99
91,91,65,91
23,23,39,23
13,13,78,13
80,78,78,78
6,14,14,14
42,43,43,43
46,86,86,86
30,30,73,30
95,72,72,72
35,11,11,11
5,50,50,50
41,38,38,38
36,36,2,36
59,59,85,59
12,12,85,12
43,43,80,43
86,20,20,20
97,97,64,97
53,53,0,53
50,10,10,10
80,64,64,64
3,72,72,72
61,61,22,61
20,20,20,20
22,22,86,22
57,57,98,98
25,85,85,85
71,99,99,99
55,75,75,75
68,68,68,68
20,20,20,20
33,49,49,49
67,67,93,67
87,86,86,86
16,16,84,84
41,41,75,41
66,65,65,65
44,44,55,77
25,26,26,93
63,64,64,64
1,92,92,92
15,24,24,24
42,42,44,42
6,84,84,84
85,85,37,37
8,54,54,54
2,2,62,2
5,5,84,5
45,45,26,45
5,25,25,25
71,13,13,13
56,56,6,56
99,99,78,99
73,32,32,32
78,99,99,99
2,46,46,46
76,76,96,76
50,50,42,50
30,95,95,95
53,53,53,53
91,93,93,93
81,96,96,96
65,5,5,5
92,70,70,70
23,39,39,39
11,28,28,28
95,67,67,67
40,40,40,40
30,38,38,64
62,62,62,62
35,11,11,11
23,23,23,23
78,78,74,78
96,96,47,96
67,67,73,67
36,42,42,42
8,8,78,8
15,15,51,15
4,4,4,4
80,80,26,80
27,42,42,42
60,60,96,60
7,6,6,6
54,23,23,23
48,48,8,48
16,16,94,16
57,57,7,57
94,94,40,94
30,93,93,93
92,1,1,1
43,43,42,43
62,92,92,92
58,58,45,58
19,19,37,19
23,23,96,23
38,38,31,38
28,65,65,65
96,33,33,33
95,95,55,95
10,10,16,10
99,23,23,23
86,86,16,86
53,53,62,53
89,48,48,48
11,25,25,25
52,96,96,96
58,25,25,25
54,56,56,56
85,85,58,85
74,64,64,64
72,66,66,66
82,62,62,62
72,85,85,85
73,97,97,97
43,43,21,43
37,37,33,37
34,1,1,1
47,47,96,96
52,52,96,52
40,9,9,9
53,53,53,53
45,74,74,74
8,33,33,33
83,83,62,83
3,3,21,21
90,90,81,81
40,94,94,94
28,95,95,95
53,53,53,53
32,27,27,27
59,59,56,59
4,4,33,4
33,33,89,33
62,62,70,70
89,89,81,89
44,45,45,45
12,12,60,12
4,44,44,44
89,19,19,19
98,35,35,35
78,50,50,50
82,82,82,82
91,91,1,1
31,15,15,15
91,91,65,91
47,47,52,47
9,9,9,9
73,73,73,73
69,69,79,69
36,36,93,36
57,4,4,4
91,58,58,84
95,95,73,95
37,37,16,37
61,61,54,61
83,0,0,0
69,69,79,69
11,11,35,11
80,65,65,65
76,76,17,76
31,80,80,80
10,40,40,40
90,75,75,75
98,98,11,46
94,94,84,94
24,24,41,24
39,76,76,16
1,1,53,53
33,33,96,33
29,79,79,79
29,20,20,20
7,59,59,59
39,84,84,84
15,84,84,84
99,39,39,39
3,3,43,3
41,41,61,41
66,66,74,66
80,80,50,80
27,27,74,27
45,45,29,45
55,27,27,27
32,59,59,59
5,84,84,84
45,33,33,96
9,9,9,9
72,44,44,44
33,94,94,94
38,19,19,19
40,9,9,9
24,24,74,24
59,56,56,56
65,65,32,65
46,11,11,11
38,66,66,66
23,23,69,23
39,39,99,39
25,25,11,25
97,97,66,97
66,40,40,40
46,33,33,33
52,96,96,96
29,85,85,85
56,56,59,56
98,98,50,98
82,82,82,82
41,80,80,38
38,74,74,74
51,51,18,51
79,79,99,79
19,36,36,79
18,18,7,18
95,73,73,73
64,65,65,65
78,78,11,78
96,96,47,96
49,49,23,49
64,64,36,64
40,11,11,11
36,36,2,36
97,97,64,97
40,28,28,28
45,44,44,44
49,49,37,49
62,62,62,62
10,32,32,32
56,56,52,56
4,85,85,85
77,33,33,37
81,81,90,81
91,91,91,91
5,13,13,13
87,87,87,87
3,3,75,3
50,93,93,93
80,61,61,61
86,50,50,50
89,58,58,58
17,17,37,37
12,85,85,85
80,97,97,97
72,4,4,4
79,24,24,24
67,63,63,63
40,40,84,40
13,13,81,13
98,98,46,98
37,91,91,91
21,4,4,4
76,76,76,76
32,74,74,74
59,59,47,59
49,73,73,73
30,30,44,30
60,49,49,49
80,9,9,9
51,51,56,51
66,64,64,55
87,13,13,10
38,38,31,38
63,3,3,3
53,53,83,53
4,4,63,4
48,48,4,48
24,24,59,24
13,13,58,58
31,31,29,31
29,93,93,73
84,84,54,84
46,2,2,2
61,22,22,22
24,24,86,24
34,34,50,34
98,98,11,98
45,45,16,45
99,44,44,44
27,27,44,27
51,51,64,51
91,91,91,91
0,70,70,70
72,3,3,3
50,50,43,50
57,57,57,57
4,50,50,50
60,60,82,60
81,37,37,33
86,86,86,86
9,13,13,13
11,32,32,32
92,73,73,73
99,99,78,99
77,77,93,77
57,57,57,57
14,14,62,14
2,2,35,35
70,70,62,70
69,69,40,40
69,69,56,69
32,91,91,91
79,33,33,33
44,93,93,93
58,12,12,12
0,0,83,0
20,20,87,20
7,6,6,6
45,72,72,72
82,82,82,82
79,8,8,33
58,85,85,85
73,73,79,73
58,13,13,87
75,75,3,75
85,55,55,55
55,6,6,6
70,70,62,62
29,7,7,7
97,64,64,64
11,46,46,46
53,53,62,62
37,80,80,80
73,30,30,30
28,62,62,62
86,44,44,69
50,78,78,78
24,24,24,24
31,27,27,27
95,95,55,95
1,1,62,1
2,2,50,2
36,50,50,50
59,52,52,52
99,99,18,99
55,27,27,27
85,85,58,85
0,0,53,0
23,23,71,23
64,64,63,64
82,13,13,13
62,62,70,62
31,31,63,31
86,86,86,86
57,24,24,24
72,35,35,98
73,91,91,91
42,78,78,78
91,91,93,91
84,85,85,85
85,27,27,27
90,90,15,90
69,69,34,69
82,82,82,82
21,21,86,21
89,89,38,89
68,90,90,90
68,68,71,68
76,76,76,76
31,31,85,85
58,58,85,58
8,8,8,8
37,42,42,45
13,13,81,13
30,95,95,95
78,78,99,78
43,14,14,14
33,96,96,96
99,23,23,39
42,64,64,64
12,12,55,12
92,70,70,70
8,48,48,48
82,82,82,82
78,39,39,39
97,31,31,31
62,70,70,70
74,74,50,74
4,74,74,74
69,73,73,73
29,55,55,55
97,29,29,29
74,79,79,6
56,56,52,56
18,18,27,18
74,14,14,14
3,64,64,64
95,95,98,95
54,54,51,54
53,1,1,1
45,16,16,16
16,65,65,65
73,73,93,73
29,34,34,34
33,79,79,79
6,34,34,34
86,22,22,22
19,19,38,19
97,97,38,97
4,78,78,78
9,98,98,98
53,53,14,53
89,89,85,85
18,14,14,14
87,8,8,8
26,67,67,67
49,49,60,49
11,58,58,58
14,18,18,18
65,80,80,80
83,14,14,14
3,21,21,21
27,27,74,27
30,93,93,93
52,59,59,59
74,66,66,66
29,80,80,80
96,78,78,78
90,90,90,90
14,55,55,64
77,79,79,79
65,3,3,3
7,7,50,7
75,64,64,64
27,71,71,71
16,16,2,16
30,30,73,30
50,59,59,59
83,70,70,70
14,21,21,21
51,51,44,51
42,50,50,50
70,70,1,70
