label,origin_pred,pred_eps=8.0,pred_eps=4.0
49,11,11,11
33,50,50,97
72,37,37,37
51,51,91,91
71,71,71,71
92,3,3,6
15,38,38,8
14,14,74,74
23,23,60,60
0,53,53,53
71,76,76,87
75,75,73,73
81,81,13,13
69,69,69,69
40,40,40,40
43,43,38,38
92,92,92,92
97,97,97,97
70,70,62,70
53,53,53,53
70,70,70,70
49,49,39,49
75,75,75,75
29,76,76,76
21,21,87,21
16,16,22,16
39,39,39,39
8,8,8,8
8,8,24,24
70,84,84,84
20,20,20,20
61,61,10,10
41,41,41,41
93,73,73,73
56,56,31,56
73,64,64,64
58,58,41,58
11,11,35,35
25,25,26,25
37,37,17,12
63,63,38,38
24,24,9,9
49,49,39,39
73,30,30,23
56,56,56,56
22,22,22,22
41,41,83,83
58,58,58,58
75,75,64,75
17,76,76,76
4,4,80,4
6,6,42,42
9,9,16,9
57,57,35,57
2,2,11,11
32,32,11,32
71,71,49,71
52,52,47,47
42,42,88,42
69,69,69,69
77,78,78,78
27,27,67,27
15,31,31,31
65,65,55,55
7,62,62,62
35,35,45,45
43,43,50,50
82,82,70,70
63,63,66,63
92,57,57,57
66,66,48,48
90,72,72,72
67,67,36,36
91,91,91,91
32,76,76,76
32,32,11,32
82,82,82,82
10,10,16,10
77,77,0,77
22,61,61,61
71,71,49,49
78,25,25,25
54,54,54,54
6,6,7,6
29,29,73,29
89,89,19,19
78,99,99,99
33,31,31,42
11,35,35,46
67,30,30,30
22,10,10,10
18,18,39,18
27,93,93,93
21,21,21,21
13,13,81,13
21,21,65,21
50,50,6,6
75,7,7,7
37,68,68,68
35,89,89,89
26,26,27,27
83,92,92,92
47,47,17,47
95,95,9,9
43,43,43,43
69,69,69,69
76,76,76,76
17,17,49,17
57,57,53,53
59,47,47,47
25,25,25,25
20,20,20,20
27,27,27,27
0,0,26,26
9,94,94,94
71,71,60,71
8,8,48,48
43,43,64,43
57,57,53,53
56,56,56,56
85,85,90,90
10,45,45,45
19,19,38,38
92,92,62,62
33,33,89,89
20,20,84,84
21,21,3,3
50,31,31,43
70,70,51,70
46,35,35,35
11,40,40,16
16,16,16,16
1,1,81,81
74,74,10,10
33,3,3,3
91,91,91,91
60,60,60,60
64,97,97,97
52,52,47,52
23,23,71,23
4,4,42,4
11,11,11,11
52,52,47,52
37,80,80,89
24,24,7,7
95,95,95,95
25,25,58,25
39,39,39,39
51,51,91,91
58,58,85,85
58,48,48,48
77,77,61,61
18,66,66,66
59,49,49,49
45,45,55,45
66,66,27,27
58,58,85,58
20,20,20,20
24,24,7,21
4,42,42,42
36,36,35,36
8,8,20,20
87,31,31,31
10,10,51,51
30,97,97,97
47,47,96,96
54,54,54,54
99,99,99,99
51,51,51,51
83,83,45,45
9,9,16,16
37,26,26,45
4,74,74,74
83,16,16,16
95,95,95,95
83,83,45,45
32,95,95,95
73,73,93,73
18,51,51,51
40,40,40,40
39,33,33,33
64,97,97,97
22,22,22,22
80,50,50,50
28,16,16,31
28,28,40,40
40,25,25,25
95,95,30,95
98,98,98,98
83,83,70,83
12,12,12,12
24,7,7,7
45,62,62,62
13,13,13,13
94,94,94,94
24,24,24,24
58,90,90,90
63,63,42,42
7,7,24,7
87,87,9,87
6,6,50,50
78,78,78,78
68,68,59,59
60,60,60,60
6,6,45,45
23,23,23,23
44,44,79,79
31,31,19,19
80,22,22,22
93,93,59,93
73,93,93,93
98,11,11,11
49,49,17,17
90,33,33,33
97,97,97,97
59,59,31,31
2,53,53,53
67,30,30,30
16,83,83,83
81,81,58,58
94,94,5,94
27,95,95,95
76,5,5,27
77,77,80,77
12,12,68,68
18,44,44,50
0,0,83,0
76,25,25,25
79,80,80,80
71,71,71,71
89,89,89,89
57,57,0,57
47,59,59,59
24,24,24,24
65,65,36,65
0,45,45,45
32,32,31,31
36,36,43,36
82,82,82,82
31,96,96,96
23,23,23,23
24,24,24,24
34,34,1,1
21,21,86,86
11,11,98,11
53,53,53,53
80,80,38,38
44,44,13,13
4,3,3,3
39,39,16,39
91,91,12,91
16,16,25,16
36,66,66,86
68,68,36,36
50,57,57,57
97,38,38,38
58,8,8,8
31,75,75,75
6,11,11,11
42,42,6,42
80,38,38,38
76,76,76,76
89,13,13,13
55,30,30,30
19,19,45,45
91,91,75,91
70,62,62,62
1,1,38,1
6,44,44,44
62,62,70,70
99,99,99,99
51,51,51,51
96,96,59,59
83,0,0,0
42,42,17,17
18,91,91,91
67,67,67,67
66,28,28,28
40,40,40,40
62,62,62,62
78,78,51,51
84,84,84,84
28,40,40,40
89,89,58,89
30,95,95,73
66,66,26,26
18,6,6,6
38,19,19,19
42,42,78,78
92,92,10,92
27,91,91,91
11,38,38,38
86,86,87,86
44,27,27,27
96,96,15,96
12,12,12,12
16,10,10,10
67,67,10,10
43,43,34,34
89,48,48,48
96,52,52,52
12,95,95,95
40,40,51,51
7,24,24,24
86,49,49,49
77,44,44,1
76,76,76,76
31,66,66,66
18,69,69,69
28,28,28,28
19,19,3,3
18,18,14,14
41,41,41,41
42,47,47,47
43,80,80,80
31,15,15,15
93,4,4,4
15,15,31,31
10,75,75,75
8,8,8,8
37,17,17,17
89,17,17,17
32,35,35,35
67,73,73,73
12,12,89,12
2,2,2,2
19,19,35,35
91,91,32,91
94,94,76,94
7,7,79,79
71,71,87,87
36,36,34,34
61,61,61,61
62,62,7,62
5,23,23,23
60,60,71,60
45,67,67,67
91,91,73,91
34,54,54,54
95,93,93,93
9,22,22,23
40,92,92,92
68,68,49,68
62,62,62,62
99,99,99,99
66,66,66,66
46,46,35,46
7,7,24,24
10,93,93,93
10,4,4,4
68,68,90,90
34,80,80,65
37,49,49,49
58,58,13,13
48,48,61,61
40,40,40,40
96,96,4,4
14,14,6,33
11,35,35,35
66,63,63,63
64,64,64,64
39,39,39,39
33,71,71,71
94,94,33,94
63,63,42,63
10,61,61,61
89,26,26,26
92,54,54,54
90,90,25,25
65,38,38,38
90,90,89,89
33,33,96,33
28,28,84,84
29,29,29,29
87,65,65,65
86,86,54,54
7,7,24,7
0,0,83,0
94,94,94,94
11,35,35,35
26,51,51,51
6,6,6,6
41,41,41,41
21,15,15,15
69,69,69,69
27,34,34,34
29,29,92,29
67,72,72,72
85,85,85,85
65,65,65,65
40,40,87,87
57,57,36,57
72,26,26,26
30,30,30,30
74,15,15,15
27,27,34,34
3,4,4,4
49,49,33,33
52,52,47,52
95,30,30,30
40,40,40,40
93,59,59,59
77,2,2,2
91,12,12,12
6,6,45,6
57,57,40,40
72,72,55,55
16,16,16,16
98,98,75,98
89,8,8,42
40,40,40,40
96,47,47,47
71,71,49,71
3,40,40,40
2,32,32,32
66,66,8,66
27,25,25,25
8,89,89,89
53,53,53,53
33,33,42,78
55,80,80,80
81,13,13,13
88,88,80,80
96,88,88,88
68,71,71,71
42,42,88,88
77,93,93,93
10,40,40,40
27,27,4,27
32,0,0,0
79,26,26,26
98,98,98,98
18,79,79,79
51,51,51,51
2,11,11,11
19,51,51,51
31,56,56,56
67,95,95,95
36,36,64,64
10,1,1,1
16,16,22,16
5,5,91,91
81,81,93,93
85,85,72,85
26,14,14,14
85,85,37,85
65,38,38,3
22,79,79,79
55,55,4,4
85,13,13,13
22,95,95,95
22,47,47,47
10,22,22,22
18,18,16,16
98,35,35,35
9,9,86,9
26,29,29,29
27,93,93,93
7,7,24,24
5,94,94,94
58,58,19,19
87,87,87,87
76,76,69,69
2,87,87,87
54,14,14,14
38,44,44,44
33,65,65,6
17,17,58,58
6,6,6,6
0,0,83,0
79,79,15,6
97,97,91,97
14,79,79,79
14,14,75,75
73,93,93,93
79,70,70,70
8,12,12,37
42,42,66,88
4,4,72,72
25,25,17,25
37,37,85,85
75,75,75,75
74,10,10,10
41,46,46,46
0,0,0,0
99,99,23,23
79,34,34,34
87,87,87,87
67,69,69,69
72,72,99,99
38,38,43,43
25,57,57,57
49,49,60,49
3,98,98,98
74,74,50,50
69,32,32,32
36,57,57,57
77,37,37,37
89,89,15,15
71,71,71,71
31,31,18,18
50,50,99,99
90,90,16,90
11,9,9,9
2,35,35,11
41,41,41,41
38,38,74,74
58,58,90,58
47,47,47,47
93,93,93,93
68,68,68,68
11,11,11,11
35,2,2,86
67,73,73,95
54,54,67,54
53,53,53,53
30,73,73,73
36,36,32,36
83,70,70,70
54,54,54,54
64,64,26,26
46,81,81,81
45,78,78,78
98,46,46,46
62,62,70,62
46,10,10,10
95,95,95,95
88,92,92,92
37,38,38,38
18,18,55,55
29,89,89,89
63,63,63,63
8,8,51,51
33,79,79,79
35,98,98,98
6,80,80,80
76,52,52,59
19,72,72,91
99,99,99,99
53,53,72,72
15,43,43,43
57,79,79,79
2,2,35,35
27,27,93,93
27,69,69,69
93,30,30,30
81,81,37,37
54,54,36,54
71,71,60,71
26,50,50,50
25,25,94,17
35,35,35,35
30,69,69,69
72,72,17,59
8,48,48,48
42,42,43,42
62,62,70,70
56,56,6,6
78,55,55,55
47,47,96,96
73,73,93,93
43,81,81,81
20,20,20,20
83,45,45,45
63,29,29,29
49,49,31,31
28,57,57,57
26,26,26,26
45,45,36,45
36,7,7,7
36,36,1,1
68,68,33,68
1,48,48,48
2,98,98,98
99,75,75,93
9,76,76,76
65,92,92,92
38,38,97,38
58,46,46,46
96,96,67,96
38,38,44,44
87,87,87,87
82,82,82,82
22,22,10,22
83,83,57,57
41,41,41,41
7,54,54,54
12,38,38,38
10,10,10,10
35,98,98,26
44,44,34,34
81,81,5,5
91,91,91,91
56,56,56,56
9,57,57,57
24,85,85,85
3,6,6,6
30,73,73,73
1,1,92,92
39,39,39,39
98,97,97,97
72,77,77,77
83,83,83,83
80,88,88,88
43,43,17,43
84,84,2,2
66,66,13,13
4,4,42,72
64,64,80,80
77,77,34,34
98,26,26,26
82,82,82,82
81,81,89,89
20,9,9,9
0,0,70,0
48,48,82,48
46,11,11,64
33,11,11,11
22,61,61,61
13,13,58,58
17,49,49,49
39,39,39,39
76,76,17,76
0,0,70,0
17,17,17,17
64,64,35,35
48,48,48,48
90,51,51,51
93,93,93,93
82,82,82,82
75,75,75,75
96,50,50,50
97,97,2,97
3,72,72,72
83,92,92,92
60,60,15,15
61,61,61,61
32,32,4,4
26,26,26,26
84,5,5,5
41,59,59,59
12,29,29,29
85,85,58,85
12,76,76,76
8,8,48,8
82,82,62,62
72,93,93,85
94,94,94,94
7,3,3,3
22,87,87,87
15,15,97,15
66,66,5,66
89,89,22,22
97,56,56,56
19,19,97,98
0,0,23,23
19,75,75,75
5,5,87,5
56,89,89,89
36,36,46,46
45,45,45,45
1,1,1,1
94,94,87,87
66,31,31,31
86,32,32,32
82,82,82,82
17,17,85,17
64,64,27,27
99,53,53,53
34,34,28,28
30,30,66,66
73,39,39,39
83,83,0,83
6,55,55,55
1,22,22,22
28,28,28,28
77,77,38,38
91,91,91,91
74,44,44,4
68,68,60,60
14,14,89,14
14,14,14,14
1,91,91,91
92,92,0,92
97,97,97,97
45,45,42,42
7,14,14,14
21,21,21,21
37,49,49,49
32,32,36,36
73,80,80,80
88,88,78,78
86,86,86,86
92,82,82,82
14,14,26,14
86,10,10,10
74,4,4,4
25,25,20,25
93,30,30,30
78,78,86,78
77,77,24,77
88,64,64,64
42,43,43,43
10,10,51,10
65,67,67,67
26,42,42,42
31,31,55,55
85,27,27,27
78,48,48,48
29,37,37,37
32,80,80,80
81,81,39,13
97,42,42,42
1,1,36,36
82,82,82,82
0,53,53,53
21,21,7,7
15,15,31,31
56,33,33,33
57,57,50,57
97,97,64,64
76,76,76,76
60,60,60,60
87,25,25,25
46,11,11,11
1,73,73,73
61,61,42,61
75,75,75,75
62,62,62,62
21,21,19,19
61,61,10,61
78,82,82,82
90,90,41,4
68,13,13,13
94,94,94,94
88,88,42,42
95,69,69,69
3,4,4,4
83,83,83,83
32,32,29,29
93,93,2,2
77,77,83,83
38,38,98,98
63,66,66,66
61,10,10,10
41,41,41,41
88,4,4,4
83,83,51,83
35,35,98,98
82,82,82,82
50,50,74,74
15,15,15,15
48,48,45,45
25,32,32,32
4,4,63,63
71,71,71,71
8,79,79,79
98,98,78,78
67,57,57,57
7,7,24,7
85,85,85,85
25,25,94,94
96,96,18,18
60,60,23,23
55,4,4,73
80,80,65,80
13,13,82,82
90,90,81,90
54,54,70,54
15,37,37,37
76,76,76,76
39,39,8,39
95,95,95,95
24,24,24,24
7,7,46,7
64,64,64,64
70,70,54,70
88,42,42,42
81,81,37,37
0,0,0,0
12,12,71,12
64,64,85,85
31,32,32,6
79,79,89,89
86,86,86,86
60,60,71,60
22,22,22,22
38,69,69,54
82,82,82,82
14,14,32,32
48,48,48,48
33,3,3,3
55,55,64,55
53,53,53,53
40,84,84,84
1,1,49,49
58,13,13,13
94,94,25,87
70,92,92,92
29,27,27,27
86,1,1,1
23,23,10,10
46,46,21,21
58,58,74,7
99,99,78,78
78,78,44,78
10,61,61,61
53,53,53,53
37,90,90,90
97,97,42,34
65,65,0,0
15,15,17,17
77,45,45,45
52,52,52,52
63,63,4,4
32,67,67,67
6,6,14,6
36,36,36,36
6,6,89,89
7,7,24,7
36,89,89,89
74,43,43,43
13,81,81,81
22,22,61,61
32,72,72,72
54,54,61,61
62,92,92,92
84,57,57,57
57,36,36,36
25,23,23,23
11,11,11,11
62,62,2,62
85,33,33,33
31,31,43,43
26,0,0,0
16,97,97,97
96,76,76,76
71,71,23,71
90,90,49,49
39,39,42,39
20,5,5,5
47,47,47,47
35,35,98,98
19,19,14,19
52,52,98,85
66,64,64,64
32,32,11,11
53,21,21,21
53,53,62,61
21,21,21,21
98,98,98,98
6,6,6,6
88,88,64,31
71,71,23,71
45,2,2,2
98,70,70,70
55,55,41,55
99,1,1,1
24,24,7,24
93,93,26,26
67,75,75,12
33,96,96,96
16,16,16,16
33,14,14,14
9,9,9,9
10,84,84,84
46,94,94,94
68,68,59,68
24,24,24,24
96,53,53,53
22,64,64,64
40,94,94,94
63,63,38,63
53,53,53,53
10,14,14,14
14,34,34,34
41,41,50,50
77,77,77,77
54,54,70,54
84,94,94,94
20,20,20,20
29,29,98,98
76,76,12,12
36,51,51,51
1,92,92,92
26,26,7,26
99,23,23,23
2,2,43,2
96,63,63,63
69,69,69,69
36,36,5,5
18,18,27,18
90,13,13,13
66,66,22,66
52,52,47,52
37,37,86,86
99,99,99,99
97,42,42,42
12,12,17,17
55,72,72,72
15,15,44,44
85,25,25,25
15,17,17,17
16,16,86,86
33,96,96,96
99,99,5,99
80,80,8,8
28,28,28,28
69,99,99,99
51,51,56,56
72,80,80,80
39,23,23,23
8,8,8,8
56,56,59,56
59,52,52,52
15,98,98,98
21,98,98,98
77,77,44,77
45,45,7,7
21,21,66,21
80,44,44,44
89,17,17,17
37,37,17,37
48,48,41,41
47,59,59,59
56,56,47,47
65,77,77,77
96,96,52,52
14,14,14,14
52,63,63,63
2,11,11,11
60,60,71,60
9,9,9,9
68,68,60,68
22,22,10,22
23,23,71,23
44,80,80,80
19,96,96,96
54,54,62,62
97,97,74,97
23,71,71,71
54,54,54,54
62,62,70,70
56,56,56,56
23,71,71,71
42,42,42,42
81,81,58,81
66,14,14,14
87,86,86,86
47,47,52,52
47,96,96,96
45,23,23,23
42,42,42,42
51,51,51,51
10,10,45,45
35,5,5,5
68,71,71,71
13,16,16,16
55,30,30,30
34,34,65,65
74,38,38,38
47,47,96,47
40,40,45,45
51,51,35,35
6,6,1,1
3,3,49,49
76,76,49,76
52,52,52,52
53,53,62,53
34,34,42,34
60,60,60,60
63,74,74,14
28,10,10,10
24,24,24,24
36,87,87,87
69,69,40,69
82,89,89,89
90,90,90,90
70,70,70,70
75,58,58,58
77,77,35,35
43,43,34,34
43,43,42,43
78,8,8,8
81,81,72,72
80,41,41,41
66,66,46,46
35,35,36,35
84,84,5,5
21,21,35,21
49,49,23,49
96,37,37,37
15,15,89,89
37,37,73,19
2,11,11,11
89,22,22,94
36,47,47,47
9,9,76,76
53,53,53,53
91,91,85,91
65,65,80,80
67,71,71,71
94,94,94,94
40,15,15,15
72,72,55,55
90,58,58,58
86,86,86,86
85,93,93,93
30,95,95,95
92,14,14,14
25,25,25,25
60,68,68,68
2,11,11,11
29,29,42,27
0,0,57,0
9,9,9,9
37,17,17,17
1,42,42,42
50,43,43,43
90,90,18,18
27,27,74,74
52,52,96,52
36,64,64,64
48,48,19,19
71,71,23,23
12,12,85,81
97,97,97,97
0,0,0,0
3,21,21,21
41,41,41,41
21,21,21,21
16,16,86,16
51,51,70,70
72,66,66,66
13,13,37,37
63,77,77,77
81,81,13,13
73,73,95,95
55,55,15,55
30,30,73,73
28,19,19,19
10,10,61,61
84,83,83,53
8,8,26,8
6,6,33,6
9,9,25,25
93,27,27,6
2,11,11,35
78,78,80,80
26,1,1,1
16,98,98,98
17,15,15,15
39,65,65,65
67,93,93,72
20,20,20,20
3,67,67,67
81,81,87,81
26,26,45,45
96,17,17,17
45,45,72,45
15,15,31,31
29,31,31,31
57,57,65,57
60,60,23,60
49,71,71,71
36,36,65,65
23,23,76,23
63,66,66,66
72,27,27,27
19,19,15,15
41,41,41,41
55,15,15,15
26,43,43,43
25,20,20,20
49,49,17,17
28,28,28,28
20,20,20,20
33,68,68,68
7,7,7,7
45,45,34,34
7,7,6,7
89,89,48,48
1,1,1,1
90,90,27,90
42,74,74,12
15,15,19,19
23,23,25,23
93,93,18,18
96,17,17,17
59,52,52,52
29,29,45,29
29,29,99,45
75,37,37,37
93,93,67,93
8,85,85,85
70,70,61,70
48,48,48,48
82,82,53,82
84,40,40,40
81,68,68,68
72,55,55,55
38,38,79,79
80,80,97,97
63,63,62,63
76,76,76,76
4,4,63,77
54,54,92,54
60,60,71,60
1,1,33,33
49,49,49,49
1,1,62,1
92,92,1,92
77,44,44,44
30,69,69,69
98,98,16,16
62,6,6,6
25,5,5,5
26,26,83,83
55,40,40,40
25,87,87,87
21,21,14,14
25,33,33,33
82,82,62,82
80,80,65,65
19,19,15,15
93,93,41,41
35,35,2,2
61,10,10,10
81,81,90,81
69,69,69,69
9,9,9,9
91,91,95,95
96,47,47,47
34,34,36,34
23,23,27,27
9,9,54,9
0,0,0,0
28,25,25,25
51,62,62,70
91,31,31,31
65,80,80,80
33,94,94,94
5,5,20,5
13,13,32,32
52,52,47,52
58,58,13,13
65,36,36,36
32,32,1,32
37,37,31,31
63,63,74,63
61,52,52,52
19,19,31,19
2,2,2,2
49,49,95,49
64,64,73,73
58,58,58,58
93,93,77,77
62,62,70,70
52,47,47,47
53,53,53,53
41,13,13,7
33,96,96,96
84,8,8,8
22,60,60,60
67,67,32,32
44,65,65,94
95,95,95,95
24,24,24,24
46,98,98,98
98,35,35,35
31,15,15,15
83,57,57,57
16,22,22,64
2,2,98,2
47,52,52,52
51,51,78,51
3,46,46,46
18,54,54,54
60,60,60,60
38,21,21,22
95,95,80,95
89,89,79,79
11,14,14,14
63,52,52,52
15,15,63,63
49,30,30,30
63,63,66,63
85,32,32,32
12,37,37,37
38,38,28,28
66,66,43,66
99,99,45,45
72,27,27,27
83,83,53,53
12,12,12,12
93,93,74,74
51,42,42,42
21,21,78,78
47,52,52,52
21,21,19,38
43,51,51,51
77,80,80,80
55,55,55,55
36,98,98,98
57,92,92,92
69,69,49,49
5,5,87,87
29,29,52,52
41,41,41,41
14,14,14,14
41,41,48,48
77,74,74,74
58,58,13,58
60,60,68,60
45,26,26,26
88,88,61,61
19,19,49,49
19,19,31,19
48,48,51,8
5,23,23,23
81,96,96,96
69,79,79,79
77,77,69,77
60,60,23,23
88,38,38,38
92,92,62,92
31,31,19,19
34,34,97,97
36,36,40,40
30,76,76,76
64,42,42,42
82,82,82,82
88,88,13,80
7,7,8,7
38,38,80,38
57,39,39,39
92,54,54,54
23,60,60,60
11,35,35,46
41,25,25,25
38,79,79,79
90,90,13,90
76,76,96,76
28,40,40,40
24,24,24,24
6,6,6,6
84,16,16,16
76,12,12,12
88,15,15,15
28,28,28,28
98,98,46,46
96,96,52,52
93,74,74,74
64,64,42,64
45,50,50,50
54,54,54,54
26,26,84,84
79,64,64,64
70,70,54,54
46,11,11,11
89,89,58,58
89,89,81,89
64,64,64,64
93,42,42,42
39,39,80,39
53,53,53,53
36,36,44,44
50,50,50,50
56,56,47,56
84,84,84,84
46,46,46,46
13,52,52,52
5,13,13,13
51,51,51,51
5,5,25,25
56,56,80,56
68,68,8,68
70,48,48,48
92,92,62,92
93,93,93,93
28,37,37,37
18,56,56,56
37,66,66,66
50,50,36,36
81,81,13,81
67,67,73,73
41,41,41,41
35,11,11,8
99,99,39,99
41,41,41,41
79,79,7,7
90,90,49,49
59,59,76,59
59,59,52,52
35,35,2,2
16,61,61,61
17,17,19,17
64,64,75,64
90,90,90,90
96,96,25,96
3,80,80,80
88,14,14,14
3,31,31,31
45,45,6,45
0,0,0,0
68,68,81,68
33,33,18,18
49,73,73,73
0,0,0,0
18,79,79,79
22,36,36,36
72,15,15,15
4,88,88,78
66,66,26,26
5,84,84,84
46,2,2,77
79,6,6,6
70,54,54,54
9,9,9,9
49,69,69,69
34,34,43,43
48,48,41,41
71,49,49,49
37,37,9,9
42,42,8,42
6,79,79,79
91,91,91,91
58,58,40,58
42,78,78,78
17,37,37,37
1,1,54,54
5,5,5,5
65,80,80,80
5,5,9,9
38,15,15,15
47,47,96,96
38,38,42,42
63,63,32,63
61,22,22,22
28,28,87,28
99,99,18,18
20,20,20,20
88,88,43,43
50,57,57,57
53,53,15,53
97,97,26,26
59,59,46,46
78,78,22,22
35,35,98,98
50,34,34,34
6,6,53,53
98,46,46,11
33,8,8,8
65,73,73,73
23,23,49,23
68,68,71,68
26,84,84,68
96,52,52,52
17,17,96,17
65,65,97,97
47,47,47,47
12,69,69,69
94,94,94,94
81,81,94,81
76,76,76,76
91,91,91,91
72,72,72,72
35,35,2,2
18,18,96,18
96,52,52,52
92,92,54,54
98,98,46,46
19,84,84,84
0,0,57,0
43,34,34,34
50,50,74,74
43,43,22,22
44,72,72,72
73,69,69,69
4,4,55,4
53,53,53,53
37,71,71,71
8,8,89,25
25,25,5,5
52,59,59,59
29,29,26,29
44,27,27,27
12,69,69,69
38,38,14,42
5,5,84,84
25,79,79,79
41,41,41,41
81,5,5,94
23,23,67,23
68,68,91,68
59,59,21,21
81,81,37,37
43,43,36,36
8,8,48,48
11,2,2,2
18,99,99,99
92,92,57,57
5,8,8,8
34,80,80,80
48,48,48,48
80,80,63,33
25,25,22,22
31,51,51,51
8,48,48,48
88,88,34,34
10,10,78,78
50,50,74,50
76,76,86,86
50,25,25,55
95,95,67,67
94,94,94,94
83,33,33,33
52,52,59,52
44,5,5,5
16,16,22,22
99,99,25,99
68,68,12,68
28,28,28,28
15,76,76,76
47,96,96,96
34,34,38,26
57,57,49,49
13,13,58,13
22,22,22,22
9,57,57,57
90,14,14,14
50,50,36,36
34,34,3,3
43,66,66,66
20,20,20,20
87,87,86,86
91,91,91,91
80,30,30,30
9,9,9,9
17,33,33,33
19,19,15,15
57,57,57,57
14,14,26,26
27,93,93,93
46,46,11,11
13,13,37,37
44,44,44,44
24,24,24,24
10,67,67,67
84,56,56,56
4,21,21,21
56,56,8,56
29,34,34,34
29,33,33,33
51,1,1,1
78,78,45,45
62,62,92,62
53,53,57,53
17,17,37,17
28,28,28,28
28,28,36,36
11,11,35,11
65,65,9,9
48,82,82,82
48,81,81,81
12,49,49,49
55,30,30,30
66,66,37,66
98,46,46,11
8,8,8,8
94,94,69,94
25,25,81,81
70,70,62,62
54,54,40,40
12,12,56,12
86,86,87,87
3,3,56,72
76,76,73,76
13,13,81,81
2,11,11,11
7,7,24,24
91,91,58,91
55,55,36,65
45,45,70,70
51,51,51,51
53,53,53,53
28,28,51,51
9,9,42,42
87,87,25,87
13,13,48,48
30,32,32,32
58,58,58,58
61,22,22,22
31,51,51,51
70,92,92,92
39,39,5,39
3,93,93,93
47,47,96,47
34,34,80,80
26,26,97,97
50,74,74,74
59,59,59,59
64,64,65,65
37,37,15,15
92,92,0,92
14,14,14,14
26,26,26,26
37,39,39,39
94,94,94,94
29,57,57,57
15,15,63,31
63,84,84,84
7,73,73,73
32,32,32,32
9,9,9,9
43,15,15,77
12,12,69,12
27,9,9,9
78,26,26,45
97,11,11,11
55,34,34,34
11,46,46,46
69,16,16,16
66,66,98,66
31,4,4,4
20,20,20,20
54,54,92,54
45,85,85,85
86,86,86,86
84,84,9,9
55,63,63,63
3,51,51,51
6,45,45,45
54,54,6,54
69,69,28,69
47,47,47,47
62,62,62,62
57,57,32,32
85,89,89,89
30,73,73,73
16,16,5,5
11,98,98,98
82,82,14,22
65,33,33,33
59,59,59,59
81,81,90,90
39,39,27,32
79,79,19,74
25,25,84,25
44,75,75,75
16,3,3,3
23,32,32,32
17,17,42,17
49,72,72,72
69,23,23,23
74,74,50,74
63,63,84,63
10,28,28,28
56,56,8,8
43,66,66,66
22,32,32,1
11,11,98,11
9,9,9,9
17,17,49,49
31,31,19,19
52,52,59,59
52,96,96,96
36,36,42,42
58,58,58,58
79,3,3,3
42,74,74,74
32,32,26,26
15,15,34,34
15,15,38,38
79,99,99,99
56,56,59,56
3,72,72,72
77,77,54,54
57,57,57,57
5,5,25,25
76,23,23,23
84,54,54,54
47,52,52,52
79,79,42,42
64,64,50,64
3,3,77,55
22,22,22,22
84,43,43,43
15,93,93,93
83,83,83,83
19,19,84,19
64,90,90,90
61,61,10,61
33,33,96,33
16,16,87,87
76,76,76,76
96,96,56,96
87,87,85,85
92,53,53,53
39,39,78,39
60,60,49,49
59,59,49,59
74,66,66,37
27,57,57,57
68,68,12,68
7,55,55,55
23,23,28,28
42,42,66,66
47,53,53,53
2,51,51,51
20,20,22,22
80,80,84,80
24,24,6,6
17,17,17,17
12,69,69,69
55,27,27,27
13,48,48,48
17,17,37,17
67,32,32,32
21,21,27,21
42,42,44,42
21,21,21,21
46,65,65,65
79,79,80,80
21,21,31,31
61,61,61,61
64,19,19,34
41,41,41,41
16,9,9,9
40,40,51,51
54,54,70,54
70,54,54,54
65,21,21,21
84,76,76,76
64,3,3,3
37,37,84,84
59,52,52,52
92,92,0,0
71,71,71,71
17,17,49,17
96,52,52,52
94,94,42,94
39,23,23,23
93,97,97,66
79,79,96,96
34,34,35,34
26,26,26,26
33,33,79,33
24,62,62,62
12,78,78,78
53,53,83,83
88,88,54,54
20,20,20,20
47,47,96,47
98,74,74,83
25,25,58,58
45,48,48,48
25,25,20,25
61,10,10,10
56,56,56,56
68,68,68,68
27,27,50,34
13,13,81,81
92,92,18,92
12,87,87,87
46,46,98,46
76,76,59,59
67,67,93,67
27,25,25,25
2,2,98,98
78,99,99,99
48,48,48,48
3,4,4,4
98,74,74,74
20,20,20,20
8,8,8,8
43,0,0,0
57,83,83,83
63,63,31,31
7,7,79,79
10,70,70,70
47,56,56,56
46,28,28,28
52,96,96,96
90,90,81,90
69,69,69,69
78,11,11,11
15,15,42,42
78,78,74,74
29,84,84,84
61,61,22,22
5,5,13,5
30,25,25,25
86,86,86,86
85,59,59,59
33,33,33,33
10,10,66,10
44,6,6,6
34,34,55,34
24,24,24,24
56,45,45,28
61,61,22,61
62,53,53,53
38,38,29,29
72,79,79,44
44,44,1,42
53,53,53,53
7,7,55,55
38,85,85,85
17,12,12,12
40,16,16,16
91,11,11,11
83,53,53,53
82,82,82,82
10,61,61,61
21,21,21,21
30,30,93,30
65,11,11,11
47,96,96,96
57,57,57,57
16,16,16,16
81,81,74,89
30,95,95,95
72,72,36,36
96,47,47,47
88,78,78,50
62,1,1,34
95,95,93,93
27,18,18,18
61,61,63,61
2,35,35,35
50,14,14,14
21,21,3,21
87,13,13,13
5,20,20,20
69,69,69,69
37,37,84,84
59,59,69,69
0,0,0,0
78,99,99,38
20,20,25,20
85,85,85,85
54,54,70,54
53,53,46,53
73,30,30,30
69,69,76,69
3,3,21,3
35,75,75,75
49,23,23,23
33,33,31,31
73,73,95,95
99,32,32,32
97,97,3,97
89,31,31,31
3,3,27,27
54,54,66,66
90,49,49,49
45,44,44,80
11,11,67,67
1,1,77,77
51,51,62,62
28,28,28,28
79,31,31,31
47,47,33,47
54,29,29,29
83,0,0,0
40,40,40,40
14,14,84,84
26,67,67,67
27,12,12,12
12,12,17,12
42,42,34,34
44,80,80,17
29,29,29,29
59,96,96,96
8,8,38,38
17,17,55,55
56,56,38,38
46,35,35,35
80,6,6,6
1,1,93,1
82,82,82,82
51,74,74,74
34,34,42,42
86,86,86,86
96,52,52,52
86,86,86,86
93,93,59,59
38,34,34,34
20,20,20,20
19,32,32,25
2,53,53,53
20,5,5,5
91,91,51,51
55,26,26,38
65,65,34,34
64,64,34,34
90,90,90,90
70,47,47,47
34,34,15,15
11,11,46,46
55,55,50,50
68,68,97,68
52,52,56,56
6,6,92,6
79,79,26,26
22,38,38,38
22,22,22,22
86,86,50,50
10,10,97,97
1,1,25,1
75,75,75,75
48,48,41,48
5,5,84,5
90,13,13,45
67,73,73,73
99,99,99,99
33,84,84,84
82,82,62,82
76,76,76,76
51,4,4,4
92,61,61,22
65,65,94,94
77,77,1,1
70,70,54,70
12,12,12,12
91,73,73,73
83,94,94,94
95,95,95,95
48,48,8,8
52,47,47,47
30,95,95,95
49,52,52,52
11,2,2,2
3,3,48,48
17,17,37,37
80,69,69,69
94,94,94,94
29,29,55,29
87,87,46,46
49,49,39,49
64,93,93,93
57,57,24,57
42,42,64,64
95,67,67,67
28,10,10,10
16,16,81,16
99,75,75,75
46,46,86,86
31,31,33,31
25,25,84,25
2,2,11,11
95,49,49,49
21,21,55,21
83,70,70,70
59,59,52,52
56,56,56,56
28,28,28,28
17,17,17,17
53,53,53,53
71,12,12,12
7,7,98,98
94,94,98,98
53,53,53,53
89,89,56,15
10,77,77,77
28,28,79,28
7,7,0,7
36,34,34,39
79,79,79,79
53,53,83,83
87,87,13,13
43,43,26,15
76,17,17,17
69,69,9,69
22,86,86,86
17,17,37,37
6,6,82,6
53,53,53,53
68,68,60,68
44,72,72,72
89,89,56,89
15,38,38,38
80,3,3,3
45,45,9,9
95,95,30,30
37,37,21,21
80,64,64,97
28,28,28,28
13,25,25,60
23,23,23,23
52,52,59,59
24,24,24,24
21,96,96,96
55,99,99,99
99,99,99,99
98,98,56,59
21,21,21,21
59,56,56,56
9,7,7,7
81,13,13,37
88,42,42,42
93,93,29,93
61,61,61,61
17,17,85,17
44,93,93,93
49,49,89,49
81,81,25,81
78,78,84,84
94,94,9,94
40,40,28,40
60,60,68,60
80,6,6,6
58,45,45,45
4,14,14,14
88,88,48,48
18,68,68,68
24,35,35,35
36,36,36,36
26,26,77,77
74,74,74,74
88,88,78,78
56,56,96,96
3,3,75,75
65,65,9,9
0,0,0,0
43,42,42,42
22,22,70,70
47,47,59,47
65,95,95,95
22,99,99,30
69,69,56,69
9,9,86,9
78,78,99,78
4,91,91,91
69,69,69,69
46,11,11,11
97,97,97,97
29,29,29,29
18,18,27,27
64,64,36,64
98,35,35,35
65,65,75,65
36,36,36,36
94,87,87,87
84,26,26,43
91,41,41,41
20,20,20,20
36,36,5,5
50,50,63,63
76,76,76,76
29,31,31,37
63,63,36,36
6,6,83,6
30,63,63,63
99,99,71,99
55,29,29,29
21,4,4,89
38,38,80,43
83,83,70,83
67,67,93,93
31,31,19,31
49,49,49,49
39,39,39,39
66,66,42,42
66,66,66,66
53,53,53,53
54,54,54,54
41,41,41,41
36,36,35,35
61,22,22,22
88,88,42,88
30,30,30,30
19,19,72,72
95,95,95,95
41,41,41,41
89,89,48,48
19,95,95,95
46,46,46,46
78,78,45,45
37,37,89,89
31,31,96,96
22,22,22,22
2,1,1,1
78,8,8,8
13,86,86,86
73,73,72,72
51,11,11,11
95,95,30,95
2,2,50,2
38,38,38,38
98,98,15,15
28,28,40,28
18,45,45,45
42,42,43,43
7,30,30,44
88,27,27,27
61,61,10,10
12,12,13,12
8,8,26,26
92,57,57,57
41,41,41,41
33,8,8,8
65,65,32,32
17,17,37,37
51,51,18,18
99,99,99,99
35,46,46,46
67,67,95,67
63,64,64,64
63,36,36,36
9,9,9,9
58,58,13,58
96,96,33,33
77,2,2,50
1,1,1,1
36,36,32,32
53,53,83,83
83,92,92,92
13,13,58,58
98,98,46,98
21,3,3,3
35,11,11,98
39,39,40,39
49,49,73,73
81,81,13,81
35,98,98,98
3,3,3,3
77,77,50,50
89,89,81,89
30,95,95,95
85,85,85,85
59,52,52,52
48,48,41,48
98,35,35,35
38,44,44,44
80,97,97,3
39,25,25,25
82,82,82,82
43,43,43,43
12,12,12,12
21,21,21,21
18,77,77,77
25,23,23,23
5,5,84,84
25,55,55,55
63,63,63,63
78,78,99,99
4,51,51,51
40,40,40,40
29,66,66,76
15,43,43,43
39,87,87,87
49,49,23,23
93,30,30,30
39,39,39,39
77,6,6,34
69,9,9,9
53,53,53,53
64,8,8,8
12,12,12,12
57,15,15,15
5,5,5,5
17,17,96,96
97,97,74,97
37,17,17,17
48,48,48,48
79,79,65,79
5,5,5,5
83,0,0,0
16,16,25,25
41,14,14,14
48,48,35,48
54,54,6,54
79,87,87,87
67,28,28,84
73,10,10,10
0,0,57,57
19,19,15,19
14,14,98,14
29,38,38,38
84,84,20,20
48,48,8,8
36,36,5,36
76,72,72,72
95,95,73,95
20,20,20,20
59,59,52,52
57,57,11,57
67,0,0,0
6,36,36,36
71,71,71,71
21,31,31,31
7,7,45,75
91,58,58,58
92,92,87,87
87,87,5,5
91,91,95,95
16,16,48,16
86,79,79,79
58,58,13,58
89,89,34,89
97,97,38,38
83,57,57,64
72,72,76,76
85,29,29,29
41,16,16,16
3,50,50,50
20,20,20,20
10,25,25,25
74,74,18,18
49,49,17,17
63,72,72,72
91,91,75,91
56,56,85,56
92,92,54,54
19,19,48,19
64,30,30,30
28,28,28,28
11,74,74,74
41,41,41,41
81,81,13,13
90,90,72,72
89,89,89,89
86,86,86,86
22,39,39,39
41,41,2,41
50,65,65,65
27,27,66,66
87,87,3,87
21,21,2,2
34,50,50,50
36,36,36,36
90,90,13,90
94,94,87,94
71,71,71,71
31,63,63,74
62,62,54,62
95,95,95,95
33,33,96,96
38,19,19,19
95,95,95,95
41,41,90,90
24,24,24,24
89,89,3,3
15,15,59,15
81,81,98,16
8,88,88,88
48,48,8,8
30,30,95,95
52,52,47,47
79,79,46,46
20,20,25,25
68,68,68,68
16,16,9,9
78,79,79,79
45,94,94,94
31,15,15,15
66,42,42,42
52,52,96,52
43,43,34,34
20,20,20,20
98,98,46,46
24,24,74,24
71,49,49,49
49,49,64,64
44,91,91,91
46,38,38,38
62,51,51,51
22,39,39,39
11,17,17,17
89,89,17,89
99,78,78,22
73,27,27,27
26,26,88,26
53,53,53,53
10,10,57,10
41,37,37,37
12,12,87,87
2,2,48,2
4,4,4,4
39,93,93,93
19,19,34,34
56,56,47,56
74,18,18,18
79,79,44,44
73,73,32,32
46,98,98,35
3,3,63,63
22,22,61,61
6,6,77,77
59,59,76,76
54,80,80,80
87,87,87,87
2,14,14,6
87,16,16,16
49,49,23,23
91,91,91,91
37,5,5,5
53,5,5,5
51,77,77,77
7,7,7,7
99,99,99,99
13,90,90,90
25,84,84,84
66,66,21,66
80,80,80,80
22,40,40,40
73,69,69,69
83,53,53,53
14,14,25,14
42,42,42,42
86,86,86,86
22,10,10,10
90,90,68,68
74,78,78,78
24,24,9,24
84,16,16,16
91,99,99,99
97,97,97,97
88,54,54,54
4,4,80,4
26,26,26,26
22,99,99,99
19,38,38,38
67,67,67,67
73,45,45,45
84,13,13,13
98,74,74,74
6,6,6,6
35,33,33,33
29,29,29,29
51,51,56,51
59,59,7,7
62,62,53,53
60,60,60,60
68,68,71,71
44,25,25,25
83,83,83,83
0,57,57,57
41,41,34,41
90,8,8,8
48,48,48,48
82,82,43,82
67,73,73,73
28,10,10,10
28,28,40,40
71,71,73,71
79,79,29,29
43,43,42,43
17,49,49,49
5,5,37,37
17,17,17,17
7,18,18,18
84,5,5,1
57,57,83,57
27,67,67,67
57,57,25,25
68,68,2,68
26,26,26,26
59,59,47,47
4,74,74,74
87,87,42,42
99,99,10,99
3,3,63,3
66,66,35,35
38,38,75,75
15,15,29,89
75,75,75,75
20,20,84,20
47,47,47,47
0,0,0,0
14,14,26,14
85,12,12,12
62,62,62,62
55,44,44,44
63,63,65,65
69,69,69,69
3,31,31,31
77,93,93,93
73,73,95,73
38,38,34,38
59,74,74,77
52,52,96,96
84,12,12,12
37,17,17,17
60,60,25,25
21,21,30,21
96,47,47,47
68,71,71,71
16,16,44,16
19,19,12,19
40,40,31,40
70,62,62,62
61,22,22,22
10,10,51,51
57,57,51,51
81,37,37,11
68,68,68,68
12,1,1,1
10,84,84,84
38,43,43,43
10,10,22,22
47,47,40,40
76,49,49,49
11,11,11,11
72,72,95,95
23,23,30,30
1,44,44,44
14,14,13,3
31,31,19,19
30,30,73,73
93,8,8,8
54,54,62,54
9,9,9,9
15,15,15,15
2,2,62,2
26,48,48,48
65,5,5,5
32,91,91,91
12,12,17,12
58,58,58,58
73,67,67,67
76,76,76,76
95,95,95,95
67,67,76,76
95,69,69,69
26,82,82,82
92,54,54,54
47,96,96,56
84,5,5,5
29,29,34,34
51,51,57,57
44,44,99,99
45,45,14,14
60,60,60,60
34,34,29,34
97,36,36,44
1,91,91,91
93,93,13,69
97,42,42,42
19,19,43,43
19,64,64,64
92,62,62,62
69,3,3,3
65,66,66,66
95,95,55,95
78,35,35,35
5,84,84,84
34,34,67,67
76,76,49,76
25,36,36,36
50,80,80,80
30,30,30,30
69,69,23,69
59,59,52,59
34,42,42,96
77,42,42,44
46,46,98,98
66,66,66,66
31,31,33,33
73,30,30,30
87,87,87,87
90,90,13,90
18,18,9,9
6,35,35,35
38,38,44,44
81,81,13,81
25,65,65,65
81,85,85,89
64,42,42,42
70,83,83,83
37,37,17,17
76,76,76,76
31,34,34,34
0,0,0,0
90,81,81,81
32,57,57,57
5,5,5,5
56,37,37,88
41,41,41,41
80,80,40,40
5,5,5,5
52,47,47,47
51,66,66,66
25,25,22,25
20,20,10,10
61,78,78,78
98,11,11,11
20,20,20,20
32,32,15,32
35,35,98,98
5,90,90,81
72,79,79,79
61,61,61,61
43,43,26,43
58,58,58,58
36,36,32,36
99,99,99,99
60,60,71,60
70,70,92,70
38,53,53,53
59,66,66,78
26,26,72,26
56,56,56,56
78,44,44,44
83,83,83,83
23,23,69,23
52,52,59,59
32,32,17,17
54,54,70,70
33,33,79,89
61,61,10,10
49,49,72,72
53,53,0,0
15,15,15,15
50,50,50,50
3,3,19,3
12,12,37,37
86,86,86,86
55,14,14,14
58,58,58,58
5,5,94,5
30,30,30,30
26,45,45,45
10,70,70,70
0,0,28,28
11,35,35,35
9,9,39,39
33,12,12,12
53,53,53,53
33,89,89,89
94,94,94,94
46,32,32,32
99,99,99,99
34,34,36,34
1,1,46,53
17,49,49,49
63,74,74,74
69,69,69,69
66,66,28,66
37,37,14,14
67,67,67,67
40,40,94,40
93,30,30,30
24,24,24,24
82,82,13,13
23,23,28,28
30,39,39,39
66,66,66,66
30,73,73,73
11,11,1,11
11,2,2,2
94,94,94,94
88,88,11,42
37,87,87,87
29,29,19,3
46,46,35,35
95,95,95,95
54,54,54,54
41,41,41,41
6,6,26,6
19,19,11,19
22,22,61,22
3,3,7,7
32,32,93,93
55,43,43,43
53,53,53,53
72,72,21,21
33,33,82,82
20,20,20,20
63,63,63,63
12,12,95,95
64,64,87,87
23,23,69,23
22,24,24,24
75,85,85,85
8,77,77,77
33,33,89,45
66,66,58,66
55,55,19,19
72,55,55,55
73,91,91,91
84,25,25,25
13,13,81,81
96,50,50,50
65,65,34,34
22,22,61,22
0,0,0,0
19,19,14,19
80,97,97,97
23,23,76,76
85,85,17,85
68,68,71,71
86,16,16,16
37,37,17,37
81,30,30,30
35,2,2,2
98,78,78,14
8,8,12,12
23,49,49,49
76,76,76,76
74,74,64,74
89,89,89,89
60,60,71,60
69,69,69,69
96,59,59,59
32,67,67,67
29,29,29,29
64,27,27,27
9,9,9,9
16,16,16,16
0,0,45,0
74,80,80,80
17,17,17,17
54,36,36,36
62,62,62,62
6,15,15,15
34,34,97,34
65,42,42,14
8,37,37,37
46,4,4,4
67,67,73,73
53,53,53,53
23,85,85,85
78,78,11,78
61,10,10,10
26,26,84,84
64,77,77,77
25,25,90,25
70,70,70,70
96,96,52,52
67,67,30,73
22,22,86,86
45,45,91,91
65,37,37,37
96,96,63,63
79,79,24,24
23,23,49,49
76,76,17,76
26,56,56,56
57,39,39,39
16,16,25,25
64,64,86,86
34,34,80,80
82,82,82,82
66,66,97,66
83,53,53,53
72,74,74,74
71,71,23,23
9,9,16,9
60,60,71,60
35,35,36,36
43,43,34,43
29,29,19,29
93,44,44,44
58,13,13,13
94,94,24,94
5,84,84,89
83,83,57,83
92,62,62,62
26,26,26,26
39,39,58,58
86,86,16,86
93,25,25,25
16,16,9,16
85,58,58,58
27,43,43,43
76,76,31,76
89,69,69,69
42,42,59,59
18,18,72,18
14,14,77,14
4,74,74,74
73,67,67,67
71,23,23,23
20,20,20,20
20,20,79,79
16,84,84,84
51,51,40,51
88,88,16,88
5,5,81,5
25,25,0,25
64,25,25,25
59,12,12,12
77,93,93,93
22,22,22,22
3,25,25,25
68,60,60,60
28,28,28,28
44,44,44,44
13,90,90,90
73,73,73,73
98,50,50,50
52,52,47,47
44,27,27,27
99,99,99,99
17,17,76,76
31,31,38,38
50,38,38,38
87,87,35,35
44,44,27,44
85,85,85,85
58,58,58,58
57,57,57,57
45,45,45,45
28,39,39,39
5,5,55,55
11,35,35,35
81,13,13,13
46,11,11,54
67,73,73,73
96,47,47,47
69,69,71,69
19,11,11,11
55,72,72,72
75,75,75,75
31,31,74,74
97,97,66,97
66,42,42,42
51,65,65,65
71,58,58,58
29,29,63,63
4,42,42,42
89,89,85,37
99,99,18,18
67,67,30,73
39,39,39,39
52,52,59,59
59,49,49,49
12,12,81,12
96,33,33,33
16,13,13,13
36,36,23,36
64,64,97,64
27,80,80,80
81,81,13,13
37,37,17,37
11,46,46,46
85,85,85,85
50,97,97,97
35,44,44,44
78,78,99,78
6,54,54,54
72,67,67,67
70,70,54,54
74,75,75,75
42,42,6,42
0,0,0,0
41,41,41,41
39,39,44,39
87,94,94,94
80,5,5,5
44,44,74,74
47,52,52,52
95,95,95,95
10,2,2,2
21,46,46,46
63,63,50,63
55,55,80,80
69,12,12,12
20,20,20,20
85,85,58,58
78,41,41,41
23,96,96,79
13,13,89,13
92,92,94,94
98,11,11,11
84,84,84,84
75,75,75,75
10,20,20,20
4,98,98,98
52,52,52,52
55,55,40,40
61,61,26,26
89,89,85,85
57,57,57,57
50,54,54,54
42,80,80,50
40,39,39,39
91,91,44,91
88,43,43,43
73,50,50,50
49,49,47,49
20,20,20,20
2,35,35,54
16,16,16,16
26,26,64,64
91,91,91,91
88,88,94,94
85,85,37,37
28,28,28,28
27,27,23,23
83,83,53,53
54,54,54,54
65,38,38,38
71,71,69,71
77,77,67,67
13,13,58,58
56,56,23,23
76,76,76,76
37,37,68,37
3,63,63,63
72,72,98,72
63,64,64,64
46,46,3,3
75,75,55,55
90,90,12,90
26,26,26,26
60,60,13,60
49,49,49,49
50,50,50,50
15,17,17,17
2,11,11,84
78,78,78,78
94,94,94,94
86,87,87,87
25,25,5,25
11,51,51,43
13,90,90,90
4,4,15,15
40,99,99,99
47,56,56,13
44,44,44,44
90,90,73,73
95,95,95,95
78,78,18,18
7,7,6,7
78,15,15,15
39,39,22,22
40,44,44,44
69,76,76,76
72,72,72,72
64,80,80,80
47,96,96,96
60,60,68,68
78,11,11,11
36,36,43,36
75,75,87,75
36,36,65,65
82,82,82,82
88,88,34,88
38,38,64,64
36,36,64,36
81,81,15,15
72,77,77,77
50,6,6,6
2,2,25,25
52,52,47,52
68,68,2,68
44,99,99,99
6,6,6,6
53,53,53,53
56,56,71,56
32,32,80,80
46,15,15,14
34,34,34,34
83,83,53,53
74,4,4,4
19,15,15,31
43,43,34,34
77,77,38,38
87,87,94,94
26,26,26,26
63,63,50,50
5,23,23,23
79,82,82,82
85,89,89,89
38,38,80,80
80,42,42,42
59,59,59,59
5,5,50,50
73,95,95,95
32,32,32,32
15,15,54,54
24,24,65,24
93,77,77,77
2,2,66,2
88,88,14,14
49,49,49,49
11,11,46,11
38,38,38,38
62,62,83,62
7,16,16,16
6,6,45,6
61,61,61,61
27,27,93,93
5,5,12,12
41,41,41,41
37,25,25,25
10,84,84,84
43,43,15,15
69,23,23,23
21,21,21,21
73,73,49,49
68,68,5,68
88,88,42,42
10,0,0,0
65,0,0,0
4,98,98,98
47,96,96,96
59,59,47,59
20,20,20,20
35,83,83,83
2,92,92,92
88,88,88,88
83,45,45,45
72,26,26,26
4,27,27,48
3,63,63,65
60,60,71,60
82,82,14,14
61,61,22,61
68,68,96,68
92,82,82,82
22,92,92,53
84,5,5,5
87,87,87,87
32,67,67,67
91,91,2,2
38,34,34,34
36,36,80,36
9,9,9,9
63,63,72,63
57,83,83,83
50,74,74,74
97,79,79,79
27,66,66,66
34,34,30,97
69,69,37,69
1,32,32,40
82,82,62,82
13,13,37,37
84,35,35,35
15,15,15,15
97,72,72,72
22,22,61,22
27,31,31,31
18,18,27,27
79,79,6,79
98,98,48,98
74,63,63,63
97,97,50,97
13,85,85,85
78,78,15,15
88,39,39,39
98,35,35,35
78,26,26,26
5,5,5,5
4,65,65,65
17,17,85,17
60,60,71,60
44,79,79,69
69,97,97,44
53,53,53,53
37,37,58,37
82,82,82,82
44,44,18,44
3,43,43,43
24,7,7,7
27,91,91,91
6,45,45,45
38,27,27,27
35,35,46,11
21,21,22,21
0,0,26,0
16,16,65,65
84,84,84,84
11,11,11,11
41,87,87,87
98,53,53,53
89,89,89,89
99,44,44,44
31,31,31,31
46,46,35,35
68,68,68,68
47,47,47,47
47,96,96,96
11,28,28,28
95,95,95,95
70,70,62,62
23,23,23,23
58,58,58,58
50,39,39,39
27,27,74,74
8,8,85,85
47,96,96,96
27,27,8,8
3,42,42,42
68,68,71,68
53,53,53,53
34,75,75,75
68,68,12,68
96,96,37,37
53,53,83,83
19,15,15,46
70,83,83,83
21,21,11,11
90,89,89,89
11,36,36,36
21,21,14,14
4,66,66,66
1,1,36,36
53,57,57,57
29,29,24,93
93,93,93,93
14,14,38,14
91,91,91,91
71,71,23,71
88,88,42,42
98,98,10,10
89,89,17,17
27,72,72,72
71,60,60,60
64,64,38,38
94,94,94,94
61,67,67,67
20,91,91,91
83,62,62,62
3,29,29,29
38,63,63,63
99,99,86,99
5,5,84,84
11,35,35,35
84,10,10,10
88,11,11,98
6,24,24,24
67,67,67,67
5,39,39,39
31,31,31,31
65,65,66,65
59,47,47,47
30,30,30,30
97,97,97,97
64,35,35,35
46,35,35,35
22,22,22,22
51,51,67,51
25,25,26,84
18,18,27,18
78,78,26,78
56,56,8,8
88,51,51,51
24,24,24,24
5,5,69,69
22,22,87,22
15,15,43,43
67,99,99,99
15,15,15,15
2,35,35,35
60,60,23,71
41,41,41,41
11,97,97,97
70,70,1,70
76,17,17,17
81,3,3,3
89,89,12,12
24,24,56,56
30,73,73,73
50,50,4,50
0,0,0,0
75,75,90,75
63,65,65,65
9,54,54,54
36,36,34,36
20,20,20,20
7,84,84,84
74,74,75,74
24,24,24,24
73,30,30,30
32,67,67,67
35,53,53,53
82,82,62,82
87,87,87,87
31,31,31,31
14,14,14,14
73,23,23,23
47,96,96,96
65,61,61,61
77,77,37,37
51,54,54,54
61,61,22,61
30,30,69,69
32,97,97,97
66,65,65,65
29,29,29,29
97,97,8,8
16,16,16,16
0,0,0,0
82,82,24,24
43,18,18,18
23,23,55,55
89,89,48,89
9,57,57,57
16,76,76,76
68,68,12,12
2,35,35,35
45,71,71,71
44,78,78,50
23,73,73,32
38,34,34,34
56,40,40,69
40,40,40,40
35,35,98,35
73,48,48,48
0,0,0,0
88,88,46,46
23,12,12,17
7,7,83,83
42,67,67,67
77,46,46,46
9,98,98,78
35,35,64,64
96,96,33,33
83,48,48,48
94,94,16,16
3,3,65,65
90,90,37,90
75,18,18,18
38,15,15,15
14,17,17,17
71,71,60,60
36,36,72,72
3,19,19,19
78,66,66,66
21,21,75,75
13,81,81,81
48,8,8,8
83,83,0,0
50,74,74,74
79,80,80,80
55,32,32,54
33,33,97,97
21,21,21,21
60,60,60,60
8,8,8,8
84,84,88,1
92,92,54,54
6,6,97,97
51,78,78,78
25,35,35,35
27,55,55,55
86,86,86,86
27,91,91,91
8,11,11,11
21,46,46,46
12,12,84,84
44,44,27,27
75,75,95,75
27,45,45,45
50,74,74,27
80,80,34,80
54,6,6,6
94,94,16,16
48,48,41,41
41,41,41,41
53,53,53,53
14,14,14,14
55,79,79,79
53,53,83,53
12,87,87,87
7,7,3,74
46,98,98,14
95,95,95,95
38,38,95,38
67,73,73,73
0,0,0,0
72,72,95,72
11,11,35,11
27,10,10,10
1,1,18,18
73,73,30,30
25,25,90,90
47,47,96,47
42,23,23,23
75,75,27,75
81,13,13,13
69,69,57,57
10,99,99,97
24,7,7,7
87,87,87,87
35,11,11,11
69,69,69,69
86,85,85,85
59,96,96,96
84,84,57,57
63,31,31,31
86,87,87,87
23,94,94,33
82,82,82,82
14,14,14,14
10,46,46,46
26,97,97,97
62,54,54,54
6,6,87,74
10,10,51,51
17,17,17,17
76,76,98,98
56,56,96,56
63,74,74,74
85,85,21,85
99,99,40,40
64,35,35,35
7,24,24,24
42,42,34,34
24,24,24,24
13,45,45,45
6,6,57,57
37,37,90,90
16,16,16,16
33,17,17,17
48,48,48,48
44,44,99,44
80,8,8,8
19,19,57,19
82,82,6,82
46,46,86,86
33,33,94,94
31,31,19,19
86,86,86,86
59,49,49,49
3,3,21,21
9,9,9,9
57,57,57,57
54,54,28,28
43,43,34,43
35,11,11,11
93,93,16,16
62,62,70,62
88,88,42,42
64,64,93,93
78,78,39,78
45,70,70,70
36,77,77,77
1,1,1,1
43,43,50,42
34,1,1,1
71,71,25,71
87,94,94,94
39,39,12,12
18,18,14,18
57,57,57,57
67,73,73,73
4,4,80,80
73,30,30,30
41,41,41,41
76,76,98,76
73,72,72,72
43,43,4,4
94,94,94,94
25,25,76,76
63,55,55,55
71,71,71,71
15,15,15,15
52,47,47,47
38,38,77,38
30,30,27,30
64,64,50,50
30,30,73,73
23,71,71,71
35,35,2,2
74,74,6,6
36,36,36,36
76,76,76,76
96,96,47,47
17,17,85,17
31,98,98,98
76,76,76,76
88,37,37,37
3,46,46,46
63,63,63,63
2,2,46,46
77,77,28,28
49,49,29,29
92,92,70,70
17,15,15,15
80,64,64,64
89,6,6,6
3,47,47,47
88,88,6,88
26,26,80,80
41,41,41,41
79,79,18,18
32,32,12,32
62,6,6,6
55,64,64,64
20,20,20,20
98,98,50,2
26,26,26,26
17,17,57,23
1,1,78,1
32,99,99,99
43,64,64,64
85,85,19,85
72,41,41,41
59,59,32,50
24,24,24,24
13,13,37,37
31,4,4,4
14,18,18,5
42,42,38,42
40,86,86,86
33,33,48,33
20,20,20,20
68,68,68,68
23,23,73,23
62,62,1,53
24,24,24,24
55,73,73,84
10,83,83,26
22,61,61,61
70,47,47,47
79,79,54,79
73,73,95,95
45,45,26,26
84,5,5,5
9,9,9,9
70,70,54,70
96,52,52,52
97,97,97,97
33,49,49,49
67,99,99,99
21,66,66,66
90,96,96,96
62,56,56,56
57,57,64,57
25,25,87,25
54,54,54,54
69,69,95,95
40,32,32,32
41,41,84,84
93,72,72,72
9,9,9,9
83,6,6,6
7,79,79,78
25,45,45,45
13,58,58,58
90,90,2,2
16,16,84,84
12,56,56,56
48,48,48,48
50,50,36,50
37,37,85,37
49,49,17,17
60,60,68,68
36,36,92,92
37,37,12,12
39,39,33,39
65,58,58,58
91,91,91,91
70,45,45,45
90,90,89,90
99,55,55,55
10,61,61,61
4,74,74,74
21,86,86,86
48,48,48,48
36,36,36,36
31,31,29,29
66,66,8,66
5,45,45,45
92,42,42,42
93,18,18,18
60,25,25,25
50,21,21,21
93,74,74,74
28,83,83,18
49,49,66,66
32,32,35,35
79,79,9,79
98,98,98,98
86,86,86,86
30,93,93,93
64,2,2,2
18,44,44,44
44,44,80,80
13,13,89,58
99,99,99,99
27,27,90,90
69,9,9,9
87,87,16,87
6,35,35,35
22,99,99,99
50,50,50,50
90,13,13,13
71,49,49,49
20,0,0,0
91,91,18,91
90,13,13,13
71,71,23,71
49,49,33,49
42,42,42,42
57,57,57,57
20,20,20,20
63,63,87,87
67,30,30,30
12,60,60,4
91,91,91,91
39,39,8,8
20,6,6,6
73,73,30,30
52,96,96,96
69,69,69,69
56,56,56,56
10,28,28,28
51,84,84,84
44,45,45,45
62,70,70,70
62,92,92,92
43,43,97,97
30,95,95,95
6,82,82,92
99,99,98,99
35,35,98,98
79,79,79,79
35,2,2,2
9,40,40,28
20,67,67,67
79,79,9,9
15,15,17,17
87,87,87,87
37,37,19,19
20,91,91,91
60,60,60,60
33,33,96,33
67,67,23,23
92,54,54,54
73,99,99,99
88,77,77,77
38,38,80,80
90,90,17,90
70,70,10,70
77,5,5,5
84,26,26,6
16,16,28,28
18,18,39,39
80,77,77,77
51,51,7,7
42,42,42,42
68,68,68,68
18,50,50,50
24,24,7,24
19,55,55,55
6,6,66,66
57,83,83,83
21,21,31,31
42,42,42,42
39,39,39,39
10,10,55,55
20,20,20,20
9,9,58,58
4,55,55,55
51,51,51,51
1,1,1,1
14,14,16,14
53,53,53,53
7,65,65,65
60,60,37,60
53,53,53,53
90,81,81,81
43,98,98,6
62,62,62,62
38,34,34,34
76,76,76,76
84,84,84,84
46,46,11,11
32,32,32,32
54,54,92,92
34,34,31,31
29,15,15,15
65,86,86,86
72,97,97,97
65,65,97,97
10,16,16,16
25,58,58,58
7,7,83,22
48,48,62,62
90,90,81,90
94,94,94,94
42,38,38,97
4,93,93,93
55,79,79,79
99,44,44,4
68,68,97,68
6,6,35,6
24,50,50,50
82,82,82,82
43,43,42,43
71,71,49,49
31,31,29,29
75,75,14,14
26,26,53,53
49,49,49,49
98,35,35,35
25,25,20,20
62,54,54,54
73,50,50,50
2,35,35,35
81,90,90,90
99,99,99,99
11,11,11,11
31,48,48,48
82,82,62,82
56,66,66,66
3,29,29,29
88,33,33,38
62,62,70,62
8,8,8,8
73,93,93,93
20,20,43,20
44,68,68,68
80,80,14,14
89,89,58,58
0,0,0,0
23,23,49,23
16,16,16,16
96,96,52,52
24,14,14,14
26,26,91,26
93,97,97,97
6,24,24,24
53,53,53,53
93,32,32,32
19,57,57,57
49,76,76,76
11,98,98,98
45,88,88,88
27,55,55,74
26,26,75,75
82,82,57,57
84,25,25,25
28,28,72,72
1,1,14,14
56,56,56,56
26,79,79,79
57,57,57,57
60,60,60,60
18,20,20,20
55,27,27,27
71,23,23,23
56,56,56,56
47,52,52,52
21,21,21,21
36,59,59,59
9,9,6,9
41,41,89,41
24,24,24,24
75,75,75,75
5,5,60,60
32,32,98,98
12,12,12,12
57,57,57,57
84,84,84,84
76,76,76,76
65,65,38,38
12,12,49,12
21,12,12,12
23,33,33,33
76,76,76,76
29,29,29,29
57,0,0,0
75,75,8,8
32,32,32,32
25,25,16,16
96,52,52,52
56,56,59,56
49,49,17,49
8,8,37,8
19,43,43,43
98,95,95,95
39,39,83,39
71,71,71,71
46,46,98,98
3,38,38,38
41,65,65,65
64,43,43,94
37,60,60,60
8,8,37,8
13,37,37,37
99,99,78,78
31,21,21,21
35,35,2,2
52,52,59,52
73,49,49,49
89,8,8,8
2,2,36,36
54,92,92,92
97,38,38,38
73,73,71,71
95,95,71,73
1,1,5,5
12,27,27,27
0,53,53,53
51,63,63,63
23,23,60,60
73,73,72,73
72,55,55,55
83,53,53,53
74,38,38,38
1,1,1,1
12,12,12,12
38,38,97,97
51,51,33,33
29,19,19,19
77,77,34,34
44,44,27,27
18,15,15,15
10,51,51,51
16,8,8,8
43,17,17,17
0,0,0,0
7,7,45,7
70,62,62,62
17,17,17,17
3,72,72,27
6,80,80,97
83,70,70,70
65,55,55,55
0,0,83,0
46,48,48,48
85,40,40,40
62,62,62,62
18,18,80,80
81,81,17,17
40,40,79,70
48,48,48,48
4,45,45,45
2,80,80,80
21,21,98,21
24,44,44,44
95,95,55,95
53,53,53,53
89,89,13,89
50,65,65,65
35,35,98,98
98,11,11,11
32,32,98,98
58,58,58,58
97,97,28,28
56,56,59,56
78,40,40,22
60,71,71,71
79,79,7,7
84,9,9,9
28,28,28,28
46,35,35,35
90,90,90,90
43,43,42,42
9,9,83,83
42,21,21,21
84,84,9,9
59,56,56,56
27,44,44,44
17,17,37,37
62,53,53,53
23,23,69,54
31,59,59,59
11,11,11,11
48,48,86,48
82,62,62,62
87,76,76,76
28,20,20,20
14,18,18,18
99,99,25,99
13,13,81,81
66,66,64,64
35,98,98,98
42,66,66,66
20,20,20,20
2,2,72,72
16,16,9,9
68,68,12,12
23,23,23,23
93,93,93,93
79,34,34,34
87,87,87,87
41,41,41,41
2,11,11,11
96,65,65,65
39,39,39,39
49,49,49,49
57,35,35,35
96,52,52,52
12,12,12,12
38,38,31,31
65,38,38,38
39,39,39,39
93,93,73,73
83,7,7,7
32,32,22,22
19,46,46,46
8,8,8,8
53,53,53,53
69,69,69,69
72,67,67,67
23,23,23,23
29,29,55,29
43,43,15,15
88,19,19,19
11,11,2,2
96,96,33,33
62,62,62,62
54,54,26,54
2,35,35,35
73,73,73,73
34,34,34,34
48,48,41,48
34,34,32,34
34,34,42,42
94,94,94,94
88,88,79,43
67,68,68,79
71,71,60,71
97,97,72,72
7,7,24,7
35,11,11,11
77,32,32,32
95,95,73,73
44,29,29,29
45,45,20,45
27,73,73,73
80,80,80,80
84,84,34,40
99,99,99,99
52,96,96,96
92,92,54,70
70,51,51,51
16,16,16,16
88,88,90,72
25,25,70,25
58,58,89,58
79,14,14,14
54,92,92,92
73,73,67,73
50,50,54,54
47,52,52,52
51,98,98,98
78,78,22,22
26,57,57,57
50,50,31,31
17,68,68,68
86,86,86,86
72,32,32,32
87,12,12,12
34,4,4,4
47,52,52,52
25,25,94,94
72,18,18,91
29,29,29,29
95,95,67,95
86,86,94,94
92,62,62,62
78,78,38,38
3,3,21,21
28,51,51,51
58,58,13,58
66,66,74,74
78,9,9,9
38,42,42,56
22,78,78,78
66,66,48,66
95,95,95,95
45,73,73,73
97,97,79,72
65,91,91,91
54,54,46,46
71,12,12,12
70,48,48,48
80,38,38,38
85,85,85,85
28,28,87,28
41,41,41,41
71,71,60,60
64,64,77,14
75,7,7,7
90,90,81,81
7,7,24,24
37,37,17,17
23,23,23,23
54,54,16,16
84,43,43,43
86,6,6,6
8,8,89,89
22,22,22,22
51,51,42,16
75,75,25,75
26,26,26,26
11,42,42,42
3,13,13,13
46,35,35,35
64,59,59,59
92,92,70,70
55,11,11,11
39,39,42,39
66,66,80,80
86,86,86,86
85,85,52,85
0,70,70,70
8,8,48,79
27,27,66,66
57,57,53,53
13,13,81,81
94,94,84,84
40,27,27,27
61,61,22,61
94,94,20,94
17,17,25,25
11,11,32,11
1,27,27,27
4,65,65,65
49,49,76,76
77,77,95,77
0,0,0,0
1,91,91,91
80,80,38,38
48,48,41,48
39,39,39,39
55,55,19,19
38,80,80,80
12,12,12,12
35,98,98,45
12,12,68,12
78,7,7,7
87,92,92,92
11,35,35,2
0,0,0,0
95,95,30,95
90,90,90,90
10,10,61,61
88,34,34,34
10,94,94,94
97,97,97,97
48,48,58,58
63,63,14,63
51,51,31,51
52,59,59,59
47,47,33,33
85,55,55,55
69,69,69,69
65,69,69,69
81,37,37,37
30,95,95,95
51,51,40,51
69,69,69,69
28,23,23,23
4,55,55,50
31,33,33,33
97,97,64,97
48,48,45,48
64,64,64,64
80,80,64,64
0,0,53,0
0,0,0,0
5,5,36,5
45,8,8,8
13,13,81,81
90,90,68,68
85,89,89,89
56,56,17,56
51,77,77,77
34,38,38,38
44,56,56,56
91,91,91,91
85,85,58,85
56,56,56,56
10,84,84,84
46,10,10,86
93,93,93,93
77,77,80,77
81,81,13,81
82,82,82,82
18,44,44,44
66,66,63,66
56,56,59,59
49,49,12,49
0,0,83,0
70,62,62,62
63,63,66,63
99,99,61,22
14,14,74,74
5,5,5,5
26,26,26,26
24,24,60,24
86,86,40,86
64,93,93,93
55,44,44,44
1,1,41,1
94,94,94,94
74,74,26,74
6,6,45,6
25,25,25,25
52,47,47,47
90,90,37,90
5,84,84,84
40,40,40,40
41,41,41,41
49,10,10,10
76,9,9,9
19,19,3,19
44,95,95,95
49,49,49,49
57,57,57,57
85,75,75,75
63,63,55,55
91,91,91,91
63,63,97,63
94,94,94,94
55,55,87,87
59,14,14,14
21,21,21,21
59,17,17,17
47,47,82,47
31,55,55,55
60,60,71,60
44,78,78,78
25,25,41,41
11,28,28,28
97,97,40,97
96,96,52,52
3,4,4,4
46,98,98,98
85,85,59,59
56,56,56,56
34,34,46,46
50,3,3,3
41,41,41,41
87,87,28,28
38,80,80,66
83,83,83,83
45,15,15,15
77,77,56,56
15,15,80,15
47,47,96,47
68,68,68,68
46,46,11,98
87,5,5,5
61,22,22,22
69,69,76,69
49,49,76,49
86,86,86,86
89,45,45,45
36,36,92,36
59,59,49,59
67,67,99,67
54,0,0,0
72,72,3,72
3,3,12,3
62,62,84,84
60,96,96,96
97,97,80,97
40,80,80,80
69,69,69,69
4,63,63,63
94,94,84,94
65,38,38,38
39,39,39,39
87,87,87,87
48,48,48,48
93,66,66,66
38,80,80,80
67,73,73,73
26,77,77,77
1,1,50,50
10,67,67,73
41,41,41,41
47,47,47,47
78,99,99,99
87,87,86,86
13,13,13,13
11,11,35,35
57,57,57,57
45,57,57,57
39,39,73,73
8,8,8,8
55,41,41,41
21,21,29,29
65,96,96,96
97,97,23,23
90,90,60,60
98,35,35,35
63,74,74,74
78,74,74,74
44,44,79,44
44,91,91,91
15,15,57,57
53,57,57,57
97,85,85,85
13,37,37,37
9,65,65,65
75,75,18,75
73,73,73,73
84,20,20,87
84,73,73,73
48,16,16,16
12,12,87,87
25,25,25,25
7,7,31,31
90,81,81,81
7,7,65,65
55,55,31,31
90,76,76,76
86,86,87,87
67,67,67,67
54,54,54,54
77,74,74,74
60,60,60,60
9,9,82,9
54,82,82,82
34,34,4,4
68,68,55,68
25,25,26,25
71,71,60,71
20,20,20,20
89,89,58,89
24,24,26,26
84,84,65,65
4,4,72,4
59,59,47,47
26,26,54,54
18,18,27,18
37,52,52,52
98,35,35,35
64,64,43,43
74,8,8,8
94,94,94,94
5,5,5,5
43,19,19,19
97,97,75,75
23,23,69,23
93,73,73,73
15,38,38,38
17,17,17,17
1,1,92,1
58,58,49,49
31,15,15,15
8,8,30,30
45,45,5,5
28,28,82,28
23,23,49,23
19,19,19,19
88,88,86,86
87,87,87,87
82,82,82,82
26,26,36,36
33,33,74,88
63,65,65,65
16,28,28,28
13,82,82,82
91,91,15,15
76,76,76,76
76,76,49,76
38,97,97,28
10,35,35,35
70,92,92,92
17,17,17,17
78,78,78,78
56,6,6,6
75,75,75,75
57,0,0,0
79,14,14,14
90,90,17,17
38,27,27,27
51,51,19,51
27,27,64,64
71,71,71,71
96,96,59,33
6,6,6,6
40,40,40,40
51,88,88,88
47,96,96,96
37,37,37,37
41,41,41,41
66,64,64,64
67,67,27,27
41,89,89,89
82,82,96,82
14,14,24,24
23,23,71,71
6,6,14,6
98,98,98,98
11,11,32,51
7,7,9,9
65,33,33,33
64,64,55,55
40,0,0,0
15,15,36,36
1,1,1,1
29,29,29,29
38,38,41,41
75,14,14,14
40,40,35,35
31,59,59,59
60,60,96,60
79,79,29,29
63,64,64,45
6,6,92,6
36,50,50,50
31,31,51,51
21,21,21,21
52,52,47,52
71,71,60,71
1,1,73,1
61,36,36,36
34,34,8,34
34,34,65,65
77,77,19,19
35,35,84,84
37,76,76,76
7,74,74,74
70,92,92,92
20,20,20,20
93,93,29,29
41,41,25,25
92,83,83,83
87,87,86,87
46,11,11,84
30,95,95,95
30,93,93,93
46,46,10,10
85,85,81,85
32,32,57,57
14,14,45,45
51,51,51,51
24,24,24,24
5,5,60,60
49,49,49,49
61,46,46,46
89,89,81,89
48,48,48,48
98,46,46,46
7,7,44,44
94,94,94,94
37,37,89,89
94,9,9,9
94,87,87,87
52,52,59,52
11,11,35,35
61,61,61,61
41,41,41,41
50,43,43,43
84,19,19,33
76,76,98,76
18,18,78,18
64,35,35,35
80,94,94,94
62,62,82,82
11,46,46,46
41,41,40,41
69,69,69,69
34,38,38,38
2,2,5,5
45,42,42,43
62,62,6,6
87,94,94,94
99,99,67,67
45,45,55,45
2,2,70,70
27,27,80,27
91,91,15,15
19,31,31,31
56,56,37,56
20,20,20,20
92,13,13,13
54,54,6,6
75,75,75,75
9,96,96,96
83,57,57,57
27,64,64,87
95,95,95,95
49,71,71,71
14,3,3,3
2,98,98,98
43,43,75,43
96,96,47,47
95,95,29,95
66,88,88,88
81,84,84,84
9,9,40,9
44,44,33,33
99,99,78,99
87,87,87,87
79,79,97,79
11,45,45,45
59,59,97,97
18,78,78,78
62,98,98,98
96,47,47,47
94,20,20,20
49,49,49,49
47,47,55,55
72,2,2,2
26,26,50,50
71,71,60,71
76,76,76,76
21,21,3,3
81,81,81,81
30,30,3,3
99,99,99,99
64,64,77,64
92,83,83,83
0,0,0,0
6,3,3,44
74,63,63,63
82,82,82,82
13,27,27,27
69,69,69,69
8,8,8,8
3,3,15,15
74,74,50,50
89,89,26,89
11,21,21,21
16,61,61,61
92,92,70,92
79,33,33,33
86,86,86,86
72,3,3,76
95,95,95,95
38,66,66,66
42,34,34,34
65,73,73,73
61,10,10,10
68,68,49,68
17,17,37,17
41,86,86,86
49,49,59,49
20,20,20,20
4,74,74,74
75,75,74,75
48,48,92,92
13,13,81,13
60,60,68,60
67,27,27,65
62,62,70,62
17,17,89,17
37,87,87,87
32,66,66,66
59,59,85,85
59,76,76,76
38,38,33,38
70,92,92,92
79,79,24,79
11,46,46,46
49,49,93,93
44,91,91,91
0,0,83,83
26,6,6,6
45,45,74,74
48,48,48,48
1,1,1,1
33,96,96,96
57,6,6,6
10,89,89,89
37,81,81,81
97,97,97,97
44,44,98,98
43,43,50,50
63,63,50,74
55,4,4,4
37,37,17,17
20,20,83,20
49,49,5,49
19,19,8,19
16,16,22,22
26,39,39,39
21,21,21,21
79,66,66,66
40,40,40,40
68,68,71,68
74,43,43,43
95,67,67,67
46,98,98,98
94,94,94,94
68,68,76,68
13,13,58,58
22,99,99,70
83,83,62,62
46,3,3,3
74,50,50,50
35,35,2,2
60,60,16,60
11,2,2,2
21,21,21,21
34,79,79,79
39,39,39,39
65,65,2,2
13,96,96,96
20,20,20,20
21,21,38,38
99,99,82,82
68,68,71,68
88,48,48,48
93,52,52,4
49,49,60,49
69,69,69,69
17,17,56,17
55,55,23,23
81,58,58,58
63,36,36,36
14,74,74,74
73,68,68,68
17,17,37,37
13,13,39,39
95,95,30,95
99,94,94,94
61,66,66,66
24,24,24,24
22,22,87,87
23,23,39,99
94,94,94,94
33,49,49,49
90,90,90,90
8,8,46,46
68,60,60,60
52,52,29,29
20,20,20,20
64,63,63,63
54,54,54,54
53,53,53,53
3,3,35,35
4,4,4,4
88,49,49,49
53,53,57,53
27,25,25,25
5,86,86,86
47,47,25,47
97,97,65,65
5,5,84,5
35,35,50,50
71,71,49,49
54,51,51,51
54,54,54,54
17,17,17,17
56,56,47,47
54,54,92,54
15,15,34,15
69,69,69,69
65,65,3,3
24,24,24,24
42,42,43,43
8,8,99,8
72,44,44,44
77,77,35,77
75,7,7,7
66,66,97,66
93,30,30,30
94,94,94,94
27,27,78,78
98,98,11,11
75,75,64,64
44,45,45,45
37,37,19,19
8,8,19,8
10,61,61,61
84,22,22,79
72,77,77,77
34,41,41,41
37,37,81,81
2,36,36,36
86,86,86,86
20,20,20,20
90,90,47,90
49,49,17,17
95,95,30,95
29,29,84,84
34,34,88,34
46,40,40,40
43,43,55,55
72,69,69,69
18,18,83,83
51,51,9,51
87,87,87,87
18,91,91,91
41,41,14,14
93,79,79,79
72,72,86,72
95,93,93,93
19,19,19,19
34,50,50,50
42,18,18,44
79,79,31,55
79,79,24,24
17,17,37,37
73,30,30,30
97,97,66,66
45,5,5,5
97,38,38,38
29,55,55,55
86,80,80,80
29,31,31,31
0,0,0,0
19,97,97,97
12,12,8,8
91,27,27,27
75,75,91,91
97,64,64,64
50,57,57,57
13,13,13,13
61,61,10,61
74,50,50,50
85,85,55,85
29,95,95,62
67,32,32,32
50,40,40,40
43,88,88,65
50,50,32,32
3,3,19,19
25,25,36,25
13,13,13,13
50,36,36,36
56,56,84,56
60,60,68,68
30,99,99,99
61,10,10,10
34,34,34,34
84,94,94,94
1,1,53,1
58,58,41,41
35,11,11,80
4,91,91,91
77,77,72,72
42,42,64,80
22,22,9,9
87,87,85,87
38,38,30,30
11,46,46,46
9,9,9,9
32,32,93,93
12,68,68,68
50,32,32,32
8,8,48,48
96,96,52,52
61,61,0,0
9,76,76,76
43,43,88,88
9,9,9,9
58,89,89,89
92,70,70,70
32,89,89,89
32,32,32,32
25,25,16,16
0,0,0,0
34,69,69,69
75,75,75,75
68,68,38,68
27,27,71,26
15,51,51,51
0,57,57,57
38,38,33,33
10,10,0,0
3,19,19,6
44,97,97,97
30,30,67,30
43,89,89,89
59,59,4,38
50,36,36,36
40,16,16,16
67,67,22,67
76,69,69,69
49,17,17,17
98,28,28,28
57,57,57,57
16,16,10,16
56,56,59,56
84,19,19,19
75,75,75,75
50,50,42,50
90,81,81,81
10,10,0,0
83,83,16,83
22,32,32,1
59,59,52,59
93,93,73,73
36,36,13,13
51,51,40,40
6,6,1,6
74,74,68,68
82,82,82,82
1,1,90,90
97,43,43,43
12,69,69,69
79,59,59,59
49,49,17,49
94,94,16,16
39,39,22,39
25,25,94,94
98,98,35,35
10,26,26,26
58,58,58,58
79,56,56,56
54,23,23,39
64,64,38,38
1,1,1,1
24,24,24,24
46,46,46,46
51,27,27,27
45,45,23,23
70,54,54,54
29,37,37,37
96,96,37,96
2,2,45,2
7,24,24,24
95,74,74,74
27,27,91,27
83,83,53,53
89,89,81,89
7,14,14,14
52,59,59,59
24,24,79,24
49,49,76,49
5,5,5,5
80,80,38,80
53,53,35,35
75,75,55,75
55,99,99,17
14,75,75,75
15,37,37,37
69,69,69,69
51,43,43,43
24,24,24,24
19,31,31,31
2,2,98,98
68,68,68,68
24,77,77,77
75,75,89,75
75,75,5,75
41,41,41,41
13,58,58,58
44,75,75,75
41,41,50,89
31,31,89,89
74,64,64,27
18,18,18,18
43,43,36,43
0,0,32,0
13,39,39,39
15,15,31,15
7,7,14,14
17,17,49,49
83,56,56,56
92,92,54,54
79,79,42,42
34,34,6,6
74,74,62,74
86,86,86,86
20,20,20,20
50,50,50,50
72,72,15,15
14,14,92,14
86,69,69,69
88,88,84,84
98,98,43,43
4,24,24,24
77,77,79,79
1,1,1,1
79,79,77,77
12,12,13,12
87,87,75,87
78,18,18,18
65,65,36,36
1,1,70,70
59,52,52,52
48,48,48,48
83,83,48,48
58,58,58,58
13,85,85,85
56,96,96,96
94,94,94,94
50,50,67,67
13,13,13,13
55,29,29,50
97,97,14,97
10,28,28,28
7,7,44,7
21,3,3,3
19,19,41,41
22,22,22,22
54,54,91,91
75,75,75,75
75,75,75,75
27,67,67,67
5,53,53,53
75,75,75,75
6,6,89,89
75,75,75,75
35,35,11,11
19,19,35,35
79,42,42,42
48,48,41,41
18,55,55,55
12,71,71,49
32,20,20,20
3,72,72,72
60,60,23,60
65,42,42,42
85,12,12,12
77,6,6,6
43,43,15,43
65,65,17,17
85,85,17,85
96,96,47,96
98,2,2,2
66,66,31,66
62,62,53,62
73,93,93,93
83,83,16,16
65,65,97,97
58,58,90,90
12,89,89,89
19,15,15,15
38,85,85,85
27,78,78,78
81,81,81,81
21,21,66,21
29,29,29,29
51,34,34,34
58,58,90,58
88,42,42,42
89,31,31,31
5,5,12,12
15,15,43,43
10,0,0,0
37,37,48,37
95,95,73,95
50,23,23,23
30,69,69,69
74,94,94,94
98,98,15,15
33,68,68,68
40,40,36,40
50,50,54,54
52,52,96,96
14,14,6,6
63,63,21,21
72,55,55,55
53,53,53,53
91,91,91,91
81,81,81,81
73,73,55,55
16,16,16,16
32,75,75,75
90,90,4,90
33,33,96,96
52,52,47,47
41,41,41,41
11,2,2,2
38,38,57,57
14,7,7,7
56,56,73,56
43,97,97,97
80,33,33,33
65,38,38,38
46,46,11,11
92,92,92,92
52,52,52,52
75,75,75,75
78,99,99,99
60,60,68,60
70,70,70,70
36,10,10,16
19,75,75,75
2,46,46,45
8,8,42,42
61,61,61,61
55,15,15,15
24,24,24,24
47,1,1,1
30,73,73,73
70,70,92,70
25,25,84,84
7,7,44,44
28,28,25,25
67,93,93,93
53,53,53,53
28,28,10,10
11,1,1,1
54,54,92,54
74,78,78,78
66,66,38,38
41,41,41,41
4,4,4,4
95,95,72,72
47,47,47,47
52,52,37,52
59,59,89,89
68,33,33,33
21,21,21,21
13,86,86,86
62,83,83,83
58,58,58,58
92,24,24,24
18,18,41,14
24,24,24,24
30,30,67,30
78,99,99,99
14,14,91,91
86,86,86,86
78,18,18,18
76,76,76,76
68,68,71,68
56,56,33,56
70,70,62,70
31,79,79,2
97,97,97,97
72,14,14,14
7,7,56,6
84,40,40,40
43,43,42,42
61,61,10,61
33,33,18,90
42,42,35,42
89,89,89,89
42,42,39,42
38,50,50,50
92,92,53,53
24,44,44,44
49,49,90,90
7,7,74,74
52,52,52,52
66,66,45,66
99,99,99,99
96,96,4,90
34,74,74,74
14,44,44,44
11,11,11,11
92,62,62,62
29,29,29,29
4,4,28,4
3,3,77,77
55,6,6,6
61,10,10,10
90,90,68,68
94,94,84,94
29,29,52,29
90,81,81,81
43,72,72,72
21,21,98,21
66,66,21,66
57,57,83,83
25,5,5,5
37,15,15,15
0,0,10,10
1,1,92,1
56,56,69,40
30,72,72,67
80,80,39,39
93,50,50,50
8,16,16,16
23,23,39,39
98,6,6,6
64,3,3,3
69,95,95,95
68,68,5,68
72,72,55,55
1,1,51,1
35,11,11,11
92,53,53,53
22,22,39,22
52,52,59,59
90,90,90,90
91,1,1,1
37,71,71,71
71,23,23,23
27,30,30,30
89,89,31,89
28,28,45,28
56,29,29,29
0,7,7,7
79,64,64,64
20,20,5,5
18,18,57,57
39,71,71,71
79,79,79,79
45,18,18,18
96,96,80,80
68,68,35,37
24,95,95,95
0,78,78,78
42,88,88,69
81,13,13,13
80,27,27,27
81,13,13,13
87,87,13,13
33,60,60,60
9,9,24,9
46,62,62,45
59,59,26,26
7,7,78,7
64,64,50,50
70,70,62,62
25,25,81,25
46,46,11,11
89,89,17,89
93,51,51,51
58,58,91,91
37,37,48,48
91,91,91,91
3,74,74,45
57,57,57,57
75,75,46,75
5,5,54,54
80,77,77,77
70,70,62,70
64,55,55,55
34,34,43,34
22,61,61,61
54,54,82,54
34,34,3,3
32,27,27,27
9,72,72,72
31,31,34,34
77,64,64,64
43,43,94,94
33,40,40,40
79,94,94,94
63,63,31,31
63,63,21,21
1,1,50,1
99,99,99,99
27,27,4,4
12,14,14,14
74,74,25,74
93,45,45,45
20,20,20,20
60,60,60,60
66,8,8,8
40,40,51,51
59,96,96,96
92,92,15,92
46,6,6,6
47,96,96,96
52,52,47,47
89,89,48,89
6,6,7,7
93,93,26,26
94,94,86,94
54,54,39,54
15,15,42,15
96,96,79,79
79,64,64,64
49,49,95,49
13,33,33,33
41,41,41,41
14,6,6,6
30,30,30,30
76,76,71,76
21,21,56,56
82,82,82,82
52,52,47,47
79,27,27,27
4,63,63,63
46,46,35,35
14,14,18,18
43,43,45,43
32,32,45,32
34,19,19,19
83,53,53,53
13,58,58,58
19,19,31,31
31,15,15,15
67,67,71,67
0,0,53,0
95,28,28,28
32,32,89,35
33,71,71,71
71,23,23,23
8,8,8,8
64,36,36,36
53,53,96,53
47,96,96,96
22,25,25,25
30,49,49,49
22,87,87,87
7,7,24,24
84,84,5,5
56,56,76,56
92,92,14,14
30,95,95,95
23,3,3,3
63,74,74,74
22,35,35,35
57,22,22,22
24,24,24,24
23,23,67,23
32,32,35,11
72,17,17,17
82,82,82,82
64,50,50,50
43,84,84,84
13,13,58,58
98,98,87,98
26,26,26,26
55,19,19,19
83,0,0,0
12,12,37,12
76,76,76,76
47,47,96,47
24,24,24,24
92,70,70,70
40,65,65,65
86,86,16,86
39,39,69,39
31,52,52,52
37,89,89,89
71,71,72,72
39,29,29,29
72,93,93,93
87,87,35,35
17,17,12,17
13,17,17,17
39,39,39,39
35,35,56,35
54,54,25,54
88,43,43,43
1,1,26,1
61,99,99,99
24,24,24,24
69,69,69,69
4,55,55,55
9,84,84,84
98,35,35,35
74,36,36,36
58,58,58,58
76,76,76,76
96,92,92,92
4,4,4,4
84,84,5,5
30,30,95,95
88,42,42,42
79,79,66,55
5,5,79,79
10,22,22,22
33,47,47,43
54,38,38,38
36,34,34,34
46,98,98,98
6,6,6,6
46,46,11,11
86,86,86,86
39,85,85,85
83,15,15,15
77,39,39,39
69,69,23,69
65,36,36,43
14,39,39,39
33,33,25,33
61,61,61,61
35,87,87,87
20,46,46,46
9,9,9,9
37,37,17,17
63,6,6,6
82,82,82,82
46,13,13,13
72,74,74,74
77,26,26,26
16,45,45,45
64,64,42,42
46,46,98,46
23,23,69,23
22,22,22,22
75,75,75,75
78,78,34,34
46,18,18,18
10,10,51,51
85,85,13,27
7,15,15,15
68,68,12,68
31,93,93,93
91,91,91,91
28,99,99,99
58,58,85,85
55,55,96,55
91,91,91,91
19,19,19,19
59,84,84,84
44,44,99,99
98,36,36,36
27,27,4,4
34,34,63,34
17,17,85,17
25,86,86,86
58,58,58,58
29,29,25,25
85,21,21,21
85,85,35,35
25,86,86,20
35,80,80,19
12,12,81,81
8,56,56,56
34,89,89,89
16,16,16,16
86,87,87,94
48,48,58,48
49,49,81,49
15,98,98,98
55,91,91,91
53,53,53,53
99,99,25,25
66,66,48,48
26,26,87,87
88,88,33,88
64,64,38,80
87,87,87,87
41,75,75,75
17,17,97,97
40,59,59,59
6,6,6,6
55,72,72,4
8,8,48,48
95,95,95,95
94,94,5,5
3,3,50,4
2,62,62,62
56,56,29,56
66,66,66,66
4,4,7,7
68,68,60,60
11,11,35,11
20,20,20,20
49,69,69,69
23,23,23,23
72,72,99,99
16,16,94,16
0,0,0,0
86,86,13,13
59,59,56,59
93,44,44,44
48,48,85,48
40,40,37,37
33,55,55,55
17,12,12,12
52,52,96,96
54,54,92,92
94,94,84,94
87,87,87,87
77,67,67,67
79,44,44,44
5,5,46,46
91,73,73,23
28,28,54,54
30,67,67,67
7,7,6,7
25,55,55,55
42,18,18,18
75,75,75,75
31,31,80,80
14,4,4,4
94,94,94,94
57,57,57,57
63,97,97,97
81,81,90,81
4,95,95,95
99,8,8,79
45,78,78,78
32,32,32,32
11,66,66,66
9,9,16,16
59,96,96,96
81,81,91,91
40,40,40,40
48,8,8,8
6,6,54,6
98,35,35,35
70,92,92,92
93,93,4,4
0,0,0,0
14,14,14,14
49,49,71,71
51,51,51,51
4,13,13,13
14,75,75,75
42,42,66,66
80,15,15,15
68,68,81,68
78,99,99,99
47,47,47,47
31,31,3,3
62,62,53,62
62,70,70,70
90,90,55,55
8,8,44,8
9,32,32,32
51,51,71,40
91,91,91,91
80,3,3,3
79,79,54,79
22,40,40,40
18,99,99,99
61,61,65,61
62,53,53,53
54,54,70,70
34,34,64,34
42,42,93,42
33,33,66,33
16,54,54,54
99,99,10,99
99,23,23,23
27,72,72,4
13,13,86,86
39,39,39,39
56,56,56,56
53,53,53,53
82,82,62,82
48,48,14,14
76,76,76,76
82,82,83,82
49,49,68,49
40,19,19,19
58,58,85,58
58,58,13,58
28,65,65,65
37,37,17,37
38,42,42,42
93,7,7,7
68,68,71,68
13,13,13,13
42,42,29,42
35,2,2,2
68,68,71,71
47,47,47,47
13,12,12,12
91,91,1,1
53,53,2,53
23,23,39,23
29,32,32,32
89,90,90,90
35,35,2,2
43,43,26,43
62,61,61,61
15,15,97,15
9,9,9,9
97,66,66,66
15,39,39,39
44,18,18,18
75,75,75,75
84,37,37,37
33,98,98,98
41,41,41,41
6,79,79,79
71,71,23,71
78,27,27,27
17,17,49,17
76,68,68,68
78,86,86,86
88,88,43,88
49,49,71,71
35,35,98,98
54,43,43,43
86,86,86,86
12,90,90,90
74,72,72,72
80,44,44,72
33,33,44,44
49,49,3,3
5,25,25,25
63,18,18,18
78,78,86,78
41,41,51,42
36,36,65,65
37,94,94,94
66,66,66,66
98,11,11,11
76,76,76,76
8,8,66,66
13,13,58,13
53,53,78,53
87,87,87,87
19,19,27,27
38,28,28,28
18,96,96,51
32,32,32,32
88,16,16,16
4,77,77,77
78,78,66,78
99,99,99,99
75,41,41,41
21,21,72,21
74,72,72,72
97,97,19,19
75,75,18,75
64,80,80,80
52,52,8,8
94,94,37,37
10,61,61,61
34,43,43,51
14,97,97,97
21,4,4,4
61,63,63,63
1,1,78,1
80,80,80,80
21,21,21,21
81,81,25,25
98,35,35,35
69,69,65,69
52,52,96,96
63,77,77,77
20,20,20,20
91,91,91,91
68,68,12,68
64,34,34,34
76,76,76,76
5,36,36,36
9,41,41,41
43,43,43,43
49,30,30,30
55,30,30,30
55,14,14,14
32,32,32,32
83,83,18,18
42,42,56,56
58,58,81,81
44,91,91,91
48,48,89,48
15,15,66,66
48,90,90,90
17,17,37,17
28,28,10,10
35,35,65,35
11,35,35,35
15,17,17,17
21,21,21,21
81,39,39,39
59,59,56,50
14,14,14,14
37,37,81,81
75,75,75,75
2,69,69,69
10,23,23,23
19,44,44,44
58,58,13,58
90,90,81,81
43,43,64,43
3,31,31,31
71,49,49,49
23,33,33,33
28,28,80,28
68,68,12,68
80,89,89,89
61,78,78,78
87,87,22,87
25,84,84,84
89,89,7,41
42,34,34,34
74,74,14,14
91,91,91,91
47,47,47,47
5,5,5,5
22,35,35,35
6,6,89,89
58,58,37,37
91,91,42,42
61,61,61,61
91,91,46,46
71,37,37,37
74,82,82,82
82,82,47,82
66,46,46,46
30,30,30,30
47,47,47,47
38,64,64,64
45,57,57,83
54,54,54,54
48,48,48,48
13,13,90,90
85,85,75,75
3,29,29,29
28,16,16,16
21,21,21,21
44,44,38,38
27,95,95,95
0,0,1,1
8,8,8,8
28,28,28,28
27,30,30,30
98,46,46,46
48,48,41,41
81,81,37,81
36,36,2,36
29,94,94,94
86,86,41,86
19,26,26,26
82,82,53,53
89,89,4,4
35,35,98,98
13,13,90,13
42,42,19,19
60,60,68,60
69,69,69,69
12,68,68,68
89,89,45,45
50,50,15,15
24,24,0,24
49,49,49,49
12,12,13,12
71,71,71,71
25,87,87,94
71,71,60,60
46,98,98,98
14,66,66,66
88,88,78,88
64,4,4,79
13,12,12,12
25,25,25,25
11,11,46,11
44,44,79,79
17,17,12,17
18,18,34,34
74,74,74,74
75,55,55,55
14,18,18,18
42,23,23,23
83,83,92,92
60,60,90,60
30,3,3,48
57,57,0,57
94,94,84,94
48,58,58,58
75,75,3,75
15,43,43,45
51,51,51,51
93,92,92,92
93,93,30,30
41,41,6,41
52,52,59,59
52,52,59,52
12,12,73,12
64,50,50,50
87,87,87,87
99,99,99,99
86,86,76,86
5,94,94,94
42,42,78,42
71,71,23,23
64,4,4,4
99,99,99,99
49,59,59,59
22,22,22,22
52,47,47,47
59,47,47,47
5,5,5,5
60,60,60,60
71,71,49,71
72,3,3,80
74,74,74,74
19,19,7,7
56,56,59,56
24,24,24,24
30,30,89,89
76,76,96,76
15,15,84,15
39,39,70,70
16,16,16,16
21,21,92,21
15,15,88,88
38,97,97,43
30,13,13,13
55,55,93,55
98,35,35,92
25,25,5,5
40,69,69,69
82,82,82,82
3,6,6,6
67,67,76,76
47,52,52,52
71,71,60,71
52,52,47,47
47,47,47,47
60,60,19,19
55,69,69,69
16,39,39,39
61,61,79,79
36,36,65,36
90,90,68,68
32,32,81,81
21,98,98,98
30,30,99,99
78,77,77,77
43,43,53,53
81,13,13,13
88,3,3,3
49,49,76,49
96,33,33,33
10,53,53,53
95,73,73,73
33,96,96,96
15,13,13,13
85,85,84,84
89,89,81,89
79,51,51,51
26,78,78,78
18,79,79,77
97,97,33,97
14,83,83,83
15,65,65,65
16,16,84,84
75,75,97,97
6,83,83,91
92,53,53,53
88,88,84,84
64,65,65,69
54,54,57,57
71,71,68,68
6,6,18,6
96,96,47,96
8,8,8,8
67,67,30,73
0,0,28,0
78,50,50,50
92,54,54,54
57,57,57,57
66,66,66,66
48,48,48,48
67,50,50,25
60,60,33,60
89,89,19,89
16,16,10,16
42,88,88,2
58,13,13,13
61,61,22,22
22,22,16,22
75,75,75,75
37,37,90,90
3,55,55,55
60,60,68,60
9,9,40,9
27,37,37,37
83,83,6,6
89,8,8,8
42,15,15,15
88,88,80,80
44,44,18,18
2,98,98,98
62,62,92,92
94,94,16,94
32,39,39,36
95,95,95,95
66,66,3,66
8,59,59,59
40,40,28,28
44,44,79,44
45,67,67,18
26,34,34,34
48,48,89,48
87,87,89,89
59,85,85,85
35,46,46,46
61,10,10,10
64,64,42,42
43,26,26,26
25,25,92,92
48,41,41,41
45,45,33,45
36,36,36,36
29,29,7,29
51,63,63,63
76,76,76,76
74,56,56,33
61,61,61,61
56,56,51,56
55,95,95,95
44,74,74,80
50,23,23,23
8,99,99,99
27,45,45,45
22,22,55,98
61,61,99,99
77,77,14,14
85,85,48,85
95,95,71,71
78,99,99,99
0,0,0,0
80,80,65,65
26,47,47,47
33,33,79,79
49,21,21,21
51,51,84,40
36,36,3,36
98,28,28,28
39,39,68,68
76,12,12,12
95,95,95,95
31,36,36,36
45,11,11,11
27,38,38,38
60,60,23,60
3,3,21,21
51,51,35,51
94,94,0,94
67,67,72,72
6,6,18,6
62,62,62,62
98,11,11,34
28,16,16,16
26,26,97,26
61,61,61,61
29,29,29,29
64,64,43,43
95,95,93,95
4,4,88,88
42,42,67,8
17,17,48,48
99,78,78,78
30,23,23,23
86,84,84,84
83,83,53,83
78,78,27,78
25,2,2,2
50,50,36,36
97,97,38,38
67,99,99,99
52,52,47,52
28,28,10,10
44,45,45,13
28,28,40,28
22,32,32,32
5,5,25,25
35,28,28,28
37,12,12,12
66,66,87,87
88,37,37,37
95,30,30,30
1,1,1,1
57,5,5,5
12,12,12,12
44,78,78,85
97,97,97,97
78,78,86,86
7,7,14,14
94,94,94,94
85,85,85,85
48,48,8,48
16,16,16,16
85,48,48,48
63,63,74,31
59,59,47,59
70,70,92,92
62,62,83,62
58,58,58,58
54,92,92,92
60,60,60,60
9,9,9,9
44,44,38,38
23,49,49,49
71,71,73,73
10,18,18,18
89,89,62,82
31,31,19,31
67,95,95,95
56,56,59,56
42,38,38,38
70,92,92,92
73,69,69,69
43,42,42,1
43,43,66,43
86,86,86,86
15,15,15,15
24,24,24,24
84,22,22,22
42,42,38,38
60,60,8,8
48,48,48,48
19,19,64,64
93,73,73,73
16,16,10,10
30,72,72,32
13,12,12,12
21,63,63,63
78,78,97,45
68,71,71,95
48,89,89,89
56,52,52,52
74,74,50,74
42,42,38,42
20,20,20,20
14,14,98,98
78,78,66,66
62,62,62,62
76,76,76,76
42,38,38,44
28,10,10,10
74,74,63,63
78,99,99,99
28,28,28,28
27,44,44,44
51,51,84,51
83,62,62,62
48,48,8,8
79,79,84,79
67,73,73,99
43,65,65,65
90,11,11,54
18,93,93,93
40,40,99,99
88,88,88,88
15,15,38,15
89,89,41,89
0,0,0,0
80,80,18,18
95,75,75,75
59,33,33,33
67,76,76,76
57,57,0,0
64,55,55,55
55,50,50,87
72,72,21,21
39,39,99,39
1,33,33,33
14,14,19,14
10,87,87,87
40,40,76,76
66,66,88,88
32,32,32,32
11,35,35,35
4,64,64,64
54,54,54,54
14,14,6,89
15,15,15,15
84,84,84,84
7,7,24,7
15,15,19,15
70,54,54,54
45,45,54,45
28,28,86,16
27,27,1,1
36,36,1,36
31,31,31,31
80,80,76,80
16,61,61,61
59,59,96,96
6,6,6,6
19,31,31,31
87,87,22,87
15,29,29,47
81,81,66,66
25,25,22,86
98,35,35,35
2,11,11,11
68,68,68,68
47,47,52,52
18,18,65,99
66,66,65,65
66,64,64,64
17,49,49,49
65,65,80,80
90,90,81,81
98,35,35,35
45,97,97,97
76,76,72,76
95,95,38,38
5,5,25,5
89,89,89,89
69,69,44,69
57,82,82,82
60,71,71,71
95,95,30,95
16,86,86,66
7,7,7,7
52,52,31,31
6,6,6,6
7,7,24,24
67,93,93,93
60,60,60,60
67,32,32,32
52,52,59,59
2,35,35,35
94,94,80,94
25,25,5,5
23,23,71,71
58,58,58,58
65,79,79,79
38,38,98,98
85,85,85,85
48,48,41,48
82,82,33,33
21,21,21,21
55,80,80,80
69,69,55,55
39,33,33,33
12,12,12,12
29,91,91,91
5,33,33,33
17,17,59,17
87,87,86,86
78,72,72,72
70,92,92,36
30,67,67,67
87,67,67,67
94,19,19,19
75,75,86,75
44,44,18,18
73,73,51,10
67,74,74,74
62,62,53,62
41,41,41,41
1,1,92,92
16,15,15,15
85,85,81,81
80,80,23,23
29,29,63,44
44,26,26,26
69,69,90,90
26,26,93,26
46,21,21,21
20,20,20,20
7,18,18,18
93,1,1,1
63,63,63,63
53,53,53,53
40,56,56,56
37,37,87,87
33,33,99,99
76,76,1,1
48,48,48,48
63,63,42,63
84,84,84,84
31,31,31,31
54,54,80,54
28,28,28,28
72,27,27,27
34,34,91,34
47,96,96,96
63,66,66,66
54,54,70,54
35,98,98,98
93,93,45,72
61,61,22,22
2,98,98,98
51,51,97,97
7,7,74,74
59,88,88,88
68,68,68,68
81,13,13,13
81,81,16,81
39,39,73,39
13,13,90,90
37,81,81,81
35,11,11,11
81,81,17,17
51,37,37,37
18,89,89,89
4,4,50,4
23,23,49,23
93,48,48,72
94,94,84,84
77,77,42,42
47,47,47,47
51,40,40,57
5,5,5,5
90,84,84,84
86,40,40,40
48,48,8,48
96,96,67,67
23,23,67,67
79,6,6,6
13,58,58,58
98,98,11,11
71,30,30,30
60,60,71,60
62,62,92,92
39,39,3,39
68,68,68,68
52,96,96,96
14,6,6,6
21,85,85,85
15,15,44,44
77,1,1,1
94,94,94,94
73,73,75,73
70,70,92,92
59,59,52,52
55,55,28,28
76,76,63,63
72,27,27,27
3,55,55,55
18,25,25,25
0,0,0,0
99,99,61,61
24,24,24,24
56,56,59,59
0,0,0,0
82,82,83,83
72,55,55,3
37,37,37,37
20,20,20,20
54,54,54,54
11,11,11,11
9,9,22,22
86,65,65,65
65,51,51,51
78,78,50,50
22,22,11,11
48,48,48,48
1,1,62,62
33,59,59,59
77,77,7,7
49,49,76,49
89,89,57,57
36,36,54,36
42,42,63,42
20,20,99,99
2,11,11,11
32,1,1,1
87,87,21,87
71,71,23,71
36,65,65,65
95,30,30,30
27,27,23,27
36,50,50,50
54,54,54,54
92,15,15,15
88,88,43,88
6,6,6,6
31,29,29,29
54,54,1,1
32,32,32,32
58,58,58,58
10,10,0,0
64,64,31,31
93,67,67,67
3,34,34,34
55,90,90,13
49,49,90,90
56,56,22,56
33,99,99,99
99,99,84,99
62,92,92,92
34,34,1,34
53,53,53,53
17,17,27,27
93,95,95,95
66,66,66,66
0,0,83,0
58,58,13,13
4,87,87,87
37,12,12,12
1,1,57,57
58,58,58,58
66,66,97,66
58,81,81,81
88,33,33,11
39,39,20,39
40,9,9,9
82,7,7,7
68,68,68,68
4,74,74,74
55,46,46,46
65,42,42,42
72,15,15,15
13,37,37,37
17,17,37,17
30,76,76,76
67,59,59,59
50,50,74,22
1,1,73,1
59,59,56,56
73,55,55,55
58,58,89,58
90,90,81,90
56,56,47,47
44,99,99,99
16,16,2,16
32,32,76,76
15,15,53,15
90,58,58,58
99,78,78,78
56,56,35,56
40,40,40,40
63,63,96,96
22,22,22,22
2,54,54,23
14,14,54,14
72,72,72,72
76,76,76,76
73,73,30,73
2,2,2,2
79,79,7,7
5,5,25,5
39,39,49,49
12,12,3,12
43,43,88,42
91,91,42,91
97,97,74,74
80,36,36,36
65,65,38,38
62,62,53,53
33,33,8,37
86,40,40,22
66,66,72,72
24,24,6,6
62,62,92,92
49,49,90,49
30,30,95,30
24,24,24,24
73,95,95,95
31,79,79,79
55,55,95,95
59,59,59,59
46,46,79,46
11,97,97,97
20,20,20,20
83,83,18,18
80,80,25,29
38,38,34,38
30,30,23,23
93,95,95,95
65,50,50,30
41,41,41,41
0,0,0,0
35,35,97,97
54,54,54,54
9,9,87,9
16,8,8,8
87,82,82,82
81,81,13,81
12,12,25,25
49,49,23,23
60,60,60,60
81,89,89,89
89,37,37,37
42,42,87,87
51,51,51,51
36,54,54,54
59,59,27,27
92,82,82,82
7,7,14,14
94,94,9,94
80,15,15,15
56,56,59,56
37,37,46,37
63,34,34,34
74,77,77,75
46,31,31,31
34,34,42,42
88,88,43,43
85,85,37,37
24,24,32,32
28,28,28,28
56,56,56,56
51,78,78,78
41,41,41,41
62,62,62,62
7,7,79,7
6,56,56,56
38,38,97,97
26,26,79,79
22,22,22,22
52,52,37,37
32,32,1,32
70,70,92,92
28,28,28,28
96,96,25,25
44,73,73,73
57,15,15,15
13,13,81,13
47,47,47,47
8,8,48,48
73,30,30,30
17,17,37,17
14,51,51,51
18,38,38,38
91,91,30,91
82,47,47,47
19,15,15,15
57,57,57,57
71,71,60,60
16,16,16,16
54,54,54,54
7,64,64,66
52,52,47,47
26,26,37,26
50,50,74,50
81,13,13,58
74,74,34,34
50,74,74,74
74,74,4,4
71,71,23,71
85,85,85,85
8,8,41,38
31,31,79,79
28,28,40,28
17,17,17,17
26,44,44,44
10,40,40,75
93,93,78,93
16,21,21,21
0,0,0,0
37,52,52,52
26,26,26,26
71,71,71,71
34,34,42,42
50,50,64,64
99,99,99,99
44,27,27,27
58,58,90,90
16,16,64,64
8,87,87,87
34,14,14,14
35,35,14,51
86,94,94,94
41,41,27,27
0,0,0,0
19,41,41,41
44,27,27,27
46,15,15,15
6,6,92,92
42,42,42,42
62,70,70,70
73,73,72,72
31,31,3,3
73,72,72,72
62,62,46,51
97,97,14,97
97,35,35,35
0,0,0,0
57,57,57,57
19,42,42,42
46,11,11,11
53,53,83,83
69,69,40,69
47,52,52,52
13,81,81,81
84,44,44,44
67,95,95,95
43,19,19,19
80,80,7,7
59,52,52,52
20,20,20,20
76,71,71,71
65,65,80,80
79,79,79,79
99,61,61,61
62,62,83,62
58,58,84,58
55,55,18,64
26,35,35,35
1,1,40,40
46,46,37,46
90,90,81,81
66,66,44,46
69,69,57,57
39,39,39,39
71,60,60,60
88,67,67,67
6,6,80,80
51,51,19,19
34,34,6,3
31,19,19,19
80,64,64,64
67,67,51,51
78,78,42,78
84,19,19,19
23,23,76,49
23,71,71,71
68,68,49,68
74,55,55,55
78,46,46,46
78,57,57,57
86,86,24,5
1,1,34,34
61,61,10,10
2,6,6,6
72,95,95,30
32,55,55,55
64,5,5,5
43,43,44,44
60,60,68,68
27,45,45,45
62,62,28,28
91,91,91,91
81,90,90,90
64,25,25,25
35,35,11,35
32,98,98,34
91,27,27,27
85,85,95,15
70,70,62,62
28,28,19,28
59,72,72,72
22,22,22,22
43,43,74,74
35,98,98,98
9,9,57,57
74,67,67,67
84,84,20,84
72,72,86,86
81,81,90,81
95,95,95,95
16,57,57,57
25,9,9,9
12,12,12,12
24,24,24,24
61,54,54,54
50,77,77,77
9,9,69,9
8,45,45,45
20,20,20,20
11,25,25,25
49,49,17,68
0,0,54,54
55,73,73,73
31,72,72,72
18,18,69,18
35,35,11,35
23,23,23,23
47,47,47,47
47,19,19,19
30,95,95,95
88,88,10,88
32,94,94,94
40,67,67,67
97,91,91,91
17,17,17,17
81,81,89,81
76,76,67,76
62,62,41,41
39,39,88,88
72,30,30,30
95,30,30,49
9,9,9,9
30,55,55,55
86,62,62,62
98,11,11,11
48,48,59,48
11,35,35,35
88,88,26,6
9,40,40,40
88,88,42,42
21,21,46,46
36,36,3,36
55,72,72,72
82,82,82,82
40,40,61,61
47,47,53,47
10,87,87,87
61,77,77,77
92,92,14,83
93,30,30,30
15,15,15,15
54,54,54,54
88,88,42,42
33,33,3,3
35,98,98,98
39,39,39,39
70,70,54,70
15,15,15,15
36,36,84,84
94,94,5,94
70,70,83,83
96,49,49,49
70,70,62,62
92,70,70,70
16,9,9,9
3,19,19,19
86,14,14,49
71,63,63,63
42,42,38,38
99,99,99,99
16,16,16,16
46,79,79,79
28,40,40,40
98,98,46,98
42,34,34,34
17,90,90,90
89,89,89,89
14,14,18,14
57,57,93,93
81,81,37,37
74,89,89,89
4,72,72,72
10,20,20,20
81,12,12,12
40,40,54,54
49,49,37,49
29,29,29,29
87,87,16,16
58,58,13,58
36,36,65,65
65,38,38,38
83,83,53,53
10,61,61,61
34,42,42,42
12,12,22,22
5,99,99,99
17,17,37,17
29,29,29,29
80,80,89,38
80,80,21,21
6,29,29,29
65,64,64,15
9,9,9,9
55,27,27,27
38,15,15,80
88,21,21,21
28,28,51,40
43,43,57,57
57,99,99,99
50,50,94,94
99,99,73,53
20,20,20,20
0,0,57,0
32,32,93,93
90,22,22,22
70,70,92,70
14,51,51,51
31,31,3,3
88,97,97,97
56,56,56,56
23,23,71,71
71,71,71,71
4,63,63,63
11,46,46,46
4,66,66,78
39,25,25,25
66,78,78,78
96,96,60,60
63,63,65,65
13,13,66,66
39,39,39,39
27,85,85,85
31,31,15,31
84,84,84,84
7,7,86,86
37,56,56,9
18,18,27,27
43,43,42,43
96,96,27,47
2,2,11,2
6,50,50,50
59,85,85,85
78,99,99,22
19,19,31,19
39,13,13,13
97,97,66,97
6,6,6,6
39,39,22,39
77,22,22,22
74,74,58,55
52,52,68,68
5,57,57,57
61,61,10,10
21,21,3,3
20,20,20,20
50,50,66,66
65,36,36,36
48,48,48,48
39,39,32,39
14,14,24,24
74,74,74,74
36,36,98,98
12,12,5,12
93,73,73,73
43,43,97,97
51,51,43,51
79,79,46,79
78,78,27,27
6,6,82,6
4,66,66,66
36,80,80,80
32,32,67,67
25,25,39,39
97,97,66,66
94,87,87,87
34,34,84,84
34,34,1,34
59,59,59,59
22,22,22,22
16,16,40,40
70,62,62,62
9,83,83,83
25,25,84,84
77,67,67,86
74,74,50,50
17,17,37,17
28,56,56,56
47,47,52,47
43,43,42,43
13,87,87,87
50,74,74,74
97,64,64,64
49,49,30,49
78,78,43,43
68,68,40,12
99,99,95,99
52,96,96,96
28,28,28,28
80,72,72,72
43,43,83,57
23,86,86,86
23,23,86,23
55,23,23,23
74,74,29,29
87,87,87,87
50,91,91,1
5,5,58,58
51,51,84,84
63,70,70,70
2,98,98,98
57,57,0,0
99,99,99,99
53,53,53,53
85,89,89,89
74,34,34,34
72,95,95,95
75,85,85,85
94,94,22,22
95,30,30,30
40,1,1,1
33,68,68,68
49,49,17,49
64,97,97,48
8,78,78,42
37,84,84,84
0,10,10,10
86,25,25,25
9,69,69,69
51,51,64,3
40,40,9,9
9,9,9,9
39,39,96,39
70,70,83,83
96,96,52,52
44,14,14,14
62,62,70,70
32,17,17,17
61,61,26,26
35,98,98,98
8,8,77,8
2,2,78,78
66,66,37,37
66,66,80,80
46,11,11,11
73,99,99,99
56,56,12,56
20,20,20,20
95,95,95,95
68,68,56,68
52,33,33,33
94,94,63,63
22,22,22,22
9,9,9,9
23,23,39,23
11,11,11,11
55,55,55,55
44,80,80,80
47,83,83,83
20,20,20,20
17,17,69,69
11,36,36,36
73,73,73,73
96,47,47,47
60,60,60,60
28,28,28,28
10,83,83,26
0,0,0,0
10,0,0,0
31,97,97,97
44,15,15,53
29,29,29,29
24,24,24,24
23,71,71,71
52,59,59,59
60,60,96,60
81,13,13,13
57,57,57,57
52,52,47,52
87,87,16,16
27,80,80,80
22,22,22,22
83,99,99,99
22,22,91,91
40,9,9,9
56,15,15,15
1,1,1,1
45,62,62,62
29,35,35,35
60,60,49,49
65,44,44,25
7,7,24,7
88,88,34,34
48,48,87,48
8,45,45,1
29,23,23,23
18,18,45,18
71,71,68,71
80,44,44,44
55,80,80,80
80,27,27,65
73,30,30,30
27,27,68,64
5,5,5,5
69,57,57,57
46,46,98,46
64,45,45,45
42,50,50,50
90,90,85,90
52,52,47,47
1,1,91,1
39,39,39,39
39,31,31,31
86,86,9,86
75,75,19,19
2,2,98,98
36,36,35,35
13,31,31,97
57,57,87,87
30,73,73,73
74,74,97,74
85,36,36,36
33,33,74,45
6,6,79,6
3,19,19,19
72,3,3,3
54,54,54,54
47,6,6,6
91,30,30,30
71,71,23,71
7,68,68,68
98,98,98,98
69,76,76,76
56,56,96,96
14,14,74,14
50,50,74,74
37,37,37,37
40,40,40,40
97,97,22,22
72,38,38,44
88,14,14,14
10,86,86,86
75,75,74,75
83,16,16,16
74,74,14,14
66,66,66,66
52,52,47,47
52,52,59,52
86,87,87,87
66,66,66,66
24,24,7,24
69,69,69,69
41,41,41,41
13,13,58,13
39,39,39,39
5,84,84,84
61,61,26,61
48,48,48,48
44,44,93,44
23,49,49,49
38,38,80,38
44,65,65,35
64,50,50,3
30,95,95,95
2,35,35,35
54,54,70,54
12,37,37,37
21,21,3,21
56,56,52,52
72,93,93,38
93,93,54,54
46,98,98,86
73,73,73,73
47,47,52,52
89,89,89,89
24,24,24,24
52,59,59,59
75,75,75,75
20,20,20,20
67,45,45,45
92,92,62,62
96,47,47,47
5,25,25,25
63,63,63,63
39,86,86,86
67,93,93,93
45,45,79,79
67,69,69,69
2,2,35,35
79,18,18,18
76,76,69,69
27,27,74,27
81,81,90,87
89,17,17,17
83,70,70,70
60,60,87,87
48,48,48,48
2,32,32,32
2,10,10,10
30,30,73,30
2,35,35,35
21,21,46,46
82,82,82,82
90,95,95,95
94,94,5,94
74,64,64,64
71,71,49,71
75,75,51,75
79,79,44,44
42,42,45,25
75,75,75,75
14,14,18,18
89,89,13,89
50,38,38,38
83,70,70,70
42,64,64,64
67,67,95,67
81,81,81,81
73,73,93,93
52,52,96,96
17,17,15,17
76,76,49,76
5,5,27,27
42,64,64,64
68,69,69,69
13,58,58,58
37,37,81,37
94,94,94,94
92,54,54,54
0,0,10,10
48,48,48,48
15,21,21,21
15,15,45,45
39,39,39,39
40,67,67,67
82,60,60,90
31,31,19,31
94,94,16,16
99,78,78,78
68,68,68,68
52,52,96,96
19,19,37,37
4,4,77,4
54,54,56,56
89,89,59,89
40,40,24,0
27,49,49,49
97,97,87,97
14,14,19,90
93,93,44,93
66,66,63,63
74,95,95,95
26,45,45,45
36,36,64,64
9,9,9,9
66,66,63,66
44,44,35,55
59,59,96,96
33,33,96,96
79,79,57,57
63,77,77,77
97,97,39,39
43,98,98,98
48,48,8,8
78,55,55,66
25,25,24,25
32,32,32,32
18,79,79,79
40,40,56,40
44,44,79,79
80,80,44,65
16,16,16,16
45,45,54,57
45,45,73,73
12,12,99,12
99,99,99,99
18,18,44,44
6,6,54,6
41,41,89,41
46,10,10,10
69,69,67,69
18,99,99,59
44,44,74,74
34,34,43,43
32,32,32,32
30,30,95,30
9,9,69,69
72,48,48,48
85,85,58,85
15,15,85,15
92,62,62,62
5,5,32,32
71,71,71,71
52,52,56,56
56,59,59,59
88,88,43,43
22,22,22,22
64,6,6,6
31,15,15,15
63,37,37,37
14,65,65,65
56,56,56,56
99,99,99,99
72,72,93,72
22,22,22,22
20,20,20,20
67,27,27,27
57,78,78,78
93,66,66,66
29,29,29,29
72,72,65,65
91,91,91,91
64,64,63,64
36,36,50,50
22,22,22,22
49,49,46,49
26,26,2,2
84,28,28,28
47,59,59,59
34,34,92,92
85,85,59,85
9,9,46,46
22,22,22,22
29,29,79,29
39,16,16,16
32,11,11,11
94,94,94,94
93,94,94,94
25,25,96,25
18,67,67,67
53,53,53,53
12,12,12,12
27,27,18,18
10,57,57,57
99,45,45,45
88,80,80,80
16,16,39,39
91,30,30,96
78,88,88,88
7,77,77,77
72,55,55,55
12,68,68,68
97,97,42,42
37,68,68,68
86,5,5,5
87,87,1,87
57,51,51,51
36,65,65,65
35,35,0,0
44,44,31,27
57,57,53,53
27,78,78,91
31,31,3,3
3,51,51,51
26,26,78,26
7,14,14,13
96,96,19,19
39,39,12,39
43,34,34,34
34,34,29,29
89,95,95,95
48,48,48,48
56,56,56,56
18,18,39,18
45,53,53,53
92,62,62,62
97,74,74,99
8,8,8,8
18,33,33,33
66,4,4,4
81,84,84,84
37,68,68,68
51,15,15,15
10,10,10,10
77,77,0,0
97,66,66,66
33,33,96,33
60,60,23,60
43,43,98,98
10,96,96,18
50,50,74,74
31,31,19,19
84,25,25,25
49,49,37,31
78,99,99,99
24,24,24,24
68,68,68,68
98,98,35,98
58,58,25,58
51,51,13,13
93,73,73,73
36,36,97,97
74,38,38,38
78,78,78,78
55,15,15,15
50,28,28,28
25,25,5,5
65,11,11,11
86,86,86,86
35,35,36,36
33,49,49,49
92,70,70,70
37,52,52,52
71,71,95,95
61,61,91,91
5,5,20,5
79,79,96,96
71,71,71,71
20,20,20,20
59,59,44,59
67,67,23,67
28,28,40,40
76,76,76,76
31,31,11,11
50,25,25,25
62,83,83,83
9,9,24,9
4,46,46,46
54,54,92,54
38,38,8,8
11,46,46,46
59,52,52,52
84,5,5,5
63,6,6,27
66,50,50,96
35,2,2,2
52,52,47,52
73,73,32,73
87,87,87,87
62,62,54,62
15,15,15,15
11,35,35,35
59,56,56,56
20,20,20,20
47,52,52,52
96,96,49,96
26,78,78,21
36,15,15,15
35,35,98,35
77,65,65,65
38,38,63,63
24,24,24,24
2,2,77,77
17,17,32,17
36,36,64,36
80,80,65,65
74,32,32,32
41,41,41,41
32,32,6,32
23,23,25,23
76,76,67,76
44,44,74,74
91,91,30,91
21,21,21,21
81,81,81,81
53,62,62,62
55,55,13,13
47,96,96,96
79,5,5,5
19,13,13,89
31,29,29,29
82,82,82,82
64,64,65,65
3,23,23,23
49,49,71,71
35,2,2,5
97,97,39,97
58,58,27,27
43,43,54,19
20,20,20,20
86,86,61,86
22,22,16,22
32,47,47,47
18,33,33,33
53,53,53,53
60,60,60,60
36,36,92,36
83,83,92,92
18,18,65,65
32,32,32,32
66,66,27,27
99,78,78,78
51,51,97,97
35,98,98,98
69,69,69,69
28,55,55,67
11,11,98,98
22,22,22,22
49,49,76,49
21,21,46,3
93,86,86,86
1,1,1,1
55,55,90,90
51,51,83,83
55,27,27,27
51,51,38,38
67,33,33,33
92,92,54,54
76,76,76,76
52,96,96,47
31,31,51,51
82,82,82,82
75,75,90,75
61,61,61,61
55,72,72,72
90,90,90,90
78,78,66,78
34,34,34,34
87,76,76,76
39,99,99,99
85,85,81,85
70,92,92,53
2,2,11,11
14,14,67,14
45,14,14,39
1,1,11,11
95,95,30,30
90,90,25,90
64,64,72,64
55,64,64,33
12,12,12,12
91,91,69,91
47,47,62,47
2,11,11,11
99,99,99,99
79,51,51,51
13,13,16,16
8,25,25,25
84,5,5,5
27,27,39,39
11,2,2,2
71,23,23,23
21,21,63,21
28,28,98,28
8,9,9,90
55,72,72,88
67,67,55,67
75,75,75,75
40,40,40,40
17,37,37,37
4,44,44,44
95,95,95,95
63,63,64,64
51,51,51,51
48,48,48,48
65,65,18,18
6,6,7,7
39,33,33,29
39,25,25,25
42,20,20,20
49,66,66,66
14,14,14,14
83,0,0,0
23,23,27,27
78,78,83,83
47,47,47,47
81,13,13,13
41,41,58,58
76,76,98,76
99,44,44,44
97,97,34,97
24,79,79,15
24,24,24,24
76,76,76,76
57,57,57,57
80,91,91,27
16,16,3,3
44,44,50,50
54,54,70,54
92,92,92,92
30,93,93,93
4,4,33,4
2,2,35,35
1,58,58,58
39,39,8,39
98,98,97,46
90,17,17,17
74,26,26,26
81,81,48,48
74,74,74,74
64,38,38,31
42,42,96,42
59,52,52,52
69,90,90,90
67,0,0,80
66,66,97,97
10,87,87,87
52,52,52,52
22,2,2,2
11,11,9,9
69,69,71,71
39,39,22,22
15,15,72,15
77,77,80,80
36,36,88,88
23,23,26,23
41,41,41,41
94,94,94,94
45,45,48,45
17,17,37,17
14,1,1,1
62,92,92,92
9,9,16,16
4,46,46,46
37,37,81,81
13,12,12,12
77,77,21,21
69,69,69,69
72,72,80,72
22,22,61,22
75,75,75,75
45,45,6,45
3,23,23,23
8,8,48,48
24,24,24,24
28,92,92,92
4,43,43,43
57,77,77,77
10,28,28,78
2,36,36,36
0,0,0,0
89,89,51,26
7,7,7,7
94,94,94,94
68,67,67,67
66,66,66,66
17,17,37,17
5,25,25,25
90,48,48,48
77,77,66,34
34,34,54,54
77,77,51,77
26,64,64,64
35,35,98,98
52,52,52,52
70,70,92,92
29,29,29,29
94,94,31,94
37,37,98,98
83,83,0,83
40,40,40,40
0,0,57,0
92,92,54,92
96,52,52,52
4,4,50,4
78,78,99,99
80,35,35,35
6,6,54,54
85,85,22,85
59,52,52,52
96,96,33,96
8,13,13,13
70,93,93,93
62,62,62,62
25,25,25,25
22,80,80,80
1,1,58,1
82,98,98,98
93,93,91,93
82,82,62,62
96,52,52,52
70,70,92,70
8,8,48,8
19,19,84,84
67,73,73,73
4,50,50,44
86,86,86,86
19,56,56,56
17,39,39,14
32,32,5,5
38,38,38,38
57,57,83,57
84,5,5,81
10,10,0,10
40,40,40,40
12,33,33,33
33,33,19,19
94,94,26,94
68,68,71,71
8,8,41,41
89,37,37,37
69,69,69,69
95,95,95,95
43,43,38,38
60,60,60,60
11,87,87,87
0,83,83,83
12,12,12,12
90,90,37,90
2,2,2,2
54,54,54,54
45,45,45,45
65,65,61,65
50,45,45,45
3,38,38,38
68,68,2,2
17,17,42,17
35,98,98,98
81,81,13,81
32,32,48,48
9,9,9,9
99,99,99,99
77,6,6,6
84,94,94,94
22,22,61,61
30,73,73,66
23,23,15,15
36,36,64,64
73,92,92,92
80,36,36,36
92,70,70,70
92,70,70,70
31,4,4,4
9,9,9,9
86,86,84,86
91,91,91,91
26,26,62,62
85,85,17,17
30,30,12,12
12,12,9,12
54,54,58,58
39,81,81,81
76,67,67,67
45,26,26,47
67,67,54,54
51,51,84,84
57,23,23,23
19,15,15,15
48,8,8,8
81,97,97,97
55,55,56,56
38,15,15,15
27,84,84,84
54,43,43,43
81,81,13,81
84,17,17,17
0,0,53,0
64,35,35,35
42,42,77,77
77,7,7,75
52,52,47,47
92,54,54,54
82,92,92,92
12,68,68,68
89,89,80,80
53,53,53,53
21,21,10,21
18,18,27,18
92,28,28,28
36,36,31,36
44,44,44,44
35,35,11,35
31,31,15,31
62,62,62,62
41,41,81,81
65,64,64,64
28,28,28,28
20,20,20,20
92,54,54,54
33,96,96,96
21,21,80,63
86,41,41,41
72,10,10,10
18,44,44,64
56,56,56,56
88,88,42,42
76,76,69,69
71,71,67,67
48,89,89,89
12,12,33,33
45,45,83,45
60,60,71,71
99,78,78,78
84,84,40,84
24,24,24,24
37,77,77,77
86,16,16,16
76,76,23,23
84,84,46,46
51,51,31,51
60,60,68,60
97,97,26,97
29,29,29,29
65,65,63,63
88,3,3,3
7,8,8,8
83,83,84,83
59,59,52,52
96,96,63,63
53,53,53,53
32,32,67,32
79,79,7,7
87,87,87,87
33,0,0,0
46,46,35,35
22,8,8,8
38,48,48,48
47,52,52,52
24,24,26,24
3,21,21,21
54,54,54,54
85,85,91,91
65,61,61,61
75,75,75,75
4,25,25,25
80,80,63,63
76,17,17,93
92,92,89,89
84,59,59,59
61,61,61,61
31,64,64,64
66,66,38,38
39,39,39,39
29,29,44,44
35,35,98,35
91,91,91,91
64,77,77,77
7,7,18,7
80,77,77,77
96,96,47,47
89,89,81,81
83,83,83,83
32,1,1,1
1,1,1,1
85,85,88,88
75,75,3,3
9,9,9,9
25,25,39,25
87,87,84,87
59,59,37,15
38,38,42,42
82,82,45,82
27,55,55,44
6,6,6,6
26,45,45,45
34,34,36,36
14,14,45,45
14,14,11,11
46,46,49,46
70,54,54,54
17,37,37,37
84,25,25,25
97,97,66,97
49,49,95,95
69,69,69,69
59,59,59,59
50,50,4,4
86,86,86,86
61,22,22,22
40,79,79,70
66,66,97,66
50,4,4,4
29,29,11,11
49,49,23,49
26,45,45,45
53,53,53,53
73,73,30,30
85,85,10,85
46,46,40,46
81,5,5,5
25,84,84,84
68,1,1,1
71,95,95,95
14,14,1,14
87,94,94,94
37,25,25,25
86,86,86,86
72,20,20,20
28,28,40,28
93,93,93,93
62,62,62,62
72,25,25,25
41,41,65,41
98,98,11,11
51,64,64,64
46,46,51,51
36,36,36,36
20,20,87,20
57,57,57,57
1,1,1,1
96,96,79,79
16,32,32,32
38,56,56,56
59,59,96,96
85,81,81,81
95,95,67,67
23,23,16,23
14,14,42,14
53,57,57,57
50,50,74,74
2,2,25,25
9,9,11,9
42,31,31,31
21,21,21,21
12,12,81,12
73,73,95,95
29,29,29,29
81,94,94,94
63,84,84,84
64,93,93,93
89,89,85,85
97,51,51,51
63,63,14,63
84,16,16,16
84,16,16,16
6,20,20,20
3,80,80,80
9,65,65,65
44,1,1,1
7,24,24,24
39,39,57,39
1,1,1,1
68,68,60,68
83,62,62,62
71,71,60,60
69,69,91,91
84,25,25,25
23,99,99,99
51,58,58,58
40,40,40,40
63,80,80,80
17,17,17,17
31,31,19,31
48,48,48,48
48,48,8,8
2,65,65,65
50,90,90,90
66,66,66,66
98,15,15,15
44,44,38,44
12,12,12,12
14,14,48,14
56,56,56,56
58,58,48,58
70,70,83,70
85,85,13,85
70,70,70,70
94,94,94,94
41,41,58,58
97,97,35,35
5,5,5,5
80,63,63,63
15,15,44,15
62,62,70,70
2,2,98,2
58,58,84,58
56,56,52,52
13,90,90,90
72,20,20,20
97,27,27,27
25,54,54,54
87,87,35,11
19,3,3,3
92,62,62,62
24,24,72,72
34,63,63,38
93,77,77,77
45,0,0,0
78,8,8,8
68,68,68,68
89,65,65,65
31,21,21,21
73,93,93,93
85,85,31,31
50,50,35,35
95,95,17,95
80,14,14,14
96,47,47,47
76,76,76,76
32,15,15,15
77,77,36,36
19,19,14,19
59,52,52,52
84,84,31,29
48,48,48,48
10,79,79,79
32,36,36,36
98,35,35,35
33,33,80,33
69,69,40,40
14,14,78,14
69,69,76,69
36,36,7,7
72,72,81,72
65,65,65,65
94,94,16,94
86,86,86,86
64,55,55,55
16,16,16,16
90,90,26,90
56,56,56,56
4,4,31,31
96,47,47,47
83,83,19,53
71,60,60,60
51,51,14,51
41,89,89,72
65,77,77,77
61,61,61,61
63,67,67,67
96,33,33,33
62,62,92,62
85,85,85,85
74,74,75,74
57,57,45,57
23,23,39,23
20,20,51,51
38,38,96,80
15,15,19,15
25,5,5,49
72,77,77,77
62,62,70,62
37,37,49,49
62,83,83,83
15,15,6,6
47,96,96,96
75,75,13,75
26,62,62,62
28,28,16,28
27,27,60,60
37,87,87,87
58,58,81,58
46,11,11,14
48,48,48,48
52,47,47,47
79,79,82,79
71,71,71,71
7,7,24,24
60,60,60,60
60,60,88,60
38,55,55,55
49,49,12,49
62,83,83,83
0,0,92,0
19,19,15,15
46,87,87,87
90,90,7,7
5,84,84,84
22,22,87,22
34,4,4,77
75,75,7,7
41,41,58,58
65,36,36,36
51,51,88,88
65,75,75,75
46,46,46,46
1,1,98,98
14,14,6,6
17,17,37,17
65,65,36,36
98,57,57,57
45,26,26,26
14,14,14,14
90,90,13,13
35,50,50,50
30,30,27,27
8,8,8,8
21,21,4,4
28,28,28,28
18,18,67,67
65,75,75,75
32,32,17,17
34,34,88,88
48,48,99,48
75,75,41,41
29,1,1,1
92,62,62,62
76,76,17,17
30,30,95,95
93,91,91,91
4,77,77,77
37,37,84,37
82,82,82,82
9,9,9,9
11,11,2,2
54,54,54,54
8,8,99,8
43,43,63,63
67,32,32,32
30,44,44,44
8,8,79,8
40,46,46,46
53,53,0,0
1,1,70,70
93,93,55,55
26,93,93,3
93,30,30,30
6,34,34,34
87,87,86,87
22,39,39,39
91,34,34,34
24,24,24,24
75,75,75,75
34,97,97,97
86,87,87,87
8,8,38,38
8,8,66,8
42,42,25,25
51,51,33,33
94,16,16,16
81,81,13,13
18,18,44,44
85,85,85,85
48,48,8,48
35,98,98,98
20,51,51,51
50,25,25,25
19,55,55,55
55,55,55,55
26,26,26,26
64,64,72,64
78,51,51,51
15,15,19,19
72,58,58,58
93,69,69,69
65,74,74,74
95,95,55,95
87,87,87,87
72,72,74,74
35,98,98,97
27,80,80,80
36,36,22,36
97,36,36,36
73,1,1,1
35,35,69,69
12,84,84,84
24,24,6,6
70,70,83,70
4,3,3,3
26,26,29,26
71,23,23,23
34,88,88,75
67,99,99,99
20,20,5,5
85,58,58,13
74,74,4,4
99,99,73,73
92,54,54,54
99,99,99,99
21,21,46,21
50,65,65,65
36,32,32,32
82,82,6,82
95,95,95,95
71,71,12,71
61,61,61,61
23,23,60,23
15,42,42,42
77,96,96,96
40,40,40,40
74,74,67,74
25,25,96,96
19,19,21,66
67,73,73,73
6,24,24,24
61,28,28,9
68,33,33,33
46,85,85,85
5,5,20,20
10,10,83,10
11,2,2,2
41,41,89,41
55,55,58,58
96,47,47,47
57,57,40,57
30,65,65,65
96,56,56,56
88,88,66,66
92,92,63,92
72,5,5,5
51,51,51,51
19,19,34,19
40,28,28,67
2,36,36,36
76,76,42,76
54,54,70,70
22,22,22,22
68,68,68,68
70,92,92,67
0,83,83,83
5,5,84,84
42,42,49,49
11,87,87,87
61,61,45,45
88,30,30,30
67,67,19,67
77,77,8,8
34,34,88,88
29,29,29,29
97,3,3,51
13,13,58,13
29,29,29,29
8,8,65,8
15,13,13,13
70,86,86,86
29,29,29,29
19,19,25,19
40,10,10,10
47,52,52,52
8,8,45,45
50,50,74,50
26,91,91,91
89,85,85,85
58,58,86,86
86,35,35,35
85,85,89,89
61,10,10,10
96,52,52,52
75,75,75,75
80,80,31,31
95,95,23,23
17,37,37,12
93,55,55,55
80,95,95,95
3,3,28,28
53,53,53,53
23,23,39,23
55,6,6,6
27,42,42,42
40,99,99,99
9,14,14,14
42,80,80,80
50,67,67,67
92,92,10,92
87,12,12,12
43,42,42,42
42,44,44,44
79,69,69,69
52,52,47,47
9,9,57,9
32,87,87,87
42,66,66,66
57,57,57,57
56,96,96,49
99,99,99,99
57,61,61,61
81,81,81,81
9,9,9,9
70,0,0,0
51,51,78,78
50,43,43,43
42,50,50,50
10,10,61,10
70,68,68,68
40,23,23,23
40,40,40,40
63,21,21,93
50,74,74,74
19,72,72,72
62,62,62,62
28,28,40,28
94,94,87,94
52,52,52,52
86,86,86,86
98,98,75,75
13,13,13,13
70,70,92,92
9,9,94,9
19,20,20,20
15,65,65,65
68,60,60,60
66,64,64,64
24,74,74,44
63,63,51,63
56,96,96,96
60,60,68,60
12,12,76,12
53,53,15,15
36,43,43,43
98,46,46,46
20,20,20,20
92,62,62,62
24,24,24,24
16,16,16,16
26,26,26,26
12,17,17,17
33,17,17,17
45,78,78,78
71,71,23,23
61,22,22,22
30,30,93,30
45,45,51,45
75,75,65,75
94,94,87,87
29,29,29,29
48,91,91,91
97,97,72,97
95,95,12,12
12,12,90,90
80,38,38,38
63,63,63,63
85,90,90,90
33,72,72,72
23,23,99,99
32,1,1,1
46,2,2,38
70,61,61,61
51,51,51,51
8,8,12,12
29,99,99,99
56,56,52,52
11,11,11,11
60,60,60,60
48,48,8,42
21,98,98,98
21,64,64,64
60,60,41,60
56,56,52,56
63,63,72,72
42,93,93,93
33,96,96,96
79,79,27,27
17,17,37,37
20,20,8,8
16,16,11,11
7,34,34,79
91,91,13,91
34,43,43,43
14,14,74,74
92,92,0,0
6,31,31,31
89,78,78,78
13,13,13,13
85,85,96,96
96,47,47,47
27,74,74,74
81,81,19,19
63,63,12,63
59,59,59,59
10,10,61,61
78,78,61,61
18,25,25,25
53,53,53,53
17,15,15,15
27,35,35,35
43,43,15,15
61,10,10,10
54,54,92,54
25,94,94,94
79,79,45,79
68,68,68,68
31,31,74,74
69,69,12,12
64,64,90,64
83,83,22,22
41,41,41,41
23,71,71,71
35,35,3,3
96,47,47,47
20,20,20,20
87,25,25,5
90,90,81,90
52,52,47,47
26,26,26,26
83,83,53,53
67,80,80,80
20,20,20,20
20,13,13,13
7,7,9,7
83,83,83,83
27,91,91,91
45,45,83,83
68,68,37,37
93,93,29,93
86,16,16,67
12,12,37,37
60,60,69,60
73,24,24,11
99,99,99,99
1,1,57,1
92,62,62,62
80,73,73,73
26,83,83,83
58,58,97,85
88,88,78,88
97,34,34,34
88,88,81,88
19,19,48,48
34,34,61,28
23,23,71,71
19,69,69,69
13,48,48,48
44,91,91,91
48,48,48,48
58,64,64,64
16,16,16,16
63,52,52,39
80,14,14,14
55,30,30,23
4,31,31,31
32,91,91,91
46,49,49,49
98,98,70,1
32,32,11,32
45,26,26,84
87,87,13,87
97,37,37,37
12,97,97,97
8,84,84,65
45,45,45,45
92,92,62,62
31,31,97,97
62,54,54,54
61,10,10,10
89,89,89,89
62,62,92,92
78,78,61,61
83,53,53,53
45,98,98,98
85,73,73,73
28,28,28,28
37,37,17,37
54,54,92,54
30,91,91,91
95,95,95,95
7,14,14,14
59,59,71,59
24,24,24,24
94,94,25,94
7,7,7,7
94,94,28,94
94,94,5,94
11,11,98,98
42,80,80,80
65,65,33,65
47,52,52,52
40,40,87,40
38,97,97,97
4,78,78,78
80,88,88,88
82,82,82,82
46,36,36,36
75,75,75,75
51,46,46,46
74,50,50,32
34,38,38,38
5,74,74,74
85,85,12,12
30,30,73,30
74,74,24,24
22,22,86,22
95,95,95,95
81,81,13,13
92,92,53,92
91,27,27,27
52,52,47,52
51,6,6,6
44,26,26,26
62,62,0,62
65,65,6,65
76,9,9,9
84,84,87,84
0,0,0,0
43,43,80,80
48,48,48,48
67,67,99,99
62,62,62,62
89,48,48,48
83,53,53,53
18,18,33,33
31,66,66,66
19,19,20,19
8,48,48,48
68,68,68,68
97,64,64,64
3,3,3,3
83,83,83,83
70,70,2,2
39,83,83,83
0,0,0,0
86,86,40,40
77,51,51,51
58,39,39,39
19,19,90,90
89,89,17,17
90,90,35,35
81,81,37,37
61,61,61,61
41,41,77,77
80,80,66,66
52,52,59,59
66,66,38,38
68,68,68,68
80,42,42,42
43,28,28,28
11,98,98,98
25,5,5,5
27,74,74,74
35,35,11,35
50,50,80,80
88,88,43,88
14,7,7,7
75,75,75,75
53,53,53,53
3,72,72,72
5,5,36,36
35,98,98,98
82,82,82,82
7,7,7,7
90,87,87,87
61,61,64,61
7,7,44,44
91,91,30,91
1,62,62,62
5,5,25,5
17,37,37,37
72,72,80,80
41,41,37,37
94,94,67,94
33,77,77,18
67,68,68,68
33,22,22,22
39,39,25,39
23,23,23,23
6,68,68,68
31,31,29,31
63,63,61,53
71,71,49,49
67,67,50,74
93,49,49,49
84,84,65,65
46,9,9,9
74,74,75,75
33,17,17,17
77,31,31,31
65,65,66,66
50,50,80,80
98,88,88,88
51,51,10,10
72,27,27,27
36,36,36,36
3,18,18,18
41,41,41,41
47,47,54,47
54,54,54,54
87,87,81,87
37,37,75,37
75,75,75,75
74,46,46,46
71,71,49,49
14,24,24,24
57,98,98,98
9,9,53,53
44,78,78,5
57,57,57,57
83,83,83,83
45,45,55,45
61,83,83,32
52,70,70,25
63,66,66,64
89,69,69,69
10,22,22,22
85,85,83,85
39,39,60,39
7,7,62,7
25,25,47,47
98,98,11,98
74,57,57,57
70,70,70,70
70,92,92,92
49,23,23,23
70,70,70,70
87,87,48,87
90,90,66,66
15,80,80,80
65,67,67,67
97,97,51,97
36,36,50,50
83,83,83,83
82,82,6,82
51,79,79,79
32,64,64,64
7,7,63,63
74,26,26,26
80,38,38,8
2,2,11,11
28,9,9,9
78,84,84,84
40,40,50,40
36,36,34,36
91,78,78,3
91,81,81,81
99,99,78,78
73,95,95,95
24,67,67,67
83,83,83,83
42,96,96,96
92,44,44,44
90,90,96,96
50,50,66,50
82,82,82,82
24,24,24,24
65,65,80,80
16,16,16,16
40,87,87,87
39,39,32,39
7,7,44,7
31,80,80,80
10,10,0,0
51,51,36,36
96,54,54,83
51,34,34,34
29,29,91,29
66,66,85,66
83,53,53,53
30,30,95,95
84,84,90,90
29,15,15,15
5,5,41,41
10,28,28,16
53,53,0,0
74,25,25,8
72,72,36,72
34,15,15,15
15,15,36,15
44,44,15,15
25,5,5,23
66,66,74,74
10,50,50,50
55,74,74,74
48,48,48,48
95,30,30,30
63,72,72,72
64,42,42,42
77,77,26,26
3,3,4,4
13,13,81,13
18,18,77,18
92,92,45,45
55,55,27,27
13,13,13,13
30,45,45,45
29,29,29,29
91,1,1,1
91,91,91,91
61,61,61,61
75,75,7,75
58,12,12,12
60,71,71,71
70,70,54,70
46,46,35,35
52,52,52,52
94,94,94,94
89,89,93,93
90,45,45,45
56,59,59,59
57,57,18,57
43,57,57,57
60,60,60,60
45,87,87,87
30,30,72,30
59,85,85,85
78,78,62,62
6,74,74,74
80,65,65,65
80,80,38,38
54,54,92,54
83,83,83,83
60,60,71,60
76,17,17,17
92,57,57,57
18,18,93,93
14,14,78,78
26,26,2,86
9,9,9,9
81,81,90,90
85,85,76,12
32,32,11,32
63,63,33,63
43,45,45,45
56,56,30,30
87,87,99,99
78,95,95,30
45,54,54,54
99,99,67,67
70,92,92,92
8,8,84,84
12,90,90,90
65,79,79,79
80,80,50,50
58,58,89,89
17,17,37,37
39,23,23,23
53,53,53,53
66,66,97,97
48,48,74,74
25,10,10,10
88,88,97,97
32,38,38,38
97,66,66,66
87,80,80,80
37,37,49,49
40,69,69,69
91,91,85,85
16,16,28,16
27,27,33,33
33,33,87,33
86,86,16,16
89,89,90,89
5,5,84,5
76,76,69,69
83,83,86,86
74,74,64,74
85,85,49,49
24,24,7,24
93,75,75,75
32,5,5,5
76,76,76,76
45,44,44,67
5,10,10,10
52,52,47,47
46,46,35,35
72,32,32,32
40,40,40,40
58,58,90,90
84,84,84,84
6,24,24,24
91,91,25,91
38,27,27,27
35,11,11,11
66,66,65,66
25,41,41,41
79,79,44,44
57,53,53,53
23,23,69,69
14,14,14,14
15,21,21,21
86,86,86,86
75,75,75,75
45,45,45,45
6,6,46,46
22,22,22,22
33,33,47,47
76,76,12,76
52,52,66,52
41,17,17,17
90,90,71,71
22,22,53,22
34,34,45,45
45,26,26,26
66,66,8,8
7,98,98,46
95,30,30,30
11,98,98,98
1,1,0,1
23,23,67,23
3,3,97,3
22,22,83,22
5,5,38,38
80,63,63,63
93,93,63,63
27,45,45,45
86,14,14,14
69,69,44,44
92,62,62,62
53,53,83,83
54,92,92,92
63,3,3,3
18,18,77,18
84,84,84,84
66,66,16,16
8,8,80,80
59,80,80,80
8,8,8,8
42,88,88,88
62,62,83,62
29,44,44,44
30,30,67,30
73,73,72,73
2,2,63,2
96,33,33,33
39,39,87,87
4,66,66,66
22,51,51,51
45,45,89,89
83,83,83,83
58,58,89,58
73,73,30,73
18,18,44,44
84,84,84,84
4,4,26,4
5,5,5,5
2,45,45,57
18,18,4,18
23,23,49,23
29,29,29,29
85,85,15,85
34,34,88,88
42,90,90,90
16,16,81,16
86,94,94,94
65,32,32,32
95,95,95,95
45,64,64,64
97,10,10,10
0,0,0,0
20,10,10,10
46,32,32,32
44,80,80,37
86,86,87,86
92,92,62,62
29,29,84,84
85,85,75,75
82,82,82,82
91,91,42,42
82,82,82,82
17,17,37,17
38,43,43,43
58,90,90,95
12,12,12,12
26,26,62,62
54,11,11,11
28,28,10,10
58,58,13,58
79,14,14,14
1,1,1,1
4,1,1,1
95,99,99,99
10,14,14,14
3,9,9,9
33,33,40,40
23,71,71,71
91,91,97,97
73,32,32,32
1,1,1,1
1,1,54,54
35,35,98,98
10,0,0,0
19,31,31,31
88,88,13,13
11,11,35,11
29,29,62,29
56,56,56,56
0,0,57,57
54,54,6,54
61,61,61,61
20,20,8,8
13,86,86,86
17,17,17,17
53,53,53,53
89,89,89,89
18,18,18,18
81,81,13,13
6,6,79,6
96,33,33,33
41,41,48,48
26,19,19,19
26,26,15,15
25,25,25,25
60,60,69,69
22,25,25,25
73,69,69,69
4,44,44,44
47,47,15,15
24,24,24,24
18,1,1,1
78,74,74,74
17,17,60,17
7,7,79,7
0,0,83,0
87,87,35,87
26,97,97,97
95,95,73,73
14,86,86,78
56,56,56,56
18,26,26,26
12,12,12,12
54,54,62,54
21,19,19,19
79,79,77,77
8,8,8,8
43,42,42,42
39,39,0,39
24,9,9,9
40,40,40,40
53,53,53,53
35,98,98,98
21,4,4,67
31,80,80,86
8,8,38,38
57,57,72,72
33,33,96,96
82,7,7,7
35,35,11,19
6,6,7,7
5,94,94,94
40,14,14,14
65,65,36,36
22,22,26,26
16,16,28,16
64,78,78,78
57,34,34,34
98,98,28,28
64,80,80,80
88,34,34,34
55,72,72,72
58,58,58,58
27,93,93,93
36,36,4,4
13,13,89,89
91,91,91,91
84,84,5,84
9,9,11,9
5,8,8,8
9,20,20,98
65,65,28,65
85,91,91,91
70,70,70,70
59,96,96,96
93,84,84,84
2,36,36,36
59,52,52,52
79,79,73,79
70,70,70,70
34,34,43,34
97,97,97,97
86,86,87,87
49,49,76,76
18,99,99,99
55,55,55,55
70,70,92,92
73,37,37,37
38,38,29,29
34,34,65,65
61,61,61,61
69,69,69,69
37,37,2,2
64,44,44,44
24,24,24,24
3,51,51,51
78,78,99,99
74,91,91,91
33,96,96,96
35,35,2,2
1,1,1,1
84,84,15,15
22,78,78,26
86,86,36,86
4,4,55,55
91,91,91,91
13,58,58,58
90,90,86,90
68,68,68,68
60,60,71,71
84,84,18,18
0,0,92,0
34,34,65,65
18,70,70,70
32,32,1,32
92,92,70,92
14,14,18,18
96,49,49,49
35,80,80,80
86,20,20,20
3,3,55,55
89,89,19,89
79,66,66,66
15,36,36,94
66,27,27,27
35,35,46,46
50,50,46,46
12,12,8,8
41,41,41,41
31,31,72,31
34,34,16,94
93,93,95,93
84,84,84,84
26,45,45,45
74,74,99,99
78,15,15,15
50,50,50,50
57,57,69,57
54,54,40,54
2,35,35,35
95,67,67,67
44,44,27,44
66,66,66,66
60,60,17,60
26,77,77,77
58,58,58,58
82,82,82,82
67,25,25,25
98,83,83,83
89,89,48,48
28,28,20,28
55,63,63,63
95,95,30,95
76,69,69,69
60,60,60,60
76,76,16,76
91,91,91,91
37,37,66,66
2,2,10,10
3,3,74,74
62,62,53,62
43,38,38,34
91,91,50,74
48,48,48,48
63,32,32,32
34,44,44,44
56,42,42,42
34,34,97,97
53,53,53,53
3,3,98,98
28,28,28,28
8,8,48,8
40,40,65,98
44,44,11,11
33,96,96,96
61,61,22,61
60,60,71,60
73,73,93,73
61,61,10,43
26,26,54,54
59,86,86,86
4,34,34,34
49,49,91,49
92,53,53,53
92,92,70,92
6,6,34,34
72,35,35,35
86,22,22,22
18,18,26,18
20,20,46,20
55,64,64,64
0,57,57,57
85,85,58,85
75,74,74,74
18,51,51,51
23,23,3,3
74,77,77,77
95,95,30,95
81,81,13,13
58,27,27,27
73,73,95,95
60,68,68,68
21,21,46,46
14,6,6,6
19,85,85,85
87,87,46,87
47,47,65,65
79,44,44,44
90,90,58,58
75,75,16,75
73,75,75,75
15,15,31,31
41,41,48,48
39,39,39,39
99,99,99,99
11,33,33,33
94,94,87,87
45,45,45,45
91,91,91,91
36,36,36,36
77,77,6,77
3,32,32,32
75,75,28,75
92,92,53,92
94,80,80,34
61,61,99,61
50,85,85,85
38,38,80,80
12,12,56,12
1,1,70,1
0,0,53,53
30,30,30,30
84,84,51,51
98,46,46,46
29,29,29,29
7,7,6,7
18,18,80,18
48,48,89,48
89,81,81,81
91,91,91,91
84,36,36,69
63,42,42,42
62,62,70,62
31,31,19,31
40,40,46,46
55,46,46,46
30,30,58,12
61,61,36,36
86,86,66,66
47,47,27,47
33,59,59,59
11,11,15,15
25,20,20,20
14,14,51,51
28,28,16,28
75,75,7,7
11,35,35,35
81,81,13,81
61,22,22,22
73,30,30,30
79,79,79,79
5,5,44,44
88,88,18,93
56,56,59,56
81,81,13,81
31,19,19,19
84,84,84,84
69,38,38,38
30,30,30,30
6,6,92,92
68,37,37,37
70,92,92,92
12,94,94,94
74,74,97,97
7,74,74,74
21,63,63,63
55,95,95,95
71,71,60,60
5,61,61,61
14,14,56,14
48,48,48,48
18,18,41,41
0,0,0,0
70,70,0,0
38,38,85,38
26,75,75,75
24,24,7,24
69,69,69,69
16,87,87,87
9,9,9,9
42,42,64,42
41,41,41,41
39,39,80,80
27,27,89,3
0,0,0,0
70,70,54,54
85,85,5,5
9,9,9,9
43,43,38,38
79,79,18,18
77,7,7,7
75,75,64,75
74,74,30,4
80,38,38,38
42,42,66,42
67,92,92,83
8,8,15,12
0,0,83,0
36,36,43,50
89,89,81,89
43,43,36,36
46,46,98,46
69,69,67,69
56,56,31,31
42,80,80,80
10,22,22,22
71,71,50,71
98,98,35,35
55,64,64,64
40,40,30,30
16,16,87,16
0,0,92,92
21,21,78,78
2,2,11,11
1,1,1,1
64,63,63,63
52,96,96,96
43,43,84,84
83,83,92,92
65,65,87,87
68,68,60,60
18,18,78,78
1,1,27,27
25,25,55,25
96,96,31,31
46,98,98,98
47,47,94,94
90,90,90,90
2,2,98,2
28,28,99,28
37,49,49,49
61,61,39,61
31,37,37,37
77,98,98,98
4,27,27,27
92,92,14,14
38,97,97,80
93,93,30,93
28,10,10,51
39,39,39,39
18,18,63,18
41,41,41,41
44,27,27,27
49,49,49,49
1,92,92,62
11,11,11,11
19,42,42,42
91,91,97,97
82,82,82,82
4,4,80,4
60,60,71,71
34,91,91,91
56,56,56,56
19,25,25,25
32,32,49,32
74,63,63,63
87,16,16,16
99,99,99,99
72,73,73,73
98,36,36,36
8,33,33,33
58,58,87,58
93,93,95,95
87,87,42,87
87,98,98,98
24,24,7,24
35,22,22,22
43,62,62,62
52,52,47,47
6,6,6,6
4,93,93,93
33,44,44,44
8,8,48,8
63,63,4,4
26,26,26,26
34,34,1,34
39,39,39,39
97,97,38,97
47,31,31,31
75,75,75,75
33,33,9,9
87,87,87,87
49,49,59,59
46,98,98,98
16,16,16,16
33,33,96,33
76,76,76,76
41,41,41,41
97,65,65,8
8,97,97,97
75,75,79,79
17,17,17,17
80,34,34,7
93,93,93,93
27,18,18,18
4,4,63,21
41,41,82,82
49,60,60,60
30,30,67,30
31,72,72,72
21,21,21,21
77,1,1,1
90,7,7,58
54,54,92,54
87,87,28,87
86,87,87,87
37,37,97,37
47,52,52,52
66,41,41,41
2,2,35,35
73,73,30,30
55,55,3,55
25,6,6,6
62,62,53,62
26,26,70,26
19,14,14,14
28,28,84,84
15,15,37,37
14,14,57,65
59,59,56,59
69,69,17,17
45,45,45,45
92,92,70,92
39,39,39,39
42,42,82,82
58,13,13,13
49,91,91,91
48,48,13,13
44,80,80,80
71,71,49,49
48,48,87,87
69,69,69,69
9,9,28,9
77,15,15,84
25,84,84,84
35,11,11,11
23,71,71,71
66,66,66,66
66,66,78,66
88,42,42,38
82,82,82,82
1,1,48,48
39,39,23,23
88,88,87,88
93,93,20,86
82,82,51,82
7,14,14,14
17,17,57,17
56,56,96,96
40,28,28,28
70,70,70,70
1,14,14,14
68,68,12,68
59,52,52,52
69,69,76,69
45,26,26,26
16,16,16,16
6,62,62,62
85,85,42,85
12,12,68,68
99,99,99,99
88,88,99,88
40,40,40,40
68,68,60,60
36,36,34,36
23,23,49,49
17,12,12,12
13,98,98,98
20,25,25,25
46,46,98,98
75,75,75,75
61,64,64,64
70,62,62,62
58,58,48,48
42,34,34,34
51,51,17,51
75,75,75,75
73,73,73,73
70,54,54,54
37,37,48,48
28,28,20,28
90,90,91,90
95,72,72,3
88,88,14,14
68,54,54,54
38,38,38,38
95,73,73,73
77,6,6,6
16,57,57,57
58,58,75,75
99,61,61,61
39,39,39,39
56,56,56,56
17,17,89,17
33,33,96,96
77,57,57,57
63,63,97,97
87,87,22,22
75,75,50,36
4,38,38,38
16,16,33,16
94,94,94,94
55,62,62,62
76,76,76,76
60,60,12,12
97,97,21,97
1,1,67,1
0,0,0,0
75,75,75,75
31,31,34,31
55,91,91,91
71,71,60,71
75,75,75,75
52,52,96,96
6,6,57,57
43,43,50,50
14,14,74,74
84,15,15,15
14,77,77,77
51,51,6,6
1,1,36,36
88,80,80,80
53,53,53,53
66,66,72,72
5,5,25,25
56,56,59,59
32,32,67,67
52,52,59,52
40,40,28,40
24,24,24,24
86,86,86,86
54,54,70,70
54,54,57,57
88,88,38,88
61,61,16,16
87,87,94,87
54,54,54,54
24,24,24,24
10,40,40,40
85,85,12,78
17,19,19,19
90,85,85,11
22,22,22,22
86,86,48,86
77,77,34,34
79,79,33,79
94,94,76,76
45,45,32,26
0,0,0,0
39,39,8,8
89,89,89,89
82,82,82,82
41,7,7,7
87,25,25,25
91,91,91,91
73,73,67,73
4,64,64,64
62,53,53,53
72,3,3,3
98,46,46,46
10,22,22,61
11,70,70,70
28,28,28,28
38,38,15,15
74,44,44,44
70,70,62,62
13,13,37,13
7,7,45,7
15,15,15,15
24,24,26,26
76,76,76,76
98,98,35,35
67,75,75,75
79,79,66,55
15,38,38,38
47,47,47,47
47,47,47,47
93,66,66,66
73,67,67,67
13,81,81,81
26,26,26,26
70,70,54,70
95,95,95,95
60,60,60,60
70,70,83,70
11,35,35,35
82,62,62,62
66,37,37,37
34,34,34,34
6,6,7,7
65,92,92,92
62,62,62,62
74,62,62,62
46,59,59,59
36,36,47,96
88,42,42,42
96,47,47,47
48,48,84,48
79,80,80,80
50,32,32,65
19,19,15,15
83,57,57,57
66,66,63,63
68,71,71,71
97,72,72,72
64,66,66,66
16,16,16,16
61,63,63,63
16,16,9,16
84,3,3,3
18,18,65,18
29,29,34,29
63,63,55,55
57,53,53,53
9,9,57,57
38,38,34,34
43,65,65,65
74,45,45,88
15,15,15,15
1,1,93,93
67,74,74,74
91,65,65,65
1,1,1,1
84,98,98,98
69,69,17,17
13,89,89,89
10,10,0,0
33,33,31,31
80,80,44,44
68,68,90,90
30,30,30,30
8,8,86,86
3,21,21,21
13,13,35,35
45,45,26,45
18,18,44,44
20,45,45,45
35,2,2,39
28,28,28,28
93,74,74,74
5,85,85,85
53,53,53,53
34,34,50,34
27,27,44,44
93,67,67,67
18,65,65,65
44,35,35,35
93,93,95,93
37,85,85,85
77,12,12,12
46,11,11,11
31,31,19,31
69,69,40,40
47,47,52,47
57,38,38,38
30,71,71,71
85,85,67,67
80,80,26,26
1,1,1,1
82,82,89,82
45,14,14,14
66,66,72,72
18,44,44,44
58,58,48,58
31,31,19,19
42,42,26,26
23,23,27,23
90,90,85,90
18,18,38,38
83,83,83,83
19,31,31,66
51,51,46,51
80,80,42,38
23,23,71,71
64,64,64,64
61,61,61,61
40,16,16,16
51,51,55,51
99,99,99,99
28,28,23,60
19,1,1,1
63,63,21,21
7,14,14,14
97,97,97,97
78,78,44,44
34,34,36,36
84,23,23,23
13,13,81,81
50,50,74,74
17,76,76,76
28,28,28,28
29,29,29,29
10,73,73,67
57,57,82,82
83,83,9,83
83,92,92,62
53,53,62,53
73,30,30,67
7,7,7,7
59,59,17,17
82,82,82,82
34,34,36,36
15,15,15,15
68,68,33,68
68,68,68,68
34,34,34,34
82,82,82,82
75,75,75,75
37,5,5,5
8,48,48,48
94,94,87,87
16,76,76,76
24,24,24,24
21,21,21,21
8,85,85,85
96,96,47,96
53,53,57,57
49,69,69,69
38,80,80,80
85,84,84,84
27,27,31,27
32,32,1,32
96,96,47,96
20,20,20,20
29,29,29,29
43,80,80,80
69,69,69,69
94,87,87,87
26,26,1,26
92,34,34,34
23,23,71,71
91,91,91,91
34,69,69,69
48,48,48,48
71,23,23,23
53,53,53,53
25,23,23,23
0,0,0,0
59,56,56,56
57,6,6,6
69,69,69,69
73,73,73,73
27,63,63,63
12,5,5,5
42,26,26,26
61,61,61,61
21,21,92,21
72,67,67,67
88,88,45,45
28,10,10,10
15,12,12,12
24,40,40,40
1,1,70,70
77,56,56,56
67,30,30,30
82,82,82,82
5,5,40,40
64,64,64,64
51,34,34,34
52,52,59,59
79,79,72,79
70,62,62,62
46,46,65,15
1,10,10,10
59,59,83,59
87,39,39,39
68,60,60,60
88,39,39,39
76,76,76,76
45,45,45,45
15,15,77,77
79,79,7,7
1,0,0,0
35,2,2,54
94,84,84,84
79,79,80,15
16,87,87,87
49,71,71,71
26,2,2,2
72,16,16,16
60,60,15,15
73,73,30,73
9,9,9,9
75,75,75,75
5,5,84,84
72,72,27,27
27,27,18,18
67,25,25,25
38,65,65,65
18,51,51,51
45,37,37,37
36,98,98,98
40,40,29,29
96,47,47,47
35,35,2,2
7,14,14,14
85,85,90,90
30,30,49,49
14,14,6,34
51,51,84,51
79,79,78,78
76,13,13,13
99,99,99,99
86,86,87,86
15,15,88,88
29,29,29,29
63,63,75,75
66,66,3,66
62,62,70,62
80,15,15,15
24,24,24,24
57,57,53,53
43,42,42,33
78,78,61,78
33,76,76,76
99,99,99,99
95,95,95,95
93,93,1,1
72,27,27,27
71,71,12,12
77,14,14,14
86,39,39,39
64,64,97,97
4,26,26,26
23,19,19,19
62,62,70,70
50,99,99,99
17,17,37,37
98,35,35,35
21,21,42,42
32,32,32,32
57,57,57,57
99,61,61,61
2,64,64,15
6,45,45,45
70,83,83,83
82,62,62,62
82,82,92,82
94,94,94,94
95,95,95,95
81,81,84,84
96,37,37,37
77,26,26,26
33,33,49,33
67,67,27,27
31,31,15,15
60,60,60,60
7,20,20,20
74,74,2,2
63,83,83,83
62,62,62,62
82,82,62,82
36,36,46,36
12,95,95,95
31,31,34,19
47,52,52,52
75,75,75,75
77,0,0,0
29,29,29,29
94,94,94,94
27,27,77,77
70,9,9,15
95,7,7,93
32,32,91,91
38,38,57,57
67,67,91,91
37,37,17,17
2,53,53,53
65,65,64,64
40,40,22,22
53,53,82,53
87,87,87,87
95,95,95,95
53,53,53,53
42,42,74,74
43,98,98,98
89,89,81,89
69,69,12,69
93,93,54,54
81,81,5,5
84,53,53,53
71,71,60,71
31,31,66,66
33,31,31,18
73,73,30,73
75,75,78,75
85,49,49,49
47,47,47,47
97,97,97,97
54,53,53,53
13,89,89,89
24,7,7,7
46,49,49,49
62,13,13,13
92,92,70,92
53,53,53,53
98,40,40,40
66,97,97,97
45,45,40,40
48,48,48,48
94,94,94,94
16,10,10,10
69,40,40,40
60,71,71,71
27,97,97,97
35,24,24,24
59,59,66,66
47,52,52,52
44,4,4,4
57,53,53,53
4,4,55,55
83,83,45,83
89,89,89,89
71,71,71,71
58,68,68,68
52,31,31,31
46,46,9,9
58,12,12,12
98,35,35,35
22,22,45,91
62,62,83,83
47,52,52,52
2,67,67,67
58,58,58,58
77,63,63,63
96,96,47,96
86,86,16,86
33,23,23,69
13,58,58,58
69,69,90,90
97,74,74,74
14,54,54,79
51,51,70,70
2,51,51,70
4,63,63,7
29,8,8,8
58,58,58,58
44,97,97,88
6,6,3,6
80,38,38,38
81,81,13,81
99,99,99,99
28,28,16,28
50,78,78,78
57,57,53,53
88,88,66,66
25,25,84,84
38,38,19,19
71,23,23,23
47,47,52,47
53,53,53,53
48,48,48,48
79,79,8,79
59,59,89,89
29,29,51,29
82,82,62,82
90,70,70,70
26,18,18,30
81,81,5,5
17,17,17,17
14,14,92,14
69,69,69,69
25,13,13,13
32,32,90,90
39,39,39,39
14,62,62,62
89,89,58,58
3,97,97,97
67,67,23,23
78,99,99,99
28,28,40,40
98,98,83,98
88,88,34,88
20,20,20,20
3,90,90,90
18,18,54,54
60,71,71,71
48,48,26,48
69,69,69,69
18,14,14,14
41,87,87,87
6,6,26,26
39,39,45,45
44,87,87,87
15,17,17,17
37,85,85,85
57,57,7,57
48,48,48,48
98,98,35,35
89,89,20,20
67,99,99,99
77,31,31,31
38,38,65,38
71,23,23,46
21,21,21,21
96,96,52,52
11,11,11,11
13,13,89,86
84,84,26,84
73,30,30,30
58,81,81,81
73,30,30,30
35,98,98,98
31,19,19,19
83,57,57,57
59,68,68,76
77,77,27,77
50,74,74,74
41,13,13,13
89,89,48,48
19,19,31,19
54,54,73,54
4,50,50,50
68,68,12,68
9,98,98,98
91,91,91,91
67,93,93,93
19,14,14,14
40,84,84,58
71,71,23,23
57,19,19,19
38,38,48,66
9,9,9,9
82,82,82,82
3,72,72,72
76,76,12,76
20,20,25,20
60,71,71,71
42,42,42,42
94,94,0,94
26,66,66,64
72,72,59,72
6,14,14,14
25,25,65,25
61,61,10,61
36,36,51,19
4,64,64,64
14,86,86,86
61,10,10,36
60,60,71,60
14,14,6,6
62,62,70,70
27,23,23,23
66,31,31,31
16,85,85,85
67,67,27,26
93,63,63,63
23,23,60,23
33,33,74,74
88,88,43,88
18,18,98,18
58,58,58,58
0,0,1,0
83,83,16,16
23,23,49,23
85,19,19,19
56,56,19,96
20,20,20,20
45,77,77,77
20,20,20,20
30,30,73,30
96,56,56,56
19,19,80,19
15,79,79,79
98,40,40,40
51,90,90,90
26,26,26,26
0,83,83,83
56,56,56,56
47,47,43,47
57,54,54,54
59,52,52,52
10,10,92,92
51,40,40,40
65,34,34,6
3,3,34,3
23,60,60,60
9,9,9,9
77,77,65,65
43,43,53,98
15,15,34,15
55,63,63,63
77,77,80,80
19,19,97,19
73,73,73,73
77,79,79,79
7,7,24,7
29,29,69,69
4,4,21,4
61,61,36,36
64,14,14,14
30,93,93,93
39,39,39,39
70,92,92,47
19,84,84,84
51,51,94,51
9,25,25,25
17,17,17,17
28,28,94,94
45,45,27,27
28,28,2,2
12,18,18,18
83,70,70,70
49,49,17,17
63,63,36,36
71,60,60,60
12,12,12,12
11,35,35,89
77,77,51,51
35,70,70,70
29,96,96,96
40,55,55,55
15,15,29,19
84,29,29,29
19,19,15,19
66,46,46,57
70,70,70,70
62,62,6,62
34,34,15,43
94,87,87,87
72,73,73,73
35,62,62,62
50,18,18,18
99,99,99,99
33,96,96,96
90,90,84,84
16,16,16,16
56,56,96,96
4,77,77,77
24,24,24,24
60,71,71,71
3,3,97,97
19,15,15,15
14,14,20,14
23,23,39,23
68,68,12,68
91,91,67,67
81,81,81,81
61,61,22,61
90,81,81,81
21,21,8,8
57,57,0,0
22,22,8,8
87,87,87,87
82,82,82,82
12,12,71,12
38,29,29,42
10,10,19,19
93,93,93,93
77,3,3,51
84,84,84,84
41,41,41,41
64,31,31,31
76,76,11,76
25,25,5,5
91,91,91,91
94,94,94,94
42,97,97,91
79,99,99,99
19,19,3,19
76,76,74,76
87,87,13,87
18,18,83,83
51,80,80,80
1,1,41,1
50,50,50,50
37,94,94,94
6,6,72,72
45,45,54,54
23,30,30,30
0,0,0,0
55,79,79,79
91,91,50,50
89,48,48,48
95,95,79,30
48,48,58,58
45,16,16,48
54,54,54,54
69,69,40,40
82,82,6,6
68,68,68,68
56,56,52,52
94,35,35,79
80,80,65,65
40,37,37,37
67,93,93,93
71,71,49,71
5,23,23,23
50,50,74,74
60,60,60,60
79,79,99,79
0,0,0,0
44,73,73,73
55,74,74,74
46,2,2,2
80,91,91,91
2,2,35,2
32,32,31,31
92,9,9,9
45,10,10,10
69,76,76,76
97,97,35,35
13,13,89,13
30,30,95,95
27,44,44,44
74,74,74,74
8,8,49,49
17,17,85,17
42,42,66,66
91,91,91,91
11,11,45,11
36,36,2,2
69,69,80,69
50,74,74,14
57,57,53,53
84,84,9,84
90,49,49,49
85,85,85,85
3,21,21,21
91,91,71,71
79,79,97,79
76,76,59,76
13,13,89,13
8,8,8,8
92,13,13,13
69,69,69,69
82,82,18,82
7,75,75,75
73,91,91,91
89,89,90,90
32,32,66,32
42,42,38,42
39,39,39,39
26,26,21,21
80,34,34,34
74,3,3,3
15,15,46,46
74,74,50,50
16,16,8,16
57,70,70,70
94,94,18,18
60,60,71,60
33,91,91,91
83,92,92,92
62,62,62,62
85,85,3,3
48,48,48,48
33,33,59,59
11,11,11,11
5,25,25,25
2,35,35,35
18,44,44,44
75,75,75,75
75,75,75,75
4,43,43,43
3,74,74,31
72,63,63,63
17,17,17,17
89,90,90,90
70,92,92,92
19,19,31,19
36,36,97,97
77,77,50,50
67,67,49,49
83,83,83,83
63,63,40,40
2,2,22,22
92,62,62,62
17,37,37,37
98,36,36,36
99,99,99,99
77,77,22,77
56,56,47,56
22,53,53,53
84,45,45,45
14,14,14,14
71,71,24,71
94,94,40,94
44,55,55,55
73,85,85,85
41,41,41,41
96,52,52,52
91,91,13,91
85,85,52,85
43,43,43,43
82,82,82,82
40,40,72,76
97,95,95,95
42,78,78,78
96,25,25,25
47,47,96,47
22,51,51,51
1,1,53,1
46,6,6,6
78,78,99,99
72,31,31,31
93,44,44,44
85,85,85,85
18,44,44,44
63,27,27,27
65,54,54,54
25,5,5,5
44,44,22,22
2,2,46,2
86,22,22,94
45,44,44,44
59,59,67,59
2,2,0,2
54,54,98,54
11,21,21,21
56,56,56,56
75,75,75,75
47,52,52,52
76,76,30,30
20,20,20,20
48,48,41,41
97,97,58,97
9,9,9,9
45,81,81,81
38,38,31,38
84,5,5,5
3,3,3,3
36,74,74,74
43,43,88,88
84,11,11,11
18,96,96,96
6,6,82,82
9,9,69,69
72,72,51,51
38,38,80,38
6,82,82,82
75,75,75,75
15,15,15,15
29,29,29,29
35,6,6,6
25,20,20,20
95,95,30,30
3,21,21,21
58,87,87,80
74,66,66,66
44,14,14,14
83,83,0,83
91,91,39,39
74,74,44,44
86,86,7,7
25,10,10,86
38,51,51,51
58,58,58,58
36,36,15,36
90,81,81,81
8,8,56,56
49,49,1,1
65,38,38,38
95,95,48,48
92,61,61,61
14,14,62,14
81,90,90,13
0,0,14,47
58,58,13,13
96,37,37,87
1,1,77,1
61,61,76,61
59,59,56,56
21,21,21,21
60,60,60,60
89,84,84,84
82,82,82,82
10,87,87,87
80,80,80,80
52,52,52,52
65,65,92,65
55,55,73,73
32,32,91,32
77,79,79,79
69,69,23,23
26,66,66,66
42,42,42,42
79,69,69,69
46,11,11,11
20,20,20,20
38,38,68,38
52,52,47,47
15,15,36,36
7,77,77,77
65,65,25,25
63,63,99,99
96,52,52,52
26,26,45,45
29,29,15,29
3,72,72,72
79,80,80,80
39,39,39,39
30,30,95,30
99,99,30,99
2,25,25,25
8,52,52,52
19,38,38,38
52,47,47,47
69,40,40,40
58,58,58,58
54,38,38,38
82,82,82,82
3,3,31,31
82,42,42,42
93,93,30,30
70,70,53,53
99,25,25,25
21,21,67,21
17,17,3,3
56,56,78,78
64,64,64,64
74,74,63,63
1,1,51,51
62,92,92,92
61,61,10,10
85,85,22,22
78,78,42,42
58,58,13,58
28,10,10,10
53,53,53,53
74,44,44,44
47,29,29,29
5,5,5,5
34,10,10,10
81,49,49,49
64,74,74,74
77,55,55,55
30,67,67,67
66,66,81,66
4,23,23,23
45,45,25,25
30,30,72,72
98,98,46,46
44,18,18,18
95,97,97,97
87,22,22,22
63,72,72,72
87,87,87,87
26,36,36,36
41,41,41,41
70,70,92,70
22,40,40,40
21,21,49,21
32,32,32,32
90,90,13,90
36,91,91,91
85,85,40,40
74,36,36,36
87,87,86,86
21,21,58,21
87,87,86,87
71,71,49,71
53,53,92,92
27,27,1,1
63,74,74,74
1,1,70,70
8,8,54,8
93,50,50,50
98,21,21,21
61,61,61,61
88,88,42,42
37,90,90,90
10,10,10,10
83,83,83,83
91,72,72,31
85,85,58,85
34,72,72,2
24,24,50,24
50,77,77,74
49,23,23,23
12,12,76,12
28,28,10,10
74,66,66,66
44,6,6,6
58,81,81,81
45,44,44,78
87,87,87,87
79,93,93,93
32,26,26,36
14,14,10,10
47,47,47,47
31,3,3,3
77,77,70,70
59,96,96,96
60,60,49,69
71,71,68,71
25,25,12,12
67,67,67,67
81,81,13,13
98,2,2,2
54,54,92,54
67,67,73,73
17,17,15,15
21,21,21,21
1,1,1,1
88,88,34,34
21,21,86,86
77,10,10,10
95,95,44,95
91,91,91,91
12,17,17,17
15,15,66,66
82,82,82,82
22,22,22,22
16,16,5,5
66,66,75,66
25,87,87,87
1,1,41,41
29,38,38,45
29,29,34,29
73,73,67,67
27,32,32,32
81,81,90,90
63,63,4,63
53,53,57,53
23,23,73,73
13,81,81,81
86,86,86,86
44,78,78,78
71,71,71,71
28,28,40,28
75,75,75,75
98,35,35,35
64,62,62,62
79,79,21,21
16,16,16,16
8,8,8,8
77,7,7,7
22,22,22,22
81,81,13,13
87,87,9,39
10,4,4,4
65,65,79,79
62,62,62,62
49,49,17,17
70,70,70,70
57,57,57,57
74,7,7,7
64,64,27,27
40,40,40,40
91,91,91,91
23,23,28,23
13,13,85,13
80,80,78,78
6,6,88,88
42,42,29,42
46,76,76,76
30,30,95,95
95,86,86,86
35,11,11,11
5,15,15,36
41,32,32,32
36,36,2,2
59,59,69,69
12,12,37,37
43,43,43,43
86,86,36,86
97,97,97,97
53,53,53,53
50,87,87,87
80,43,43,43
3,3,46,46
61,61,99,61
20,20,20,20
22,22,22,22
57,57,5,53
25,25,58,25
71,71,23,94
55,64,64,64
68,68,12,68
20,20,20,20
33,49,49,49
67,67,50,67
87,87,86,86
16,94,94,94
41,41,86,41
66,64,64,64
44,44,63,63
25,12,12,12
63,64,64,64
1,70,70,70
15,15,62,62
42,42,50,36
6,43,43,43
85,85,58,58
8,8,54,54
2,2,61,2
5,25,25,54
45,45,48,45
5,96,96,96
71,13,13,13
56,56,6,56
99,99,99,99
73,23,23,23
78,99,99,99
2,11,11,11
76,76,85,76
50,50,8,44
30,30,95,95
53,53,53,53
91,93,93,93
81,68,68,68
65,5,5,5
92,70,70,70
23,23,28,23
11,56,56,56
95,95,58,58
40,40,40,40
30,74,74,74
62,62,62,62
35,35,98,98
23,23,23,23
78,78,48,48
96,33,33,33
67,67,73,73
36,34,34,34
8,8,8,8
15,15,17,17
4,4,4,4
80,80,34,80
27,42,42,42
60,60,33,60
7,7,6,6
54,23,23,23
48,48,48,48
16,16,16,16
57,57,57,57
94,94,94,94
30,30,23,23
92,70,70,70
43,43,80,43
62,1,1,1
58,58,91,58
19,19,19,19
23,23,39,23
38,38,74,74
28,65,65,65
96,96,88,88
95,95,30,95
10,10,61,10
99,32,32,32
86,86,86,86
53,53,53,53
89,48,48,48
11,11,2,2
52,52,47,52
58,58,96,89
54,54,43,97
85,85,85,85
74,63,63,63
72,64,64,64
82,53,53,53
72,72,64,64
73,69,69,69
43,43,36,42
37,37,31,31
34,50,50,50
47,47,52,47
52,52,19,52
40,84,84,73
53,53,53,53
45,74,74,74
8,33,33,33
83,92,92,92
3,3,21,3
90,81,81,81
40,25,25,25
28,49,49,49
53,53,53,53
32,68,68,68
59,52,52,52
4,4,33,33
33,33,89,89
62,62,92,92
89,89,48,48
44,45,45,45
12,12,40,12
4,72,72,72
89,19,19,19
98,98,35,35
78,78,35,35
82,82,82,82
91,60,60,60
31,31,15,15
91,91,91,91
47,47,4,47
9,9,9,9
73,73,73,73
69,69,79,69
36,36,36,36
57,57,78,78
91,91,75,75
95,95,28,95
37,37,9,9
61,61,61,61
83,70,70,70
69,69,79,69
11,46,46,46
80,15,15,15
76,76,16,16
31,94,94,94
10,40,40,40
90,75,75,75
98,98,35,35
94,94,94,94
24,24,24,24
39,39,8,8
1,1,62,1
33,96,96,96
29,85,85,85
29,93,93,93
7,50,50,50
39,39,6,39
15,15,80,15
99,78,78,78
3,3,7,3
41,41,41,41
66,66,66,66
80,80,80,80
27,27,27,27
45,45,45,45
55,55,77,77
32,32,98,98
5,5,37,37
45,74,74,74
9,9,9,9
72,26,26,26
33,33,16,16
38,19,19,19
40,35,35,35
24,24,9,55
59,56,56,56
65,65,15,15
46,11,11,11
38,28,28,28
23,23,23,23
39,39,39,39
25,25,25,25
97,97,97,97
66,37,37,37
46,25,25,25
52,47,47,47
29,85,85,85
56,56,56,56
98,98,28,28
82,82,62,62
41,8,8,8
38,69,69,69
51,51,1,1
79,75,75,75
19,36,36,46
18,18,99,18
95,73,73,67
64,64,64,64
78,78,99,99
96,96,47,96
49,49,71,49
64,64,55,64
40,91,91,91
36,36,50,50
97,97,25,97
40,40,28,28
45,83,83,83
49,49,37,49
62,62,62,62
10,28,28,28
56,52,52,52
4,4,78,78
77,31,31,31
81,81,81,81
91,91,91,91
5,5,81,81
87,87,87,87
3,3,21,3
50,42,42,42
80,3,3,3
86,86,86,86
89,58,58,58
17,17,49,17
12,12,17,17
80,36,36,88
72,63,63,63
79,6,6,24
67,64,64,44
40,57,57,57
13,13,13,13
98,98,36,36
37,89,89,89
21,50,50,50
76,76,76,76
32,14,14,14
59,59,59,59
49,49,13,49
30,30,30,30
60,60,49,49
80,80,9,9
51,51,6,51
66,66,3,3
87,5,5,5
38,38,78,38
63,63,82,82
53,53,53,53
4,98,98,98
48,48,8,8
24,24,24,24
13,13,13,13
31,31,29,31
29,95,95,95
84,84,32,32
46,98,98,98
61,61,87,61
24,24,7,24
34,34,6,34
98,98,46,46
45,71,71,71
99,99,44,99
27,44,44,44
51,51,22,22
91,91,91,91
0,0,83,83
72,50,50,62
50,50,50,50
57,57,57,57
4,4,80,80
60,60,60,60
81,37,37,37
86,86,16,86
9,81,81,81
11,32,32,1
92,18,18,18
99,99,23,99
77,77,57,57
57,57,57,57
14,82,82,82
2,2,35,2
70,70,70,70
69,69,69,69
69,69,69,69
32,91,91,91
79,79,17,17
44,93,93,93
58,58,74,13
0,0,0,0
20,20,20,20
7,6,6,6
45,72,72,72
82,82,82,82
79,79,80,80
58,58,37,37
73,72,72,72
58,86,86,86
75,75,41,41
85,85,48,85
55,77,77,84
70,51,51,51
29,27,27,44
97,67,67,15
11,46,46,46
53,6,6,6
37,37,66,66
73,73,30,30
28,28,16,28
86,28,28,28
50,74,74,74
24,24,24,24
31,31,72,72
95,95,55,95
1,1,62,62
2,2,36,2
36,36,95,36
59,96,96,96
99,99,18,99
55,27,27,27
85,85,37,85
0,0,0,0
23,23,71,23
64,64,45,45
82,89,89,89
62,62,53,62
31,31,15,31
86,86,86,86
57,57,26,26
72,97,97,97
73,95,95,95
42,42,79,79
91,1,1,1
84,89,89,89
85,58,58,10
90,90,17,90
69,69,69,69
82,82,82,82
21,21,91,21
89,89,15,15
68,68,90,90
68,68,68,68
76,76,76,76
31,31,66,66
58,58,13,58
8,8,8,8
37,5,5,5
13,90,90,90
30,30,73,73
78,78,21,78
43,88,88,14
33,33,91,96
99,39,39,39
42,11,11,11
12,12,90,90
92,62,62,62
8,82,82,82
82,82,82,82
78,99,99,99
97,31,31,31
62,62,70,62
74,74,80,80
4,4,7,80
69,69,56,56
29,55,55,55
97,31,31,31
74,93,93,93
56,96,96,96
18,27,27,27
74,14,14,14
3,26,26,26
95,95,95,95
54,54,54,54
53,53,57,53
45,45,84,84
16,16,94,16
73,73,73,73
29,29,44,34
33,33,40,40
6,6,88,88
86,86,16,86
19,19,15,15
97,97,34,34
4,43,43,43
9,9,56,3
53,53,92,53
89,89,85,89
18,18,6,6
87,58,58,58
26,73,73,73
49,49,60,49
11,11,26,26
14,18,18,18
65,80,80,80
83,14,14,14
3,7,7,7
27,27,93,27
30,30,93,93
52,52,59,59
74,74,66,66
29,80,80,80
96,33,33,33
90,90,68,90
14,14,64,77
77,98,98,14
65,4,4,4
7,7,66,7
75,75,51,75
27,27,30,30
16,16,16,16
30,30,95,95
50,98,98,98
83,92,92,92
14,80,80,80
51,51,51,51
42,42,36,50
70,70,62,62
