checkpoint,arch,attack,eps,alpha,mode,clean_accuracy,robust_accuracy,clean_correct,robust_correct,total,load_target,load_variant,missing_keys,unexpected_keys,state_dict_keys,device,seconds,status,error
models/cifar10/Linf/ResNet-AT.pt,resnet50,fgsm,8.0,8.0,zero,0.869300,0.480000,8693,4800,10000,wrapper,as_saved,,,322,cuda,4.503,ok,
models/cifar10/Linf/ResNet-AT.pt,resnet50,fgsm,4.0,4.0,zero,0.869300,0.673000,8693,6730,10000,wrapper,as_saved,,,322,cuda,4.399,ok,
models/cifar10/Linf/ResNet-AT_v2.pt,resnet50,fgsm,8.0,8.0,zero,0.899400,0.443400,8994,4434,10000,wrapper,as_saved,,,322,cuda,4.419,ok,
models/cifar10/Linf/ResNet-AT_v2.pt,resnet50,fgsm,4.0,4.0,zero,0.899400,0.642400,8994,6424,10000,wrapper,as_saved,,,322,cuda,4.406,ok,
models/cifar10/Linf/ResNet-TRADES.pt,resnet50,fgsm,8.0,8.0,zero,0.306100,0.123500,3061,1235,10000,wrapper,as_saved,,,322,cuda,4.429,ok,
models/cifar10/Linf/ResNet-TRADES.pt,resnet50,fgsm,4.0,4.0,zero,0.306100,0.193100,3061,1931,10000,wrapper,as_saved,,,322,cuda,4.463,ok,
models/cifar10/Linf/ResNet.pt,resnet50,fgsm,8.0,8.0,zero,0.922700,0.200200,9227,2002,10000,wrapper,as_saved,,,322,cuda,4.434,ok,
models/cifar10/Linf/ResNet.pt,resnet50,fgsm,4.0,4.0,zero,0.922700,0.259100,9227,2591,10000,wrapper,as_saved,,,322,cuda,4.416,ok,
models/cifar10/Linf/ResNet_AA.pt,resnet50_aa,fgsm,8.0,8.0,zero,0.936500,0.228200,9365,2282,10000,wrapper,as_saved,,,328,cuda,5.470,ok,
models/cifar10/Linf/ResNet_AA.pt,resnet50_aa,fgsm,4.0,4.0,zero,0.936500,0.275300,9365,2753,10000,wrapper,as_saved,,,328,cuda,5.433,ok,
models/cifar10/Linf/ResNet_LipReg-AT.pt,lipreg,fgsm,8.0,8.0,zero,0.785000,0.246000,7850,2460,10000,wrapper,as_saved,,,322,cuda,4.841,ok,
models/cifar10/Linf/ResNet_LipReg-AT.pt,lipreg,fgsm,4.0,4.0,zero,0.785000,0.335000,7850,3350,10000,wrapper,as_saved,,,322,cuda,4.770,ok,
models/cifar10/Linf/ResNet_LipReg.pt,lipreg,fgsm,8.0,8.0,zero,0.922400,0.313800,9224,3138,10000,wrapper,as_saved,,,322,cuda,4.797,ok,
models/cifar10/Linf/ResNet_LipReg.pt,lipreg,fgsm,4.0,4.0,zero,0.922400,0.511100,9224,5111,10000,wrapper,as_saved,,,322,cuda,4.783,ok,
models/cifar10/Linf/ResNet_LipReg_AA-AT.pt,lipreg_aa,,,,,,,,,,,,,,,cuda,1.158,load_failed,"RuntimeError('Could not load ResNet_LipReg_AA-AT.pt as lipreg_aa. Last attempts:\nwrapper/prefixed_for_wrapper/strict=True: Error(s) in loading state_dict for Sequential:\n\tsize mismatch for model.model.4.0.conv3.0.w: copying a param with shape torch.Size([7]) from checkpoint, the shape in current model is torch.Size([5]).\n\tsize mismatch for model.model.4.0.shortcut.0.w: copying a param with shape torch.Size([7]) from checkpoint, the shape in current model is torch.Size([5]).\n\tsize mismatch for model.model.5.0.conv3.0.w: copying a param with shape torch.Size([7]) from checkpoint, the shape in current model is torch.Size([5]).\n\tsize mismatch for model.model.5.0.shortcut.0.w: copying a param with shape torch.Size([7]) from checkpoint, the shape in current model is torch.Size([5]).\n\tsize mismatch for model.model.6.0.conv3.0.w: copying a param with shape torch.Size([7]) from checkpoint, the shape in current model is torch.Size([5]).\n\tsize mismatch for model.model.6.0.shortcut.0.w: copying a param with shape torch.Size([7]) from checkpoint, the shape in current model is torch.Size([5]).\nwrapper/prefixed_for_wrapper/strict=False: Error(s) in loading state_dict for Sequential:\n\tsize mismatch for model.model.4.0.conv3.0.w: copying a param with shape torch.Size([7]) from checkpoint, the shape in current model is torch.Size([5]).\n\tsize mismatch for model.model.4.0.shortcut.0.w: copying a param with shape torch.Size([7]) from checkpoint, the shape in current model is torch.Size([5]).\n\tsize mismatch for model.model.5.0.conv3.0.w: copying a param with shape torch.Size([7]) from checkpoint, the shape in current model is torch.Size([5]).\n\tsize mismatch for model.model.5.0.shortcut.0.w: copying a param with shape torch.Size([7]) from checkpoint, the shape in current model is torch.Size([5]).\n\tsize mismatch for model.model.6.0.conv3.0.w: copying a param with shape torch.Size([7]) from checkpoint, the shape in current model is torch.Size([5]).\n\tsize mismatch for model.model.6.0.shortcut.0.w: copying a param with shape torch.Size([7]) from checkpoint, the shape in current model is torch.Size([5]).\nbackbone/stripped_for_backbone/strict=True: Error(s) in loading state_dict for LipReg_aa:\n\tsize mismatch for model.4.0.conv3.0.w: copying a param with shape torch.Size([7]) from checkpoint, the shape in current model is torch.Size([5]).\n\tsize mismatch for model.4.0.shortcut.0.w: copying a param with shape torch.Size([7]) from checkpoint, the shape in current model is torch.Size([5]).\n\tsize mismatch for model.5.0.conv3.0.w: copying a param with shape torch.Size([7]) from checkpoint, the shape in current model is torch.Size([5]).\n\tsize mismatch for model.5.0.shortcut.0.w: copying a param with shape torch.Size([7]) from checkpoint, the shape in current model is torch.Size([5]).\n\tsize mismatch for model.6.0.conv3.0.w: copying a param with shape torch.Size([7]) from checkpoint, the shape in current model is torch.Size([5]).\n\tsize mismatch for model.6.0.shortcut.0.w: copying a param with shape torch.Size([7]) from checkpoint, the shape in current model is torch.Size([5]).\nbackbone/stripped_for_backbone/strict=False: Error(s) in loading state_dict for LipReg_aa:\n\tsize mismatch for model.4.0.conv3.0.w: copying a param with shape torch.Size([7]) from checkpoint, the shape in current model is torch.Size([5]).\n\tsize mismatch for model.4.0.shortcut.0.w: copying a param with shape torch.Size([7]) from checkpoint, the shape in current model is torch.Size([5]).\n\tsize mismatch for model.5.0.conv3.0.w: copying a param with shape torch.Size([7]) from checkpoint, the shape in current model is torch.Size([5]).\n\tsize mismatch for model.5.0.shortcut.0.w: copying a param with shape torch.Size([7]) from checkpoint, the shape in current model is torch.Size([5]).\n\tsize mismatch for model.6.0.conv3.0.w: copying a param with shape torch.Size([7]) from checkpoint, the shape in current model is torch.Size([5]).\n\tsize mismatch for model.6.0.shortcut.0.w: copying a param with shape torch.Size([7]) from checkpoint, the shape in current model is torch.Size([5]).\nbackbone/as_saved/strict=True: Error(s) in loading state_dict for LipReg_aa:\n\tMissing key(s) in state_dict: ""model.0.weight"", ""model.1.weight"", ""model.1.bias"", ""model.1.running_mean"", ""model.1.running_var"", ""model.3.0.conv1.weight"", ""model.3.0.bn1.weight"", ""model.3.0.bn1.bias"", ""model.3.0.bn1.running_mean"", ""model.3.0.bn1.running_var"", ""model.3.0.conv2.weight"", ""model.3.0.bn2.weight"", ""model.3.0.bn2.bias"", ""model.3.0.bn2.running_mean"", ""model.3.0.bn2.running_var"", ""model.3.0.conv3.weight"", ""model.3.0.bn3.weight"", ""model.3.0.bn3.bias"", ""model.3.0.bn3.running_mean"", ""model.3.0.bn3.running_var"", ""model.3.0.shortcut.0.weight"", ""model.3.0.shortcut.1.weight"", ""model.3.0.shortcut.1.bias"", ""model.3.0.shortcut.1.running_mean"", ""model.3.0.shortcut.1.running_var"", ""model.3.1.conv1.weight"", ""model.3.1.bn1.weight"", ""model.3.1.bn1.bias"", ""model.3.1.bn1.running_mean"", ""model.3.1.bn1.running_var"", ""model.3.1.conv2.weight"", ""model.3.1.bn2.weight"", ""model.3.1.bn2.bias"", ""model.3.1.bn2.running_mean"", ""model.3.1.bn2.running_var"", ""model.3.1.conv3.weight"", ""model.3.1.bn3.weight"", ""model.3.1.bn3.bias"", ""model.3.1.bn3.running_mean"", ""model.3.1.bn3.running_var"", ""model.3.2.conv1.weight"", ""model.3.2.bn1.weight"", ""model.3.2.bn1.bias"", ""model.3.2.bn1.running_mean"", ""model.3.2.bn1.running_var"", ""model.3.2.conv2.weight"", ""model.3.2.bn2.weight"", ""model.3.2.bn2.bias"", ""model.3.2.bn2.running_mean"", ""model.3.2.bn2.running_var"", ""model.3.2.conv3.weight"", ""model.3.2.bn3.weight"", ""model.3.2.bn3.bias"", ""model.3.2.bn3.running_mean"", ""model.3.2.bn3.running_var"", ""model.4.0.conv1.weight"", ""model.4.0.bn1.weight"", ""model.4.0.bn1.bias"", ""model.4.0.bn1.running_mean"", ""model.4.0.bn1.running_var"", ""model.4.0.conv2.weight"", ""model.4.0.bn2.weight"", ""model.4.0.bn2.bias"", ""model.4.0.bn2.running_mean"", ""model.4.0.bn2.running_var"", ""model.4.0.conv3.0.w"", ""model.4.0.conv3.1.weight"", ""model.4.0.bn3.weight"", ""model.4.0.bn3.bias"", ""model.4.0.bn3.running_mean"", ""model.4.0.bn3.running_var"", ""model.4.0.shortcut.0.w"", ""model.4.0.shortcut.1.weight"", ""model.4.0.shortcut.2.weight"", ""model.4.0.shortcut.2.bias"", ""model.4.0.shortcut.2.running_mean"", ""model.4.0.shortcut.2.running_var"", ""model.4.1.conv1.weight"", ""model.4.1.bn1.weight"", ""model.4.1.bn1.bias"", ""model.4.1.bn1.running_mean"", ""model.4.1.bn1.running_var"", ""model.4.1.conv2.weight"", ""model.4.1.bn2.weight"", ""model.4.1.bn2.bias"", ""model.4.1.bn2.running_mean"", ""model.4.1.bn2.running_var"", ""model.4.1.conv3.weight"", ""model.4.1.bn3.weight"", ""model.4.1.bn3.bias"", ""model.4.1.bn3.running_mean"", ""model.4.1.bn3.running_var"", ""model.4.2.conv1.weight"", ""model.4.2.bn1.weight"", ""model.4.2.bn1.bias"", ""model.4.2.bn1.running_mean"", ""model.4.2.bn1.running_var"", ""model.4.2.conv2.weight"", ""model.4.2.bn2.weight"", ""model.4.2.bn2.bias"", ""model.4.2.bn2.running_mean"", ""model.4.2.bn2.running_var"", ""model.4.2.conv3.weight"", ""model.4.2.bn3.weight"", ""model.4.2.bn3.bias"", ""model.4.2.bn3.running_mean"", ""model.4.2.bn3.running_var"", ""model.4.3.conv1.weight"", ""model.4.3.bn1.weight"", ""model.4.3.bn1.bias"", ""model.4.3.bn1.running_mean"", ""model.4.3.bn1.running_var"", ""model.4.3.conv2.weight"", ""model.4.3.bn2.weight"", ""model.4.3.bn2.bias"", ""model.4.3.bn2.running_mean"", ""model.4.3.bn2.running_var"", ""model.4.3.conv3.weight"", ""model.4.3.bn3.weight"", ""model.4.3.bn3.bias"", ""model.4.3.bn3.running_mean"", ""model.4.3.bn3.running_var"", ""model.5.0.conv1.weight"", ""model.5.0.bn1.weight"", ""model.5.0.bn1.bias"", ""model.5.0.bn1.running_mean"", ""model.5.0.bn1.running_var"", ""model.5.0.conv2.weight"", ""model.5.0.bn2.weight"", ""model.5.0.bn2.bias"", ""model.5.0.bn2.running_mean"", ""model.5.0.bn2.running_var"", ""model.5.0.conv3.0.w"", ""model.5.0.conv3.1.weight"", ""model.5.0.bn3.weight"", ""model.5.0.bn3.bias"", ""model.5.0.bn3.running_mean"", ""model.5.0.bn3.running_var"", ""model.5.0.shortcut.0.w"", ""model.5.0.shortcut.1.weight"", ""model.5.0.shortcut.2.weight"", ""model.5.0.shortcut.2.bias"", ""model.5.0.shortcut.2.running_mean"", ""model.5.0.shortcut.2.running_var"", ""model.5.1.conv1.weight"", ""model.5.1.bn1.weight"", ""model.5.1.bn1.bias"", ""model.5.1.bn1.running_mean"", ""model.5.1.bn1.running_var"", ""model.5.1.conv2.weight"", ""model.5.1.bn2.weight"", ""model.5.1.bn2.bias"", ""model.5.1.bn2.running_mean"", ""model.5.1.bn2.running_var"", ""model.5.1.conv3.weight"", ""model.5.1.bn3.weight"", ""model.5.1.bn3.bias"", ""model.5.1.bn3.running_mean"", ""model.5.1.bn3.running_var"", ""model.5.2.conv1.weight"", ""model.5.2.bn1.weight"", ""model.5.2.bn1.bias"", ""model.5.2.bn1.running_mean"", ""model.5.2.bn1.running_var"", ""model.5.2.conv2.weight"", ""model.5.2.bn2.weight"", ""model.5.2.bn2.bias"", ""model.5.2.bn2.running_mean"", ""model.5.2.bn2.running_var"", ""model.5.2.conv3.weight"", ""model.5.2.bn3.weight"", ""model.5.2.bn3.bias"", ""model.5.2.bn3.running_mean"", ""model.5.2.bn3.running_var"", ""model.5.3.conv1.weight"", ""model.5.3.bn1.weight"", ""model.5.3.bn1.bias"", ""model.5.3.bn1.running_mean"", ""model.5.3.bn1.running_var"", ""model.5.3.conv2.weight"", ""model.5.3.bn2.weight"", ""model.5.3.bn2.bias"", ""model.5.3.bn2.running_mean"", ""model.5.3.bn2.running_var"", ""model.5.3.conv3.weight"", ""model.5.3.bn3.weight"", ""model.5.3.bn3.bias"", ""model.5.3.bn3.running_mean"", ""model.5.3.bn3.running_var"", ""model.5.4.conv1.weight"", ""model.5.4.bn1.weight"", ""model.5.4.bn1.bias"", ""model.5.4.bn1.running_mean"", ""model.5.4.bn1.running_var"", ""model.5.4.conv2.weight"", ""model.5.4.bn2.weight"", ""model.5.4.bn2.bias"", ""model.5.4.bn2.running_mean"", ""model.5.4.bn2.running_var"", ""model.5.4.conv3.weight"", ""model.5.4.bn3.weight"", ""model.5.4.bn3.bias"", ""model.5.4.bn3.running_mean"", ""model.5.4.bn3.running_var"", ""model.5.5.conv1.weight"", ""model.5.5.bn1.weight"", ""model.5.5.bn1.bias"", ""model.5.5.bn1.running_mean"", ""model.5.5.bn1.running_var"", ""model.5.5.conv2.weight"", ""model.5.5.bn2.weight"", ""model.5.5.bn2.bias"", ""model.5.5.bn2.running_mean"", ""model.5.5.bn2.running_var"", ""model.5.5.conv3.weight"", ""model.5.5.bn3.weight"", ""model.5.5.bn3.bias"", ""model.5.5.bn3.running_mean"", ""model.5.5.bn3.running_var"", ""model.6.0.conv1.weight"", ""model.6.0.bn1.weight"", ""model.6.0.bn1.bias"", ""model.6.0.bn1.running_mean"", ""model.6.0.bn1.running_var"", ""model.6.0.conv2.weight"", ""model.6.0.bn2.weight"", ""model.6.0.bn2.bias"", ""model.6.0.bn2.running_mean"", ""model.6.0.bn2.running_var"", ""model.6.0.conv3.0.w"", ""model.6.0.conv3.1.weight"", ""model.6.0.bn3.weight"", ""model.6.0.bn3.bias"", ""model.6.0.bn3.running_mean"", ""model.6.0.bn3.running_var"", ""model.6.0.shortcut.0.w"", ""model.6.0.shortcut.1.weight"", ""model.6.0.shortcut.2.weight"", ""model.6.0.shortcut.2.bias"", ""model.6.0.shortcut.2.running_mean"", ""model.6.0.shortcut.2.running_var"", ""model.6.1.conv1.weight"", ""model.6.1.bn1.weight"", ""model.6.1.bn1.bias"", ""model.6.1.bn1.running_mean"", ""model.6.1.bn1.running_var"", ""model.6.1.conv2.weight"", ""model.6.1.bn2.weight"", ""model.6.1.bn2.bias"", ""model.6.1.bn2.running_mean"", ""model.6.1.bn2.running_var"", ""model.6.1.conv3.weight"", ""model.6.1.bn3.weight"", ""model.6.1.bn3.bias"", ""model.6.1.bn3.running_mean"", ""model.6.1.bn3.running_var"", ""model.6.2.conv1.weight"", ""model.6.2.bn1.weight"", ""model.6.2.bn1.bias"", ""model.6.2.bn1.running_mean"", ""model.6.2.bn1.running_var"", ""model.6.2.conv2.weight"", ""model.6.2.bn2.weight"", ""model.6.2.bn2.bias"", ""model.6.2.bn2.running_mean"", ""model.6.2.bn2.running_var"", ""model.6.2.conv3.weight"", ""model.6.2.bn3.weight"", ""model.6.2.bn3.bias"", ""model.6.2.bn3.running_mean"", ""model.6.2.bn3.running_var"", ""fc.weight"", ""fc.bias"". \n\tUnexpected key(s) in state_dict: ""normalize.mean"", ""normalize.std"", ""model.model.0.weight"", ""model.model.1.weight"", ""model.model.1.bias"", ""model.model.1.running_mean"", ""model.model.1.running_var"", ""model.model.1.num_batches_tracked"", ""model.model.3.0.conv1.weight"", ""model.model.3.0.bn1.weight"", ""model.model.3.0.bn1.bias"", ""model.model.3.0.bn1.running_mean"", ""model.model.3.0.bn1.running_var"", ""model.model.3.0.bn1.num_batches_tracked"", ""model.model.3.0.conv2.weight"", ""model.model.3.0.bn2.weight"", ""model.model.3.0.bn2.bias"", ""model.model.3.0.bn2.running_mean"", ""model.model.3.0.bn2.running_var"", ""model.model.3.0.bn2.num_batches_tracked"", ""model.model.3.0.conv3.weight"", ""model.model.3.0.bn3.weight"", ""model.model.3.0.bn3.bias"", ""model.model.3.0.bn3.running_mean"", ""model.model.3.0.bn3.running_var"", ""model.model.3.0.bn3.num_batches_tracked"", ""model.model.3.0.shortcut.0.weight"", ""model.model.3.0.shortcut.1.weight"", ""model.model.3.0.shortcut.1.bias"", ""model.model.3.0.shortcut.1.running_mean"", ""model.model.3.0.shortcut.1.running_var"", ""model.model.3.0.shortcut.1.num_batches_tracked"", ""model.model.3.1.conv1.weight"", ""model.model.3.1.bn1.weight"", ""model.model.3.1.bn1.bias"", ""model.model.3.1.bn1.running_mean"", ""model.model.3.1.bn1.running_var"", ""model.model.3.1.bn1.num_batches_tracked"", ""model.model.3.1.conv2.weight"", ""model.model.3.1.bn2.weight"", ""model.model.3.1.bn2.bias"", ""model.model.3.1.bn2.running_mean"", ""model.model.3.1.bn2.running_var"", ""model.model.3.1.bn2.num_batches_tracked"", ""model.model.3.1.conv3.weight"", ""model.model.3.1.bn3.weight"", ""model.model.3.1.bn3.bias"", ""model.model.3.1.bn3.running_mean"", ""model.model.3.1.bn3.running_var"", ""model.model.3.1.bn3.num_batches_tracked"", ""model.model.3.2.conv1.weight"", ""model.model.3.2.bn1.weight"", ""model.model.3.2.bn1.bias"", ""model.model.3.2.bn1.running_mean"", ""model.model.3.2.bn1.running_var"", ""model.model.3.2.bn1.num_batches_tracked"", ""model.model.3.2.conv2.weight"", ""model.model.3.2.bn2.weight"", ""model.model.3.2.bn2.bias"", ""model.model.3.2.bn2.running_mean"", ""model.model.3.2.bn2.running_var"", ""model.model.3.2.bn2.num_batches_tracked"", ""model.model.3.2.conv3.weight"", ""model.model.3.2.bn3.weight"", ""model.model.3.2.bn3.bias"", ""model.model.3.2.bn3.running_mean"", ""model.model.3.2.bn3.running_var"", ""model.model.3.2.bn3.num_batches_tracked"", ""model.model.4.0.conv1.weight"", ""model.model.4.0.bn1.weight"", ""model.model.4.0.bn1.bias"", ""model.model.4.0.bn1.running_mean"", ""model.model.4.0.bn1.running_var"", ""model.model.4.0.bn1.num_batches_tracked"", ""model.model.4.0.conv2.weight"", ""model.model.4.0.bn2.weight"", ""model.model.4.0.bn2.bias"", ""model.model.4.0.bn2.running_mean"", ""model.model.4.0.bn2.running_var"", ""model.model.4.0.bn2.num_batches_tracked"", ""model.model.4.0.conv3.0.w"", ""model.model.4.0.conv3.1.weight"", ""model.model.4.0.bn3.weight"", ""model.model.4.0.bn3.bias"", ""model.model.4.0.bn3.running_mean"", ""model.model.4.0.bn3.running_var"", ""model.model.4.0.bn3.num_batches_tracked"", ""model.model.4.0.shortcut.0.w"", ""model.model.4.0.shortcut.1.weight"", ""model.model.4.0.shortcut.2.weight"", ""model.model.4.0.shortcut.2.bias"", ""model.model.4.0.shortcut.2.running_mean"", ""model.model.4.0.shortcut.2.running_var"", ""model.model.4.0.shortcut.2.num_batches_tracked"", ""model.model.4.1.conv1.weight"", ""model.model.4.1.bn1.weight"", ""model.model.4.1.bn1.bias"", ""model.model.4.1.bn1.running_mean"", ""model.model.4.1.bn1.running_var"", ""model.model.4.1.bn1.num_batches_tracked"", ""model.model.4.1.conv2.weight"", ""model.model.4.1.bn2.weight"", ""model.model.4.1.bn2.bias"", ""model.model.4.1.bn2.running_mean"", ""model.model.4.1.bn2.running_var"", ""model.model.4.1.bn2.num_batches_tracked"", ""model.model.4.1.conv3.weight"", ""model.model.4.1.bn3.weight"", ""model.model.4.1.bn3.bias"", ""model.model.4.1.bn3.running_mean"", ""model.model.4.1.bn3.running_var"", ""model.model.4.1.bn3.num_batches_tracked"", ""model.model.4.2.conv1.weight"", ""model.model.4.2.bn1.weight"", ""model.model.4.2.bn1.bias"", ""model.model.4.2.bn1.running_mean"", ""model.model.4.2.bn1.running_var"", ""model.model.4.2.bn1.num_batches_tracked"", ""model.model.4.2.conv2.weight"", ""model.model.4.2.bn2.weight"", ""model.model.4.2.bn2.bias"", ""model.model.4.2.bn2.running_mean"", ""model.model.4.2.bn2.running_var"", ""model.model.4.2.bn2.num_batches_tracked"", ""model.model.4.2.conv3.weight"", ""model.model.4.2.bn3.weight"", ""model.model.4.2.bn3.bias"", ""model.model.4.2.bn3.running_mean"", ""model.model.4.2.bn3.running_var"", ""model.model.4.2.bn3.num_batches_tracked"", ""model.model.4.3.conv1.weight"", ""model.model.4.3.bn1.weight"", ""model.model.4.3.bn1.bias"", ""model.model.4.3.bn1.running_mean"", ""model.model.4.3.bn1.running_var"", ""model.model.4.3.bn1.num_batches_tracked"", ""model.model.4.3.conv2.weight"", ""model.model.4.3.bn2.weight"", ""model.model.4.3.bn2.bias"", ""model.model.4.3.bn2.running_mean"", ""model.model.4.3.bn2.running_var"", ""model.model.4.3.bn2.num_batches_tracked"", ""model.model.4.3.conv3.weight"", ""model.model.4.3.bn3.weight"", ""model.model.4.3.bn3.bias"", ""model.model.4.3.bn3.running_mean"", ""model.model.4.3.bn3.running_var"", ""model.model.4.3.bn3.num_batches_tracked"", ""model.model.5.0.conv1.weight"", ""model.model.5.0.bn1.weight"", ""model.model.5.0.bn1.bias"", ""model.model.5.0.bn1.running_mean"", ""model.model.5.0.bn1.running_var"", ""model.model.5.0.bn1.num_batches_tracked"", ""model.model.5.0.conv2.weight"", ""model.model.5.0.bn2.weight"", ""model.model.5.0.bn2.bias"", ""model.model.5.0.bn2.running_mean"", ""model.model.5.0.bn2.running_var"", ""model.model.5.0.bn2.num_batches_tracked"", ""model.model.5.0.conv3.0.w"", ""model.model.5.0.conv3.1.weight"", ""model.model.5.0.bn3.weight"", ""model.model.5.0.bn3.bias"", ""model.model.5.0.bn3.running_mean"", ""model.model.5.0.bn3.running_var"", ""model.model.5.0.bn3.num_batches_tracked"", ""model.model.5.0.shortcut.0.w"", ""model.model.5.0.shortcut.1.weight"", ""model.model.5.0.shortcut.2.weight"", ""model.model.5.0.shortcut.2.bias"", ""model.model.5.0.shortcut.2.running_mean"", ""model.model.5.0.shortcut.2.running_var"", ""model.model.5.0.shortcut.2.num_batches_tracked"", ""model.model.5.1.conv1.weight"", ""model.model.5.1.bn1.weight"", ""model.model.5.1.bn1.bias"", ""model.model.5.1.bn1.running_mean"", ""model.model.5.1.bn1.running_var"", ""model.model.5.1.bn1.num_batches_tracked"", ""model.model.5.1.conv2.weight"", ""model.model.5.1.bn2.weight"", ""model.model.5.1.bn2.bias"", ""model.model.5.1.bn2.running_mean"", ""model.model.5.1.bn2.running_var"", ""model.model.5.1.bn2.num_batches_tracked"", ""model.model.5.1.conv3.weight"", ""model.model.5.1.bn3.weight"", ""model.model.5.1.bn3.bias"", ""model.model.5.1.bn3.running_mean"", ""model.model.5.1.bn3.running_var"", ""model.model.5.1.bn3.num_batches_tracked"", ""model.model.5.2.conv1.weight"", ""model.model.5.2.bn1.weight"", ""model.model.5.2.bn1.bias"", ""model.model.5.2.bn1.running_mean"", ""model.model.5.2.bn1.running_var"", ""model.model.5.2.bn1.num_batches_tracked"", ""model.model.5.2.conv2.weight"", ""model.model.5.2.bn2.weight"", ""model.model.5.2.bn2.bias"", ""model.model.5.2.bn2.running_mean"", ""model.model.5.2.bn2.running_var"", ""model.model.5.2.bn2.num_batches_tracked"", ""model.model.5.2.conv3.weight"", ""model.model.5.2.bn3.weight"", ""model.model.5.2.bn3.bias"", ""model.model.5.2.bn3.running_mean"", ""model.model.5.2.bn3.running_var"", ""model.model.5.2.bn3.num_batches_tracked"", ""model.model.5.3.conv1.weight"", ""model.model.5.3.bn1.weight"", ""model.model.5.3.bn1.bias"", ""model.model.5.3.bn1.running_mean"", ""model.model.5.3.bn1.running_var"", ""model.model.5.3.bn1.num_batches_tracked"", ""model.model.5.3.conv2.weight"", ""model.model.5.3.bn2.weight"", ""model.model.5.3.bn2.bias"", ""model.model.5.3.bn2.running_mean"", ""model.model.5.3.bn2.running_var"", ""model.model.5.3.bn2.num_batches_tracked"", ""model.model.5.3.conv3.weight"", ""model.model.5.3.bn3.weight"", ""model.model.5.3.bn3.bias"", ""model.model.5.3.bn3.running_mean"", ""model.model.5.3.bn3.running_var"", ""model.model.5.3.bn3.num_batches_tracked"", ""model.model.5.4.conv1.weight"", ""model.model.5.4.bn1.weight"", ""model.model.5.4.bn1.bias"", ""model.model.5.4.bn1.running_mean"", ""model.model.5.4.bn1.running_var"", ""model.model.5.4.bn1.num_batches_tracked"", ""model.model.5.4.conv2.weight"", ""model.model.5.4.bn2.weight"", ""model.model.5.4.bn2.bias"", ""model.model.5.4.bn2.running_mean"", ""model.model.5.4.bn2.running_var"", ""model.model.5.4.bn2.num_batches_tracked"", ""model.model.5.4.conv3.weight"", ""model.model.5.4.bn3.weight"", ""model.model.5.4.bn3.bias"", ""model.model.5.4.bn3.running_mean"", ""model.model.5.4.bn3.running_var"", ""model.model.5.4.bn3.num_batches_tracked"", ""model.model.5.5.conv1.weight"", ""model.model.5.5.bn1.weight"", ""model.model.5.5.bn1.bias"", ""model.model.5.5.bn1.running_mean"", ""model.model.5.5.bn1.running_var"", ""model.model.5.5.bn1.num_batches_tracked"", ""model.model.5.5.conv2.weight"", ""model.model.5.5.bn2.weight"", ""model.model.5.5.bn2.bias"", ""model.model.5.5.bn2.running_mean"", ""model.model.5.5.bn2.running_var"", ""model.model.5.5.bn2.num_batches_tracked"", ""model.model.5.5.conv3.weight"", ""model.model.5.5.bn3.weight"", ""model.model.5.5.bn3.bias"", ""model.model.5.5.bn3.running_mean"", ""model.model.5.5.bn3.running_var"", ""model.model.5.5.bn3.num_batches_tracked"", ""model.model.6.0.conv1.weight"", ""model.model.6.0.bn1.weight"", ""model.model.6.0.bn1.bias"", ""model.model.6.0.bn1.running_mean"", ""model.model.6.0.bn1.running_var"", ""model.model.6.0.bn1.num_batches_tracked"", ""model.model.6.0.conv2.weight"", ""model.model.6.0.bn2.weight"", ""model.model.6.0.bn2.bias"", ""model.model.6.0.bn2.running_mean"", ""model.model.6.0.bn2.running_var"", ""model.model.6.0.bn2.num_batches_tracked"", ""model.model.6.0.conv3.0.w"", ""model.model.6.0.conv3.1.weight"", ""model.model.6.0.bn3.weight"", ""model.model.6.0.bn3.bias"", ""model.model.6.0.bn3.running_mean"", ""model.model.6.0.bn3.running_var"", ""model.model.6.0.bn3.num_batches_tracked"", ""model.model.6.0.shortcut.0.w"", ""model.model.6.0.shortcut.1.weight"", ""model.model.6.0.shortcut.2.weight"", ""model.model.6.0.shortcut.2.bias"", ""model.model.6.0.shortcut.2.running_mean"", ""model.model.6.0.shortcut.2.running_var"", ""model.model.6.0.shortcut.2.num_batches_tracked"", ""model.model.6.1.conv1.weight"", ""model.model.6.1.bn1.weight"", ""model.model.6.1.bn1.bias"", ""model.model.6.1.bn1.running_mean"", ""model.model.6.1.bn1.running_var"", ""model.model.6.1.bn1.num_batches_tracked"", ""model.model.6.1.conv2.weight"", ""model.model.6.1.bn2.weight"", ""model.model.6.1.bn2.bias"", ""model.model.6.1.bn2.running_mean"", ""model.model.6.1.bn2.running_var"", ""model.model.6.1.bn2.num_batches_tracked"", ""model.model.6.1.conv3.weight"", ""model.model.6.1.bn3.weight"", ""model.model.6.1.bn3.bias"", ""model.model.6.1.bn3.running_mean"", ""model.model.6.1.bn3.running_var"", ""model.model.6.1.bn3.num_batches_tracked"", ""model.model.6.2.conv1.weight"", ""model.model.6.2.bn1.weight"", ""model.model.6.2.bn1.bias"", ""model.model.6.2.bn1.running_mean"", ""model.model.6.2.bn1.running_var"", ""model.model.6.2.bn1.num_batches_tracked"", ""model.model.6.2.conv2.weight"", ""model.model.6.2.bn2.weight"", ""model.model.6.2.bn2.bias"", ""model.model.6.2.bn2.running_mean"", ""model.model.6.2.bn2.running_var"", ""model.model.6.2.bn2.num_batches_tracked"", ""model.model.6.2.conv3.weight"", ""model.model.6.2.bn3.weight"", ""model.model.6.2.bn3.bias"", ""model.model.6.2.bn3.running_mean"", ""model.model.6.2.bn3.running_var"", ""model.model.6.2.bn3.num_batches_tracked"", ""model.fc.weight"", ""model.fc.bias"". \nbackbone/as_saved/strict=False: missing=[\'model.0.weight\', \'model.1.weight\', \'model.1.bias\', \'model.1.running_mean\', \'model.1.running_var\', \'model.3.0.conv1.weight\', \'model.3.0.bn1.weight\', \'model.3.0.bn1.bias\'], unexpected=[\'normalize.mean\', \'normalize.std\', \'model.model.0.weight\', \'model.model.1.weight\', \'model.model.1.bias\', \'model.model.1.running_mean\', \'model.model.1.running_var\', \'model.model.1.num_batches_tracked\']')"
models/cifar10/Linf/ResNet_LipReg_AA-AT_v2.pt,lipreg_aa,,,,,,,,,,,,,,,cuda,0.950,load_failed,"RuntimeError('Could not load ResNet_LipReg_AA-AT_v2.pt as lipreg_aa. Last attempts:\nwrapper/prefixed_for_wrapper/strict=True: Error(s) in loading state_dict for Sequential:\n\tMissing key(s) in state_dict: ""model.model.3.0.conv3.weight"", ""model.model.3.0.shortcut.0.weight"", ""model.model.3.0.shortcut.1.bias"", ""model.model.3.0.shortcut.1.running_mean"", ""model.model.3.0.shortcut.1.running_var"", ""model.model.5.3.conv1.weight"", ""model.model.5.3.bn1.weight"", ""model.model.5.3.bn1.bias"", ""model.model.5.3.bn1.running_mean"", ""model.model.5.3.bn1.running_var"", ""model.model.5.3.conv2.weight"", ""model.model.5.3.bn2.weight"", ""model.model.5.3.bn2.bias"", ""model.model.5.3.bn2.running_mean"", ""model.model.5.3.bn2.running_var"", ""model.model.5.3.conv3.weight"", ""model.model.5.3.bn3.weight"", ""model.model.5.3.bn3.bias"", ""model.model.5.3.bn3.running_mean"", ""model.model.5.3.bn3.running_var"", ""model.model.5.4.conv1.weight"", ""model.model.5.4.bn1.weight"", ""model.model.5.4.bn1.bias"", ""model.model.5.4.bn1.running_mean"", ""model.model.5.4.bn1.running_var"", ""model.model.5.4.conv2.weight"", ""model.model.5.4.bn2.weight"", ""model.model.5.4.bn2.bias"", ""model.model.5.4.bn2.running_mean"", ""model.model.5.4.bn2.running_var"", ""model.model.5.4.conv3.weight"", ""model.model.5.4.bn3.weight"", ""model.model.5.4.bn3.bias"", ""model.model.5.4.bn3.running_mean"", ""model.model.5.4.bn3.running_var"", ""model.model.5.5.conv1.weight"", ""model.model.5.5.bn1.weight"", ""model.model.5.5.bn1.bias"", ""model.model.5.5.bn1.running_mean"", ""model.model.5.5.bn1.running_var"", ""model.model.5.5.conv2.weight"", ""model.model.5.5.bn2.weight"", ""model.model.5.5.bn2.bias"", ""model.model.5.5.bn2.running_mean"", ""model.model.5.5.bn2.running_var"", ""model.model.5.5.conv3.weight"", ""model.model.5.5.bn3.weight"", ""model.model.5.5.bn3.bias"", ""model.model.5.5.bn3.running_mean"", ""model.model.5.5.bn3.running_var"", ""model.model.6.0.conv1.weight"", ""model.model.6.0.bn1.weight"", ""model.model.6.0.bn1.bias"", ""model.model.6.0.bn1.running_mean"", ""model.model.6.0.bn1.running_var"", ""model.model.6.0.conv2.weight"", ""model.model.6.0.bn2.weight"", ""model.model.6.0.bn2.bias"", ""model.model.6.0.bn2.running_mean"", ""model.model.6.0.bn2.running_var"", ""model.model.6.0.conv3.0.w"", ""model.model.6.0.conv3.1.weight"", ""model.model.6.0.bn3.weight"", ""model.model.6.0.bn3.bias"", ""model.model.6.0.bn3.running_mean"", ""model.model.6.0.bn3.running_var"", ""model.model.6.0.shortcut.0.w"", ""model.model.6.0.shortcut.1.weight"", ""model.model.6.0.shortcut.2.weight"", ""model.model.6.0.shortcut.2.bias"", ""model.model.6.0.shortcut.2.running_mean"", ""model.model.6.0.shortcut.2.running_var"", ""model.model.6.1.conv1.weight"", ""model.model.6.1.bn1.weight"", ""model.model.6.1.bn1.bias"", ""model.model.6.1.bn1.running_mean"", ""model.model.6.1.bn1.running_var"", ""model.model.6.1.conv2.weight"", ""model.model.6.1.bn2.weight"", ""model.model.6.1.bn2.bias"", ""model.model.6.1.bn2.running_mean"", ""model.model.6.1.bn2.running_var"", ""model.model.6.1.conv3.weight"", ""model.model.6.1.bn3.weight"", ""model.model.6.1.bn3.bias"", ""model.model.6.1.bn3.running_mean"", ""model.model.6.1.bn3.running_var"", ""model.model.6.2.conv1.weight"", ""model.model.6.2.bn1.weight"", ""model.model.6.2.bn1.bias"", ""model.model.6.2.bn1.running_mean"", ""model.model.6.2.bn1.running_var"", ""model.model.6.2.conv2.weight"", ""model.model.6.2.bn2.weight"", ""model.model.6.2.bn2.bias"", ""model.model.6.2.bn2.running_mean"", ""model.model.6.2.bn2.running_var"", ""model.model.6.2.conv3.weight"", ""model.model.6.2.bn3.weight"", ""model.model.6.2.bn3.bias"", ""model.model.6.2.bn3.running_mean"", ""model.model.6.2.bn3.running_var"". \n\tUnexpected key(s) in state_dict: ""model.model.2.0.conv1.weight"", ""model.model.2.0.bn1.weight"", ""model.model.2.0.bn1.bias"", ""model.model.2.0.bn1.running_mean"", ""model.model.2.0.bn1.running_var"", ""model.model.2.0.bn1.num_batches_tracked"", ""model.model.2.0.conv2.weight"", ""model.model.2.0.bn2.weight"", ""model.model.2.0.bn2.bias"", ""model.model.2.0.bn2.running_mean"", ""model.model.2.0.bn2.running_var"", ""model.model.2.0.bn2.num_batches_tracked"", ""model.model.2.0.conv3.weight"", ""model.model.2.0.bn3.weight"", ""model.model.2.0.bn3.bias"", ""model.model.2.0.bn3.running_mean"", ""model.model.2.0.bn3.running_var"", ""model.model.2.0.bn3.num_batches_tracked"", ""model.model.2.0.shortcut.0.weight"", ""model.model.2.0.shortcut.1.weight"", ""model.model.2.0.shortcut.1.bias"", ""model.model.2.0.shortcut.1.running_mean"", ""model.model.2.0.shortcut.1.running_var"", ""model.model.2.0.shortcut.1.num_batches_tracked"", ""model.model.2.1.conv1.weight"", ""model.model.2.1.bn1.weight"", ""model.model.2.1.bn1.bias"", ""model.model.2.1.bn1.running_mean"", ""model.model.2.1.bn1.running_var"", ""model.model.2.1.bn1.num_batches_tracked"", ""model.model.2.1.conv2.weight"", ""model.model.2.1.bn2.weight"", ""model.model.2.1.bn2.bias"", ""model.model.2.1.bn2.running_mean"", ""model.model.2.1.bn2.running_var"", ""model.model.2.1.bn2.num_batches_tracked"", ""model.model.2.1.conv3.weight"", ""model.model.2.1.bn3.weight"", ""model.model.2.1.bn3.bias"", ""model.model.2.1.bn3.running_mean"", ""model.model.2.1.bn3.running_var"", ""model.model.2.1.bn3.num_batches_tracked"", ""model.model.2.2.conv1.weight"", ""model.model.2.2.bn1.weight"", ""model.model.2.2.bn1.bias"", ""model.model.2.2.bn1.running_mean"", ""model.model.2.2.bn1.running_var"", ""model.model.2.2.bn1.num_batches_tracked"", ""model.model.2.2.conv2.weight"", ""model.model.2.2.bn2.weight"", ""model.model.2.2.bn2.bias"", ""model.model.2.2.bn2.running_mean"", ""model.model.2.2.bn2.running_var"", ""model.model.2.2.bn2.num_batches_tracked"", ""model.model.2.2.conv3.weight"", ""model.model.2.2.bn3.weight"", ""model.model.2.2.bn3.bias"", ""model.model.2.2.bn3.running_mean"", ""model.model.2.2.bn3.running_var"", ""model.model.2.2.bn3.num_batches_tracked"", ""model.model.3.3.conv1.weight"", ""model.model.3.3.bn1.weight"", ""model.model.3.3.bn1.bias"", ""model.model.3.3.bn1.running_mean"", ""model.model.3.3.bn1.running_var"", ""model.model.3.3.bn1.num_batches_tracked"", ""model.model.3.3.conv2.weight"", ""model.model.3.3.bn2.weight"", ""model.model.3.3.bn2.bias"", ""model.model.3.3.bn2.running_mean"", ""model.model.3.3.bn2.running_var"", ""model.model.3.3.bn2.num_batches_tracked"", ""model.model.3.3.conv3.weight"", ""model.model.3.3.bn3.weight"", ""model.model.3.3.bn3.bias"", ""model.model.3.3.bn3.running_mean"", ""model.model.3.3.bn3.running_var"", ""model.model.3.3.bn3.num_batches_tracked"", ""model.model.3.0.conv3.0.w"", ""model.model.3.0.conv3.1.weight"", ""model.model.3.0.shortcut.2.weight"", ""model.model.3.0.shortcut.2.bias"", ""model.model.3.0.shortcut.2.running_mean"", ""model.model.3.0.shortcut.2.running_var"", ""model.model.3.0.shortcut.2.num_batches_tracked"", ""model.model.3.0.shortcut.0.w"", ""model.model.4.4.conv1.weight"", ""model.model.4.4.bn1.weight"", ""model.model.4.4.bn1.bias"", ""model.model.4.4.bn1.running_mean"", ""model.model.4.4.bn1.running_var"", ""model.model.4.4.bn1.num_batches_tracked"", ""model.model.4.4.conv2.weight"", ""model.model.4.4.bn2.weight"", ""model.model.4.4.bn2.bias"", ""model.model.4.4.bn2.running_mean"", ""model.model.4.4.bn2.running_var"", ""model.model.4.4.bn2.num_batches_tracked"", ""model.model.4.4.conv3.weight"", ""model.model.4.4.bn3.weight"", ""model.model.4.4.bn3.bias"", ""model.model.4.4.bn3.running_mean"", ""model.model.4.4.bn3.running_var"", ""model.model.4.4.bn3.num_batches_tracked"", ""model.model.4.5.conv1.weight"", ""model.model.4.5.bn1.weight"", ""model.model.4.5.bn1.bias"", ""model.model.4.5.bn1.running_mean"", ""model.model.4.5.bn1.running_var"", ""model.model.4.5.bn1.num_batches_tracked"", ""model.model.4.5.conv2.weight"", ""model.model.4.5.bn2.weight"", ""model.model.4.5.bn2.bias"", ""model.model.4.5.bn2.running_mean"", ""model.model.4.5.bn2.running_var"", ""model.model.4.5.bn2.num_batches_tracked"", ""model.model.4.5.conv3.weight"", ""model.model.4.5.bn3.weight"", ""model.model.4.5.bn3.bias"", ""model.model.4.5.bn3.running_mean"", ""model.model.4.5.bn3.running_var"", ""model.model.4.5.bn3.num_batches_tracked"". \n\tsize mismatch for model.model.3.0.conv1.weight: copying a param with shape torch.Size([128, 256, 1, 1]) from checkpoint, the shape in current model is torch.Size([64, 64, 1, 1]).\n\tsize mismatch for model.model.3.0.bn1.weight: copying a param with shape torch.Size([128]) from checkpoint, the shape in current model is torch.Size([64]).\n\tsize mismatch for model.model.3.0.bn1.bias: copying a param with shape torch.Size([128]) from checkpoint, the shape in current model is torch.Size([64]).\n\tsize mismatch for model.model.3.0.bn1.running_mean: copying a param with shape torch.Size([128]) from checkpoint, the shape in current model is torch.Size([64]).\n\tsize mismatch for model.model.3.0.bn1.running_var: copying a param with shape torch.Size([128]) from checkpoint, the shape in current model is torch.Size([64]).\n\tsize mismatch for model.model.3.0.conv2.weight: copying a param with shape torch.Size([128, 128, 3, 3]) from checkpoint, the shape in current model is torch.Size([64, 64, 3, 3]).\n\tsize mismatch for model.model.3.0.bn2.weight: copying a param with shape torch.Size([128]) from checkpoint, the shape in current model is torch.Size([64]).\n\tsize mismatch for model.model.3.0.bn2.bias: copying a param with shape torch.Size([128]) from checkpoint, the shape in current model is torch.Size([64]).\n\tsize mismatch for model.model.3.0.bn2.running_mean: copying a param with shape torch.Size([128]) from checkpoint, the shape in current model is torch.Size([64]).\n\tsize mismatch for model.model.3.0.bn2.running_var: copying a param with shape torch.Size([128]) from checkpoint, the shape in current model is torch.Size([64]).\n\tsize mismatch for model.model.3.0.bn3.weight: copying a param with shape torch.Size([512]) from checkpoint, the shape in current model is torch.Size([256]).\n\tsize mismatch for model.model.3.0.bn3.bias: copying a param with shape torch.Size([512]) from checkpoint, the shape in current model is torch.Size([256]).\n\tsize mismatch for model.model.3.0.bn3.running_mean: copying a param with shape torch.Size([512]) from checkpoint, the shape in current model is torch.Size([256]).\n\tsize mismatch for model.model.3.0.bn3.running_var: copying a param with shape torch.Size([512]) from checkpoint, the shape in current model is torch.Size([256]).\n\tsize mismatch for model.model.3.0.shortcut.1.weight: copying a param with shape torch.Size([512, 256, 1, 1]) from checkpoint, the shape in current model is torch.Size([256]).\n\tsize mismatch for model.model.3.1.conv1.weight: copying a param with shape torch.Size([128, 512, 1, 1]) from checkpoint, the shape in current model is torch.Size([64, 256, 1, 1]).\n\tsize mismatch for model.model.3.1.bn1.weight: copying a param with shape torch.Size([128]) from checkpoint, the shape in current model is torch.Size([64]).\n\tsize mismatch for model.model.3.1.bn1.bias: copying a param with shape torch.Size([128]) from checkpoint, the shape in current model is torch.Size([64]).\n\tsize mismatch for model.model.3.1.bn1.running_mean: copying a param with shape torch.Size([128]) from checkpoint, the shape in current model is torch.Size([64]).\n\tsize mismatch for model.model.3.1.bn1.running_var: copying a param with shape torch.Size([128]) from checkpoint, the shape in current model is torch.Size([64]).\n\tsize mismatch for model.model.3.1.conv2.weight: copying a param with shape torch.Size([128, 128, 3, 3]) from checkpoint, the shape in current model is torch.Size([64, 64, 3, 3]).\n\tsize mismatch for model.model.3.1.bn2.weight: copying a param with shape torch.Size([128]) from checkpoint, the shape in current model is torch.Size([64]).\n\tsize mismatch for model.model.3.1.bn2.bias: copying a param with shape torch.Size([128]) from checkpoint, the shape in current model is torch.Size([64]).\n\tsize mismatch for model.model.3.1.bn2.running_mean: copying a param with shape torch.Size([128]) from checkpoint, the shape in current model is torch.Size([64]).\n\tsize mismatch for model.model.3.1.bn2.running_var: copying a param with shape torch.Size([128]) from checkpoint, the shape in current model is torch.Size([64]).\n\tsize mismatch for model.model.3.1.conv3.weight: copying a param with shape torch.Size([512, 128, 1, 1]) from checkpoint, the shape in current model is torch.Size([256, 64, 1, 1]).\n\tsize mismatch for model.model.3.1.bn3.weight: copying a param with shape torch.Size([512]) from checkpoint, the shape in current model is torch.Size([256]).\n\tsize mismatch for model.model.3.1.bn3.bias: copying a param with shape torch.Size([512]) from checkpoint, the shape in current model is torch.Size([256]).\n\tsize mismatch for model.model.3.1.bn3.running_mean: copying a param with shape torch.Size([512]) from checkpoint, the shape in current model is torch.Size([256]).\n\tsize mismatch for model.model.3.1.bn3.running_var: copying a param with shape torch.Size([512]) from checkpoint, the shape in current model is torch.Size([256]).\n\tsize mismatch for model.model.3.2.conv1.weight: copying a param with shape torch.Size([128, 512, 1, 1]) from checkpoint, the shape in current model is torch.Size([64, 256, 1, 1]).\n\tsize mismatch for model.model.3.2.bn1.weight: copying a param with shape torch.Size([128]) from checkpoint, the shape in current model is torch.Size([64]).\n\tsize mismatch for model.model.3.2.bn1.bias: copying a param with shape torch.Size([128]) from checkpoint, the shape in current model is torch.Size([64]).\n\tsize mismatch for model.model.3.2.bn1.running_mean: copying a param with shape torch.Size([128]) from checkpoint, the shape in current model is torch.Size([64]).\n\tsize mismatch for model.model.3.2.bn1.running_var: copying a param with shape torch.Size([128]) from checkpoint, the shape in current model is torch.Size([64]).\n\tsize mismatch for model.model.3.2.conv2.weight: copying a param with shape torch.Size([128, 128, 3, 3]) from checkpoint, the shape in current model is torch.Size([64, 64, 3, 3]).\n\tsize mismatch for model.model.3.2.bn2.weight: copying a param with shape torch.Size([128]) from checkpoint, the shape in current model is torch.Size([64]).\n\tsize mismatch for model.model.3.2.bn2.bias: copying a param with shape torch.Size([128]) from checkpoint, the shape in current model is torch.Size([64]).\n\tsize mismatch for model.model.3.2.bn2.running_mean: copying a param with shape torch.Size([128]) from checkpoint, the shape in current model is torch.Size([64]).\n\tsize mismatch for model.model.3.2.bn2.running_var: copying a param with shape torch.Size([128]) from checkpoint, the shape in current model is torch.Size([64]).\n\tsize mismatch for model.model.3.2.conv3.weight: copying a param with shape torch.Size([512, 128, 1, 1]) from checkpoint, the shape in current model is torch.Size([256, 64, 1, 1]).\n\tsize mismatch for model.model.3.2.bn3.weight: copying a param with shape torch.Size([512]) from checkpoint, the shape in current model is torch.Size([256]).\n\tsize mismatch for model.model.3.2.bn3.bias: copying a param with shape torch.Size([512]) from checkpoint, the shape in current model is torch.Size([256]).\n\tsize mismatch for model.model.3.2.bn3.running_mean: copying a param with shape torch.Size([512]) from checkpoint, the shape in current model is torch.Size([256]).\n\tsize mismatch for model.model.3.2.bn3.running_var: copying a param with shape torch.Size([512]) from checkpoint, the shape in current model is torch.Size([256]).\n\tsize mismatch for model.model.4.0.conv1.weight: copying a param with shape torch.Size([256, 512, 1, 1]) from checkpoint, the shape in current model is torch.Size([128, 256, 1, 1]).\n\tsize mismatch for model.model.4.0.bn1.weight: copying a param with shape torch.Size([256]) from checkpoint, the shape in current model is torch.Size([128]).\n\tsize mismatch for model.model.4.0.bn1.bias: copying a param with shape torch.Size([256]) from checkpoint, the shape in current model is torch.Size([128]).\n\tsize mismatch for model.model.4.0.bn1.running_mean: copying a param with shape torch.Size([256]) from checkpoint, the shape in current model is torch.Size([128]).\n\tsize mismatch for model.model.4.0.bn1.running_var: copying a param with shape torch.Size([256]) from checkpoint, the shape in current model is torch.Size([128]).\n\tsize mismatch for model.model.4.0.conv2.weight: copying a param with shape torch.Size([256, 256, 3, 3]) from checkpoint, the shape in current model is torch.Size([128, 128, 3, 3]).\n\tsize mismatch for model.model.4.0.bn2.weight: copying a param with shape torch.Size([256]) from checkpoint, the shape in current model is torch.Size([128]).\n\tsize mismatch for model.model.4.0.bn2.bias: copying a param with shape torch.Size([256]) from checkpoint, the shape in current model is torch.Size([128]).\n\tsize mismatch for model.model.4.0.bn2.running_mean: copying a param with shape torch.Size([256]) from checkpoint, the shape in current model is torch.Size([128]).\n\tsize mismatch for model.model.4.0.bn2.running_var: copying a param with shape torch.Size([256]) from checkpoint, the shape in current model is torch.Size([128]).\n\tsize mismatch for model.model.4.0.conv3.1.weight: copying a param with shape torch.Size([1024, 256, 1, 1]) from checkpoint, the shape in current model is torch.Size([512, 128, 1, 1]).\n\tsize mismatch for model.model.4.0.bn3.weight: copying a param with shape torch.Size([1024]) from checkpoint, the shape in current model is torch.Size([512]).\n\tsize mismatch for model.model.4.0.bn3.bias: copying a param with shape torch.Size([1024]) from checkpoint, the shape in current model is torch.Size([512]).\n\tsize mismatch for model.model.4.0.bn3.running_mean: copying a param with shape torch.Size([1024]) from checkpoint, the shape in current model is torch.Size([512]).\n\tsize mismatch for model.model.4.0.bn3.running_var: copying a param with shape torch.Size([1024]) from checkpoint, the shape in current model is torch.Size([512]).\n\tsize mismatch for model.model.4.0.shortcut.1.weight: copying a param with shape torch.Size([1024, 512, 1, 1]) from checkpoint, the shape in current model is torch.Size([512, 256, 1, 1]).\n\tsize mismatch for model.model.4.0.shortcut.2.weight: copying a param with shape torch.Size([1024]) from checkpoint, the shape in current model is torch.Size([512]).\n\tsize mismatch for model.model.4.0.shortcut.2.bias: copying a param with shape torch.Size([1024]) from checkpoint, the shape in current model is torch.Size([512]).\n\tsize mismatch for model.model.4.0.shortcut.2.running_mean: copying a param with shape torch.Size([1024]) from checkpoint, the shape in current model is torch.Size([512]).\n\tsize mismatch for model.model.4.0.shortcut.2.running_var: copying a param with shape torch.Size([1024]) from checkpoint, the shape in current model is torch.Size([512]).\n\tsize mismatch for model.model.4.1.conv1.weight: copying a param with shape torch.Size([256, 1024, 1, 1]) from checkpoint, the shape in current model is torch.Size([128, 512, 1, 1]).\n\tsize mismatch for model.model.4.1.bn1.weight: copying a param with shape torch.Size([256]) from checkpoint, the shape in current model is torch.Size([128]).\n\tsize mismatch for model.model.4.1.bn1.bias: copying a param with shape torch.Size([256]) from checkpoint, the shape in current model is torch.Size([128]).\n\tsize mismatch for model.model.4.1.bn1.running_mean: copying a param with shape torch.Size([256]) from checkpoint, the shape in current model is torch.Size([128]).\n\tsize mismatch for model.model.4.1.bn1.running_var: copying a param with shape torch.Size([256]) from checkpoint, the shape in current model is torch.Size([128]).\n\tsize mismatch for model.model.4.1.conv2.weight: copying a param with shape torch.Size([256, 256, 3, 3]) from checkpoint, the shape in current model is torch.Size([128, 128, 3, 3]).\n\tsize mismatch for model.model.4.1.bn2.weight: copying a param with shape torch.Size([256]) from checkpoint, the shape in current model is torch.Size([128]).\n\tsize mismatch for model.model.4.1.bn2.bias: copying a param with shape torch.Size([256]) from checkpoint, the shape in current model is torch.Size([128]).\n\tsize mismatch for model.model.4.1.bn2.running_mean: copying a param with shape torch.Size([256]) from checkpoint, the shape in current model is torch.Size([128]).\n\tsize mismatch for model.model.4.1.bn2.running_var: copying a param with shape torch.Size([256]) from checkpoint, the shape in current model is torch.Size([128]).\n\tsize mismatch for model.model.4.1.conv3.weight: copying a param with shape torch.Size([1024, 256, 1, 1]) from checkpoint, the shape in current model is torch.Size([512, 128, 1, 1]).\n\tsize mismatch for model.model.4.1.bn3.weight: copying a param with shape torch.Size([1024]) from checkpoint, the shape in current model is torch.Size([512]).\n\tsize mismatch for model.model.4.1.bn3.bias: copying a param with shape torch.Size([1024]) from checkpoint, the shape in current model is torch.Size([512]).\n\tsize mismatch for model.model.4.1.bn3.running_mean: copying a param with shape torch.Size([1024]) from checkpoint, the shape in current model is torch.Size([512]).\n\tsize mismatch for model.model.4.1.bn3.running_var: copying a param with shape torch.Size([1024]) from checkpoint, the shape in current model is torch.Size([512]).\n\tsize mismatch for model.model.4.2.conv1.weight: copying a param with shape torch.Size([256, 1024, 1, 1]) from checkpoint, the shape in current model is torch.Size([128, 512, 1, 1]).\n\tsize mismatch for model.model.4.2.bn1.weight: copying a param with shape torch.Size([256]) from checkpoint, the shape in current model is torch.Size([128]).\n\tsize mismatch for model.model.4.2.bn1.bias: copying a param with shape torch.Size([256]) from checkpoint, the shape in current model is torch.Size([128]).\n\tsize mismatch for model.model.4.2.bn1.running_mean: copying a param with shape torch.Size([256]) from checkpoint, the shape in current model is torch.Size([128]).\n\tsize mismatch for model.model.4.2.bn1.running_var: copying a param with shape torch.Size([256]) from checkpoint, the shape in current model is torch.Size([128]).\n\tsize mismatch for model.model.4.2.conv2.weight: copying a param with shape torch.Size([256, 256, 3, 3]) from checkpoint, the shape in current model is torch.Size([128, 128, 3, 3]).\n\tsize mismatch for model.model.4.2.bn2.weight: copying a param with shape torch.Size([256]) from checkpoint, the shape in current model is torch.Size([128]).\n\tsize mismatch for model.model.4.2.bn2.bias: copying a param with shape torch.Size([256]) from checkpoint, the shape in current model is torch.Size([128]).\n\tsize mismatch for model.model.4.2.bn2.running_mean: copying a param with shape torch.Size([256]) from checkpoint, the shape in current model is torch.Size([128]).\n\tsize mismatch for model.model.4.2.bn2.running_var: copying a param with shape torch.Size([256]) from checkpoint, the shape in current model is torch.Size([128]).\n\tsize mismatch for model.model.4.2.conv3.weight: copying a param with shape torch.Size([1024, 256, 1, 1]) from checkpoint, the shape in current model is torch.Size([512, 128, 1, 1]).\n\tsize mismatch for model.model.4.2.bn3.weight: copying a param with shape torch.Size([1024]) from checkpoint, the shape in current model is torch.Size([512]).\n\tsize mismatch for model.model.4.2.bn3.bias: copying a param with shape torch.Size([1024]) from checkpoint, the shape in current model is torch.Size([512]).\n\tsize mismatch for model.model.4.2.bn3.running_mean: copying a param with shape torch.Size([1024]) from checkpoint, the shape in current model is torch.Size([512]).\n\tsize mismatch for model.model.4.2.bn3.running_var: copying a param with shape torch.Size([1024]) from checkpoint, the shape in current model is torch.Size([512]).\n\tsize mismatch for model.model.4.3.conv1.weight: copying a param with shape torch.Size([256, 1024, 1, 1]) from checkpoint, the shape in current model is torch.Size([128, 512, 1, 1]).\n\tsize mismatch for model.model.4.3.bn1.weight: copying a param with shape torch.Size([256]) from checkpoint, the shape in current model is torch.Size([128]).\n\tsize mismatch for model.model.4.3.bn1.bias: copying a param with shape torch.Size([256]) from checkpoint, the shape in current model is torch.Size([128]).\n\tsize mismatch for model.model.4.3.bn1.running_mean: copying a param with shape torch.Size([256]) from checkpoint, the shape in current model is torch.Size([128]).\n\tsize mismatch for model.model.4.3.bn1.running_var: copying a param with shape torch.Size([256]) from checkpoint, the shape in current model is torch.Size([128]).\n\tsize mismatch for model.model.4.3.conv2.weight: copying a param with shape torch.Size([256, 256, 3, 3]) from checkpoint, the shape in current model is torch.Size([128, 128, 3, 3]).\n\tsize mismatch for model.model.4.3.bn2.weight: copying a param with shape torch.Size([256]) from checkpoint, the shape in current model is torch.Size([128]).\n\tsize mismatch for model.model.4.3.bn2.bias: copying a param with shape torch.Size([256]) from checkpoint, the shape in current model is torch.Size([128]).\n\tsize mismatch for model.model.4.3.bn2.running_mean: copying a param with shape torch.Size([256]) from checkpoint, the shape in current model is torch.Size([128]).\n\tsize mismatch for model.model.4.3.bn2.running_var: copying a param with shape torch.Size([256]) from checkpoint, the shape in current model is torch.Size([128]).\n\tsize mismatch for model.model.4.3.conv3.weight: copying a param with shape torch.Size([1024, 256, 1, 1]) from checkpoint, the shape in current model is torch.Size([512, 128, 1, 1]).\n\tsize mismatch for model.model.4.3.bn3.weight: copying a param with shape torch.Size([1024]) from checkpoint, the shape in current model is torch.Size([512]).\n\tsize mismatch for model.model.4.3.bn3.bias: copying a param with shape torch.Size([1024]) from checkpoint, the shape in current model is torch.Size([512]).\n\tsize mismatch for model.model.4.3.bn3.running_mean: copying a param with shape torch.Size([1024]) from checkpoint, the shape in current model is torch.Size([512]).\n\tsize mismatch for model.model.4.3.bn3.running_var: copying a param with shape torch.Size([1024]) from checkpoint, the shape in current model is torch.Size([512]).\n\tsize mismatch for model.model.5.0.conv1.weight: copying a param with shape torch.Size([512, 1024, 1, 1]) from checkpoint, the shape in current model is torch.Size([256, 512, 1, 1]).\n\tsize mismatch for model.model.5.0.bn1.weight: copying a param with shape torch.Size([512]) from checkpoint, the shape in current model is torch.Size([256]).\n\tsize mismatch for model.model.5.0.bn1.bias: copying a param with shape torch.Size([512]) from checkpoint, the shape in current model is torch.Size([256]).\n\tsize mismatch for model.model.5.0.bn1.running_mean: copying a param with shape torch.Size([512]) from checkpoint, the shape in current model is torch.Size([256]).\n\tsize mismatch for model.model.5.0.bn1.running_var: copying a param with shape torch.Size([512]) from checkpoint, the shape in current model is torch.Size([256]).\n\tsize mismatch for model.model.5.0.conv2.weight: copying a param with shape torch.Size([512, 512, 3, 3]) from checkpoint, the shape in current model is torch.Size([256, 256, 3, 3]).\n\tsize mismatch for model.model.5.0.bn2.weight: copying a param with shape torch.Size([512]) from checkpoint, the shape in current model is torch.Size([256]).\n\tsize mismatch for model.model.5.0.bn2.bias: copying a param with shape torch.Size([512]) from checkpoint, the shape in current model is torch.Size([256]).\n\tsize mismatch for model.model.5.0.bn2.running_mean: copying a param with shape torch.Size([512]) from checkpoint, the shape in current model is torch.Size([256]).\n\tsize mismatch for model.model.5.0.bn2.running_var: copying a param with shape torch.Size([512]) from checkpoint, the shape in current model is torch.Size([256]).\n\tsize mismatch for model.model.5.0.conv3.1.weight: copying a param with shape torch.Size([2048, 512, 1, 1]) from checkpoint, the shape in current model is torch.Size([1024, 256, 1, 1]).\n\tsize mismatch for model.model.5.0.bn3.weight: copying a param with shape torch.Size([2048]) from checkpoint, the shape in current model is torch.Size([1024]).\n\tsize mismatch for model.model.5.0.bn3.bias: copying a param with shape torch.Size([2048]) from checkpoint, the shape in current model is torch.Size([1024]).\n\tsize mismatch for model.model.5.0.bn3.running_mean: copying a param with shape torch.Size([2048]) from checkpoint, the shape in current model is torch.Size([1024]).\n\tsize mismatch for model.model.5.0.bn3.running_var: copying a param with shape torch.Size([2048]) from checkpoint, the shape in current model is torch.Size([1024]).\n\tsize mismatch for model.model.5.0.shortcut.1.weight: copying a param with shape torch.Size([2048, 1024, 1, 1]) from checkpoint, the shape in current model is torch.Size([1024, 512, 1, 1]).\n\tsize mismatch for model.model.5.0.shortcut.2.weight: copying a param with shape torch.Size([2048]) from checkpoint, the shape in current model is torch.Size([1024]).\n\tsize mismatch for model.model.5.0.shortcut.2.bias: copying a param with shape torch.Size([2048]) from checkpoint, the shape in current model is torch.Size([1024]).\n\tsize mismatch for model.model.5.0.shortcut.2.running_mean: copying a param with shape torch.Size([2048]) from checkpoint, the shape in current model is torch.Size([1024]).\n\tsize mismatch for model.model.5.0.shortcut.2.running_var: copying a param with shape torch.Size([2048]) from checkpoint, the shape in current model is torch.Size([1024]).\n\tsize mismatch for model.model.5.1.conv1.weight: copying a param with shape torch.Size([512, 2048, 1, 1]) from checkpoint, the shape in current model is torch.Size([256, 1024, 1, 1]).\n\tsize mismatch for model.model.5.1.bn1.weight: copying a param with shape torch.Size([512]) from checkpoint, the shape in current model is torch.Size([256]).\n\tsize mismatch for model.model.5.1.bn1.bias: copying a param with shape torch.Size([512]) from checkpoint, the shape in current model is torch.Size([256]).\n\tsize mismatch for model.model.5.1.bn1.running_mean: copying a param with shape torch.Size([512]) from checkpoint, the shape in current model is torch.Size([256]).\n\tsize mismatch for model.model.5.1.bn1.running_var: copying a param with shape torch.Size([512]) from checkpoint, the shape in current model is torch.Size([256]).\n\tsize mismatch for model.model.5.1.conv2.weight: copying a param with shape torch.Size([512, 512, 3, 3]) from checkpoint, the shape in current model is torch.Size([256, 256, 3, 3]).\n\tsize mismatch for model.model.5.1.bn2.weight: copying a param with shape torch.Size([512]) from checkpoint, the shape in current model is torch.Size([256]).\n\tsize mismatch for model.model.5.1.bn2.bias: copying a param with shape torch.Size([512]) from checkpoint, the shape in current model is torch.Size([256]).\n\tsize mismatch for model.model.5.1.bn2.running_mean: copying a param with shape torch.Size([512]) from checkpoint, the shape in current model is torch.Size([256]).\n\tsize mismatch for model.model.5.1.bn2.running_var: copying a param with shape torch.Size([512]) from checkpoint, the shape in current model is torch.Size([256]).\n\tsize mismatch for model.model.5.1.conv3.weight: copying a param with shape torch.Size([2048, 512, 1, 1]) from checkpoint, the shape in current model is torch.Size([1024, 256, 1, 1]).\n\tsize mismatch for model.model.5.1.bn3.weight: copying a param with shape torch.Size([2048]) from checkpoint, the shape in current model is torch.Size([1024]).\n\tsize mismatch for model.model.5.1.bn3.bias: copying a param with shape torch.Size([2048]) from checkpoint, the shape in current model is torch.Size([1024]).\n\tsize mismatch for model.model.5.1.bn3.running_mean: copying a param with shape torch.Size([2048]) from checkpoint, the shape in current model is torch.Size([1024]).\n\tsize mismatch for model.model.5.1.bn3.running_var: copying a param with shape torch.Size([2048]) from checkpoint, the shape in current model is torch.Size([1024]).\n\tsize mismatch for model.model.5.2.conv1.weight: copying a param with shape torch.Size([512, 2048, 1, 1]) from checkpoint, the shape in current model is torch.Size([256, 1024, 1, 1]).\n\tsize mismatch for model.model.5.2.bn1.weight: copying a param with shape torch.Size([512]) from checkpoint, the shape in current model is torch.Size([256]).\n\tsize mismatch for model.model.5.2.bn1.bias: copying a param with shape torch.Size([512]) from checkpoint, the shape in current model is torch.Size([256]).\n\tsize mismatch for model.model.5.2.bn1.running_mean: copying a param with shape torch.Size([512]) from checkpoint, the shape in current model is torch.Size([256]).\n\tsize mismatch for model.model.5.2.bn1.running_var: copying a param with shape torch.Size([512]) from checkpoint, the shape in current model is torch.Size([256]).\n\tsize mismatch for model.model.5.2.conv2.weight: copying a param with shape torch.Size([512, 512, 3, 3]) from checkpoint, the shape in current model is torch.Size([256, 256, 3, 3]).\n\tsize mismatch for model.model.5.2.bn2.weight: copying a param with shape torch.Size([512]) from checkpoint, the shape in current model is torch.Size([256]).\n\tsize mismatch for model.model.5.2.bn2.bias: copying a param with shape torch.Size([512]) from checkpoint, the shape in current model is torch.Size([256]).\n\tsize mismatch for model.model.5.2.bn2.running_mean: copying a param with shape torch.Size([512]) from checkpoint, the shape in current model is torch.Size([256]).\n\tsize mismatch for model.model.5.2.bn2.running_var: copying a param with shape torch.Size([512]) from checkpoint, the shape in current model is torch.Size([256]).\n\tsize mismatch for model.model.5.2.conv3.weight: copying a param with shape torch.Size([2048, 512, 1, 1]) from checkpoint, the shape in current model is torch.Size([1024, 256, 1, 1]).\n\tsize mismatch for model.model.5.2.bn3.weight: copying a param with shape torch.Size([2048]) from checkpoint, the shape in current model is torch.Size([1024]).\n\tsize mismatch for model.model.5.2.bn3.bias: copying a param with shape torch.Size([2048]) from checkpoint, the shape in current model is torch.Size([1024]).\n\tsize mismatch for model.model.5.2.bn3.running_mean: copying a param with shape torch.Size([2048]) from checkpoint, the shape in current model is torch.Size([1024]).\n\tsize mismatch for model.model.5.2.bn3.running_var: copying a param with shape torch.Size([2048]) from checkpoint, the shape in current model is torch.Size([1024]).\nwrapper/prefixed_for_wrapper/strict=False: Error(s) in loading state_dict for Sequential:\n\tsize mismatch for model.model.3.0.conv1.weight: copying a param with shape torch.Size([128, 256, 1, 1]) from checkpoint, the shape in current model is torch.Size([64, 64, 1, 1]).\n\tsize mismatch for model.model.3.0.bn1.weight: copying a param with shape torch.Size([128]) from checkpoint, the shape in current model is torch.Size([64]).\n\tsize mismatch for model.model.3.0.bn1.bias: copying a param with shape torch.Size([128]) from checkpoint, the shape in current model is torch.Size([64]).\n\tsize mismatch for model.model.3.0.bn1.running_mean: copying a param with shape torch.Size([128]) from checkpoint, the shape in current model is torch.Size([64]).\n\tsize mismatch for model.model.3.0.bn1.running_var: copying a param with shape torch.Size([128]) from checkpoint, the shape in current model is torch.Size([64]).\n\tsize mismatch for model.model.3.0.conv2.weight: copying a param with shape torch.Size([128, 128, 3, 3]) from checkpoint, the shape in current model is torch.Size([64, 64, 3, 3]).\n\tsize mismatch for model.model.3.0.bn2.weight: copying a param with shape torch.Size([128]) from checkpoint, the shape in current model is torch.Size([64]).\n\tsize mismatch for model.model.3.0.bn2.bias: copying a param with shape torch.Size([128]) from checkpoint, the shape in current model is torch.Size([64]).\n\tsize mismatch for model.model.3.0.bn2.running_mean: copying a param with shape torch.Size([128]) from checkpoint, the shape in current model is torch.Size([64]).\n\tsize mismatch for model.model.3.0.bn2.running_var: copying a param with shape torch.Size([128]) from checkpoint, the shape in current model is torch.Size([64]).\n\tsize mismatch for model.model.3.0.bn3.weight: copying a param with shape torch.Size([512]) from checkpoint, the shape in current model is torch.Size([256]).\n\tsize mismatch for model.model.3.0.bn3.bias: copying a param with shape torch.Size([512]) from checkpoint, the shape in current model is torch.Size([256]).\n\tsize mismatch for model.model.3.0.bn3.running_mean: copying a param with shape torch.Size([512]) from checkpoint, the shape in current model is torch.Size([256]).\n\tsize mismatch for model.model.3.0.bn3.running_var: copying a param with shape torch.Size([512]) from checkpoint, the shape in current model is torch.Size([256]).\n\tsize mismatch for model.model.3.0.shortcut.1.weight: copying a param with shape torch.Size([512, 256, 1, 1]) from checkpoint, the shape in current model is torch.Size([256]).\n\tsize mismatch for model.model.3.1.conv1.weight: copying a param with shape torch.Size([128, 512, 1, 1]) from checkpoint, the shape in current model is torch.Size([64, 256, 1, 1]).\n\tsize mismatch for model.model.3.1.bn1.weight: copying a param with shape torch.Size([128]) from checkpoint, the shape in current model is torch.Size([64]).\n\tsize mismatch for model.model.3.1.bn1.bias: copying a param with shape torch.Size([128]) from checkpoint, the shape in current model is torch.Size([64]).\n\tsize mismatch for model.model.3.1.bn1.running_mean: copying a param with shape torch.Size([128]) from checkpoint, the shape in current model is torch.Size([64]).\n\tsize mismatch for model.model.3.1.bn1.running_var: copying a param with shape torch.Size([128]) from checkpoint, the shape in current model is torch.Size([64]).\n\tsize mismatch for model.model.3.1.conv2.weight: copying a param with shape torch.Size([128, 128, 3, 3]) from checkpoint, the shape in current model is torch.Size([64, 64, 3, 3]).\n\tsize mismatch for model.model.3.1.bn2.weight: copying a param with shape torch.Size([128]) from checkpoint, the shape in current model is torch.Size([64]).\n\tsize mismatch for model.model.3.1.bn2.bias: copying a param with shape torch.Size([128]) from checkpoint, the shape in current model is torch.Size([64]).\n\tsize mismatch for model.model.3.1.bn2.running_mean: copying a param with shape torch.Size([128]) from checkpoint, the shape in current model is torch.Size([64]).\n\tsize mismatch for model.model.3.1.bn2.running_var: copying a param with shape torch.Size([128]) from checkpoint, the shape in current model is torch.Size([64]).\n\tsize mismatch for model.model.3.1.conv3.weight: copying a param with shape torch.Size([512, 128, 1, 1]) from checkpoint, the shape in current model is torch.Size([256, 64, 1, 1]).\n\tsize mismatch for model.model.3.1.bn3.weight: copying a param with shape torch.Size([512]) from checkpoint, the shape in current model is torch.Size([256]).\n\tsize mismatch for model.model.3.1.bn3.bias: copying a param with shape torch.Size([512]) from checkpoint, the shape in current model is torch.Size([256]).\n\tsize mismatch for model.model.3.1.bn3.running_mean: copying a param with shape torch.Size([512]) from checkpoint, the shape in current model is torch.Size([256]).\n\tsize mismatch for model.model.3.1.bn3.running_var: copying a param with shape torch.Size([512]) from checkpoint, the shape in current model is torch.Size([256]).\n\tsize mismatch for model.model.3.2.conv1.weight: copying a param with shape torch.Size([128, 512, 1, 1]) from checkpoint, the shape in current model is torch.Size([64, 256, 1, 1]).\n\tsize mismatch for model.model.3.2.bn1.weight: copying a param with shape torch.Size([128]) from checkpoint, the shape in current model is torch.Size([64]).\n\tsize mismatch for model.model.3.2.bn1.bias: copying a param with shape torch.Size([128]) from checkpoint, the shape in current model is torch.Size([64]).\n\tsize mismatch for model.model.3.2.bn1.running_mean: copying a param with shape torch.Size([128]) from checkpoint, the shape in current model is torch.Size([64]).\n\tsize mismatch for model.model.3.2.bn1.running_var: copying a param with shape torch.Size([128]) from checkpoint, the shape in current model is torch.Size([64]).\n\tsize mismatch for model.model.3.2.conv2.weight: copying a param with shape torch.Size([128, 128, 3, 3]) from checkpoint, the shape in current model is torch.Size([64, 64, 3, 3]).\n\tsize mismatch for model.model.3.2.bn2.weight: copying a param with shape torch.Size([128]) from checkpoint, the shape in current model is torch.Size([64]).\n\tsize mismatch for model.model.3.2.bn2.bias: copying a param with shape torch.Size([128]) from checkpoint, the shape in current model is torch.Size([64]).\n\tsize mismatch for model.model.3.2.bn2.running_mean: copying a param with shape torch.Size([128]) from checkpoint, the shape in current model is torch.Size([64]).\n\tsize mismatch for model.model.3.2.bn2.running_var: copying a param with shape torch.Size([128]) from checkpoint, the shape in current model is torch.Size([64]).\n\tsize mismatch for model.model.3.2.conv3.weight: copying a param with shape torch.Size([512, 128, 1, 1]) from checkpoint, the shape in current model is torch.Size([256, 64, 1, 1]).\n\tsize mismatch for model.model.3.2.bn3.weight: copying a param with shape torch.Size([512]) from checkpoint, the shape in current model is torch.Size([256]).\n\tsize mismatch for model.model.3.2.bn3.bias: copying a param with shape torch.Size([512]) from checkpoint, the shape in current model is torch.Size([256]).\n\tsize mismatch for model.model.3.2.bn3.running_mean: copying a param with shape torch.Size([512]) from checkpoint, the shape in current model is torch.Size([256]).\n\tsize mismatch for model.model.3.2.bn3.running_var: copying a param with shape torch.Size([512]) from checkpoint, the shape in current model is torch.Size([256]).\n\tsize mismatch for model.model.4.0.conv1.weight: copying a param with shape torch.Size([256, 512, 1, 1]) from checkpoint, the shape in current model is torch.Size([128, 256, 1, 1]).\n\tsize mismatch for model.model.4.0.bn1.weight: copying a param with shape torch.Size([256]) from checkpoint, the shape in current model is torch.Size([128]).\n\tsize mismatch for model.model.4.0.bn1.bias: copying a param with shape torch.Size([256]) from checkpoint, the shape in current model is torch.Size([128]).\n\tsize mismatch for model.model.4.0.bn1.running_mean: copying a param with shape torch.Size([256]) from checkpoint, the shape in current model is torch.Size([128]).\n\tsize mismatch for model.model.4.0.bn1.running_var: copying a param with shape torch.Size([256]) from checkpoint, the shape in current model is torch.Size([128]).\n\tsize mismatch for model.model.4.0.conv2.weight: copying a param with shape torch.Size([256, 256, 3, 3]) from checkpoint, the shape in current model is torch.Size([128, 128, 3, 3]).\n\tsize mismatch for model.model.4.0.bn2.weight: copying a param with shape torch.Size([256]) from checkpoint, the shape in current model is torch.Size([128]).\n\tsize mismatch for model.model.4.0.bn2.bias: copying a param with shape torch.Size([256]) from checkpoint, the shape in current model is torch.Size([128]).\n\tsize mismatch for model.model.4.0.bn2.running_mean: copying a param with shape torch.Size([256]) from checkpoint, the shape in current model is torch.Size([128]).\n\tsize mismatch for model.model.4.0.bn2.running_var: copying a param with shape torch.Size([256]) from checkpoint, the shape in current model is torch.Size([128]).\n\tsize mismatch for model.model.4.0.conv3.1.weight: copying a param with shape torch.Size([1024, 256, 1, 1]) from checkpoint, the shape in current model is torch.Size([512, 128, 1, 1]).\n\tsize mismatch for model.model.4.0.bn3.weight: copying a param with shape torch.Size([1024]) from checkpoint, the shape in current model is torch.Size([512]).\n\tsize mismatch for model.model.4.0.bn3.bias: copying a param with shape torch.Size([1024]) from checkpoint, the shape in current model is torch.Size([512]).\n\tsize mismatch for model.model.4.0.bn3.running_mean: copying a param with shape torch.Size([1024]) from checkpoint, the shape in current model is torch.Size([512]).\n\tsize mismatch for model.model.4.0.bn3.running_var: copying a param with shape torch.Size([1024]) from checkpoint, the shape in current model is torch.Size([512]).\n\tsize mismatch for model.model.4.0.shortcut.1.weight: copying a param with shape torch.Size([1024, 512, 1, 1]) from checkpoint, the shape in current model is torch.Size([512, 256, 1, 1]).\n\tsize mismatch for model.model.4.0.shortcut.2.weight: copying a param with shape torch.Size([1024]) from checkpoint, the shape in current model is torch.Size([512]).\n\tsize mismatch for model.model.4.0.shortcut.2.bias: copying a param with shape torch.Size([1024]) from checkpoint, the shape in current model is torch.Size([512]).\n\tsize mismatch for model.model.4.0.shortcut.2.running_mean: copying a param with shape torch.Size([1024]) from checkpoint, the shape in current model is torch.Size([512]).\n\tsize mismatch for model.model.4.0.shortcut.2.running_var: copying a param with shape torch.Size([1024]) from checkpoint, the shape in current model is torch.Size([512]).\n\tsize mismatch for model.model.4.1.conv1.weight: copying a param with shape torch.Size([256, 1024, 1, 1]) from checkpoint, the shape in current model is torch.Size([128, 512, 1, 1]).\n\tsize mismatch for model.model.4.1.bn1.weight: copying a param with shape torch.Size([256]) from checkpoint, the shape in current model is torch.Size([128]).\n\tsize mismatch for model.model.4.1.bn1.bias: copying a param with shape torch.Size([256]) from checkpoint, the shape in current model is torch.Size([128]).\n\tsize mismatch for model.model.4.1.bn1.running_mean: copying a param with shape torch.Size([256]) from checkpoint, the shape in current model is torch.Size([128]).\n\tsize mismatch for model.model.4.1.bn1.running_var: copying a param with shape torch.Size([256]) from checkpoint, the shape in current model is torch.Size([128]).\n\tsize mismatch for model.model.4.1.conv2.weight: copying a param with shape torch.Size([256, 256, 3, 3]) from checkpoint, the shape in current model is torch.Size([128, 128, 3, 3]).\n\tsize mismatch for model.model.4.1.bn2.weight: copying a param with shape torch.Size([256]) from checkpoint, the shape in current model is torch.Size([128]).\n\tsize mismatch for model.model.4.1.bn2.bias: copying a param with shape torch.Size([256]) from checkpoint, the shape in current model is torch.Size([128]).\n\tsize mismatch for model.model.4.1.bn2.running_mean: copying a param with shape torch.Size([256]) from checkpoint, the shape in current model is torch.Size([128]).\n\tsize mismatch for model.model.4.1.bn2.running_var: copying a param with shape torch.Size([256]) from checkpoint, the shape in current model is torch.Size([128]).\n\tsize mismatch for model.model.4.1.conv3.weight: copying a param with shape torch.Size([1024, 256, 1, 1]) from checkpoint, the shape in current model is torch.Size([512, 128, 1, 1]).\n\tsize mismatch for model.model.4.1.bn3.weight: copying a param with shape torch.Size([1024]) from checkpoint, the shape in current model is torch.Size([512]).\n\tsize mismatch for model.model.4.1.bn3.bias: copying a param with shape torch.Size([1024]) from checkpoint, the shape in current model is torch.Size([512]).\n\tsize mismatch for model.model.4.1.bn3.running_mean: copying a param with shape torch.Size([1024]) from checkpoint, the shape in current model is torch.Size([512]).\n\tsize mismatch for model.model.4.1.bn3.running_var: copying a param with shape torch.Size([1024]) from checkpoint, the shape in current model is torch.Size([512]).\n\tsize mismatch for model.model.4.2.conv1.weight: copying a param with shape torch.Size([256, 1024, 1, 1]) from checkpoint, the shape in current model is torch.Size([128, 512, 1, 1]).\n\tsize mismatch for model.model.4.2.bn1.weight: copying a param with shape torch.Size([256]) from checkpoint, the shape in current model is torch.Size([128]).\n\tsize mismatch for model.model.4.2.bn1.bias: copying a param with shape torch.Size([256]) from checkpoint, the shape in current model is torch.Size([128]).\n\tsize mismatch for model.model.4.2.bn1.running_mean: copying a param with shape torch.Size([256]) from checkpoint, the shape in current model is torch.Size([128]).\n\tsize mismatch for model.model.4.2.bn1.running_var: copying a param with shape torch.Size([256]) from checkpoint, the shape in current model is torch.Size([128]).\n\tsize mismatch for model.model.4.2.conv2.weight: copying a param with shape torch.Size([256, 256, 3, 3]) from checkpoint, the shape in current model is torch.Size([128, 128, 3, 3]).\n\tsize mismatch for model.model.4.2.bn2.weight: copying a param with shape torch.Size([256]) from checkpoint, the shape in current model is torch.Size([128]).\n\tsize mismatch for model.model.4.2.bn2.bias: copying a param with shape torch.Size([256]) from checkpoint, the shape in current model is torch.Size([128]).\n\tsize mismatch for model.model.4.2.bn2.running_mean: copying a param with shape torch.Size([256]) from checkpoint, the shape in current model is torch.Size([128]).\n\tsize mismatch for model.model.4.2.bn2.running_var: copying a param with shape torch.Size([256]) from checkpoint, the shape in current model is torch.Size([128]).\n\tsize mismatch for model.model.4.2.conv3.weight: copying a param with shape torch.Size([1024, 256, 1, 1]) from checkpoint, the shape in current model is torch.Size([512, 128, 1, 1]).\n\tsize mismatch for model.model.4.2.bn3.weight: copying a param with shape torch.Size([1024]) from checkpoint, the shape in current model is torch.Size([512]).\n\tsize mismatch for model.model.4.2.bn3.bias: copying a param with shape torch.Size([1024]) from checkpoint, the shape in current model is torch.Size([512]).\n\tsize mismatch for model.model.4.2.bn3.running_mean: copying a param with shape torch.Size([1024]) from checkpoint, the shape in current model is torch.Size([512]).\n\tsize mismatch for model.model.4.2.bn3.running_var: copying a param with shape torch.Size([1024]) from checkpoint, the shape in current model is torch.Size([512]).\n\tsize mismatch for model.model.4.3.conv1.weight: copying a param with shape torch.Size([256, 1024, 1, 1]) from checkpoint, the shape in current model is torch.Size([128, 512, 1, 1]).\n\tsize mismatch for model.model.4.3.bn1.weight: copying a param with shape torch.Size([256]) from checkpoint, the shape in current model is torch.Size([128]).\n\tsize mismatch for model.model.4.3.bn1.bias: copying a param with shape torch.Size([256]) from checkpoint, the shape in current model is torch.Size([128]).\n\tsize mismatch for model.model.4.3.bn1.running_mean: copying a param with shape torch.Size([256]) from checkpoint, the shape in current model is torch.Size([128]).\n\tsize mismatch for model.model.4.3.bn1.running_var: copying a param with shape torch.Size([256]) from checkpoint, the shape in current model is torch.Size([128]).\n\tsize mismatch for model.model.4.3.conv2.weight: copying a param with shape torch.Size([256, 256, 3, 3]) from checkpoint, the shape in current model is torch.Size([128, 128, 3, 3]).\n\tsize mismatch for model.model.4.3.bn2.weight: copying a param with shape torch.Size([256]) from checkpoint, the shape in current model is torch.Size([128]).\n\tsize mismatch for model.model.4.3.bn2.bias: copying a param with shape torch.Size([256]) from checkpoint, the shape in current model is torch.Size([128]).\n\tsize mismatch for model.model.4.3.bn2.running_mean: copying a param with shape torch.Size([256]) from checkpoint, the shape in current model is torch.Size([128]).\n\tsize mismatch for model.model.4.3.bn2.running_var: copying a param with shape torch.Size([256]) from checkpoint, the shape in current model is torch.Size([128]).\n\tsize mismatch for model.model.4.3.conv3.weight: copying a param with shape torch.Size([1024, 256, 1, 1]) from checkpoint, the shape in current model is torch.Size([512, 128, 1, 1]).\n\tsize mismatch for model.model.4.3.bn3.weight: copying a param with shape torch.Size([1024]) from checkpoint, the shape in current model is torch.Size([512]).\n\tsize mismatch for model.model.4.3.bn3.bias: copying a param with shape torch.Size([1024]) from checkpoint, the shape in current model is torch.Size([512]).\n\tsize mismatch for model.model.4.3.bn3.running_mean: copying a param with shape torch.Size([1024]) from checkpoint, the shape in current model is torch.Size([512]).\n\tsize mismatch for model.model.4.3.bn3.running_var: copying a param with shape torch.Size([1024]) from checkpoint, the shape in current model is torch.Size([512]).\n\tsize mismatch for model.model.5.0.conv1.weight: copying a param with shape torch.Size([512, 1024, 1, 1]) from checkpoint, the shape in current model is torch.Size([256, 512, 1, 1]).\n\tsize mismatch for model.model.5.0.bn1.weight: copying a param with shape torch.Size([512]) from checkpoint, the shape in current model is torch.Size([256]).\n\tsize mismatch for model.model.5.0.bn1.bias: copying a param with shape torch.Size([512]) from checkpoint, the shape in current model is torch.Size([256]).\n\tsize mismatch for model.model.5.0.bn1.running_mean: copying a param with shape torch.Size([512]) from checkpoint, the shape in current model is torch.Size([256]).\n\tsize mismatch for model.model.5.0.bn1.running_var: copying a param with shape torch.Size([512]) from checkpoint, the shape in current model is torch.Size([256]).\n\tsize mismatch for model.model.5.0.conv2.weight: copying a param with shape torch.Size([512, 512, 3, 3]) from checkpoint, the shape in current model is torch.Size([256, 256, 3, 3]).\n\tsize mismatch for model.model.5.0.bn2.weight: copying a param with shape torch.Size([512]) from checkpoint, the shape in current model is torch.Size([256]).\n\tsize mismatch for model.model.5.0.bn2.bias: copying a param with shape torch.Size([512]) from checkpoint, the shape in current model is torch.Size([256]).\n\tsize mismatch for model.model.5.0.bn2.running_mean: copying a param with shape torch.Size([512]) from checkpoint, the shape in current model is torch.Size([256]).\n\tsize mismatch for model.model.5.0.bn2.running_var: copying a param with shape torch.Size([512]) from checkpoint, the shape in current model is torch.Size([256]).\n\tsize mismatch for model.model.5.0.conv3.1.weight: copying a param with shape torch.Size([2048, 512, 1, 1]) from checkpoint, the shape in current model is torch.Size([1024, 256, 1, 1]).\n\tsize mismatch for model.model.5.0.bn3.weight: copying a param with shape torch.Size([2048]) from checkpoint, the shape in current model is torch.Size([1024]).\n\tsize mismatch for model.model.5.0.bn3.bias: copying a param with shape torch.Size([2048]) from checkpoint, the shape in current model is torch.Size([1024]).\n\tsize mismatch for model.model.5.0.bn3.running_mean: copying a param with shape torch.Size([2048]) from checkpoint, the shape in current model is torch.Size([1024]).\n\tsize mismatch for model.model.5.0.bn3.running_var: copying a param with shape torch.Size([2048]) from checkpoint, the shape in current model is torch.Size([1024]).\n\tsize mismatch for model.model.5.0.shortcut.1.weight: copying a param with shape torch.Size([2048, 1024, 1, 1]) from checkpoint, the shape in current model is torch.Size([1024, 512, 1, 1]).\n\tsize mismatch for model.model.5.0.shortcut.2.weight: copying a param with shape torch.Size([2048]) from checkpoint, the shape in current model is torch.Size([1024]).\n\tsize mismatch for model.model.5.0.shortcut.2.bias: copying a param with shape torch.Size([2048]) from checkpoint, the shape in current model is torch.Size([1024]).\n\tsize mismatch for model.model.5.0.shortcut.2.running_mean: copying a param with shape torch.Size([2048]) from checkpoint, the shape in current model is torch.Size([1024]).\n\tsize mismatch for model.model.5.0.shortcut.2.running_var: copying a param with shape torch.Size([2048]) from checkpoint, the shape in current model is torch.Size([1024]).\n\tsize mismatch for model.model.5.1.conv1.weight: copying a param with shape torch.Size([512, 2048, 1, 1]) from checkpoint, the shape in current model is torch.Size([256, 1024, 1, 1]).\n\tsize mismatch for model.model.5.1.bn1.weight: copying a param with shape torch.Size([512]) from checkpoint, the shape in current model is torch.Size([256]).\n\tsize mismatch for model.model.5.1.bn1.bias: copying a param with shape torch.Size([512]) from checkpoint, the shape in current model is torch.Size([256]).\n\tsize mismatch for model.model.5.1.bn1.running_mean: copying a param with shape torch.Size([512]) from checkpoint, the shape in current model is torch.Size([256]).\n\tsize mismatch for model.model.5.1.bn1.running_var: copying a param with shape torch.Size([512]) from checkpoint, the shape in current model is torch.Size([256]).\n\tsize mismatch for model.model.5.1.conv2.weight: copying a param with shape torch.Size([512, 512, 3, 3]) from checkpoint, the shape in current model is torch.Size([256, 256, 3, 3]).\n\tsize mismatch for model.model.5.1.bn2.weight: copying a param with shape torch.Size([512]) from checkpoint, the shape in current model is torch.Size([256]).\n\tsize mismatch for model.model.5.1.bn2.bias: copying a param with shape torch.Size([512]) from checkpoint, the shape in current model is torch.Size([256]).\n\tsize mismatch for model.model.5.1.bn2.running_mean: copying a param with shape torch.Size([512]) from checkpoint, the shape in current model is torch.Size([256]).\n\tsize mismatch for model.model.5.1.bn2.running_var: copying a param with shape torch.Size([512]) from checkpoint, the shape in current model is torch.Size([256]).\n\tsize mismatch for model.model.5.1.conv3.weight: copying a param with shape torch.Size([2048, 512, 1, 1]) from checkpoint, the shape in current model is torch.Size([1024, 256, 1, 1]).\n\tsize mismatch for model.model.5.1.bn3.weight: copying a param with shape torch.Size([2048]) from checkpoint, the shape in current model is torch.Size([1024]).\n\tsize mismatch for model.model.5.1.bn3.bias: copying a param with shape torch.Size([2048]) from checkpoint, the shape in current model is torch.Size([1024]).\n\tsize mismatch for model.model.5.1.bn3.running_mean: copying a param with shape torch.Size([2048]) from checkpoint, the shape in current model is torch.Size([1024]).\n\tsize mismatch for model.model.5.1.bn3.running_var: copying a param with shape torch.Size([2048]) from checkpoint, the shape in current model is torch.Size([1024]).\n\tsize mismatch for model.model.5.2.conv1.weight: copying a param with shape torch.Size([512, 2048, 1, 1]) from checkpoint, the shape in current model is torch.Size([256, 1024, 1, 1]).\n\tsize mismatch for model.model.5.2.bn1.weight: copying a param with shape torch.Size([512]) from checkpoint, the shape in current model is torch.Size([256]).\n\tsize mismatch for model.model.5.2.bn1.bias: copying a param with shape torch.Size([512]) from checkpoint, the shape in current model is torch.Size([256]).\n\tsize mismatch for model.model.5.2.bn1.running_mean: copying a param with shape torch.Size([512]) from checkpoint, the shape in current model is torch.Size([256]).\n\tsize mismatch for model.model.5.2.bn1.running_var: copying a param with shape torch.Size([512]) from checkpoint, the shape in current model is torch.Size([256]).\n\tsize mismatch for model.model.5.2.conv2.weight: copying a param with shape torch.Size([512, 512, 3, 3]) from checkpoint, the shape in current model is torch.Size([256, 256, 3, 3]).\n\tsize mismatch for model.model.5.2.bn2.weight: copying a param with shape torch.Size([512]) from checkpoint, the shape in current model is torch.Size([256]).\n\tsize mismatch for model.model.5.2.bn2.bias: copying a param with shape torch.Size([512]) from checkpoint, the shape in current model is torch.Size([256]).\n\tsize mismatch for model.model.5.2.bn2.running_mean: copying a param with shape torch.Size([512]) from checkpoint, the shape in current model is torch.Size([256]).\n\tsize mismatch for model.model.5.2.bn2.running_var: copying a param with shape torch.Size([512]) from checkpoint, the shape in current model is torch.Size([256]).\n\tsize mismatch for model.model.5.2.conv3.weight: copying a param with shape torch.Size([2048, 512, 1, 1]) from checkpoint, the shape in current model is torch.Size([1024, 256, 1, 1]).\n\tsize mismatch for model.model.5.2.bn3.weight: copying a param with shape torch.Size([2048]) from checkpoint, the shape in current model is torch.Size([1024]).\n\tsize mismatch for model.model.5.2.bn3.bias: copying a param with shape torch.Size([2048]) from checkpoint, the shape in current model is torch.Size([1024]).\n\tsize mismatch for model.model.5.2.bn3.running_mean: copying a param with shape torch.Size([2048]) from checkpoint, the shape in current model is torch.Size([1024]).\n\tsize mismatch for model.model.5.2.bn3.running_var: copying a param with shape torch.Size([2048]) from checkpoint, the shape in current model is torch.Size([1024]).\nbackbone/stripped_for_backbone/strict=True: Error(s) in loading state_dict for LipReg_aa:\n\tMissing key(s) in state_dict: ""model.3.0.conv3.weight"", ""model.3.0.shortcut.0.weight"", ""model.3.0.shortcut.1.bias"", ""model.3.0.shortcut.1.running_mean"", ""model.3.0.shortcut.1.running_var"", ""model.5.3.conv1.weight"", ""model.5.3.bn1.weight"", ""model.5.3.bn1.bias"", ""model.5.3.bn1.running_mean"", ""model.5.3.bn1.running_var"", ""model.5.3.conv2.weight"", ""model.5.3.bn2.weight"", ""model.5.3.bn2.bias"", ""model.5.3.bn2.running_mean"", ""model.5.3.bn2.running_var"", ""model.5.3.conv3.weight"", ""model.5.3.bn3.weight"", ""model.5.3.bn3.bias"", ""model.5.3.bn3.running_mean"", ""model.5.3.bn3.running_var"", ""model.5.4.conv1.weight"", ""model.5.4.bn1.weight"", ""model.5.4.bn1.bias"", ""model.5.4.bn1.running_mean"", ""model.5.4.bn1.running_var"", ""model.5.4.conv2.weight"", ""model.5.4.bn2.weight"", ""model.5.4.bn2.bias"", ""model.5.4.bn2.running_mean"", ""model.5.4.bn2.running_var"", ""model.5.4.conv3.weight"", ""model.5.4.bn3.weight"", ""model.5.4.bn3.bias"", ""model.5.4.bn3.running_mean"", ""model.5.4.bn3.running_var"", ""model.5.5.conv1.weight"", ""model.5.5.bn1.weight"", ""model.5.5.bn1.bias"", ""model.5.5.bn1.running_mean"", ""model.5.5.bn1.running_var"", ""model.5.5.conv2.weight"", ""model.5.5.bn2.weight"", ""model.5.5.bn2.bias"", ""model.5.5.bn2.running_mean"", ""model.5.5.bn2.running_var"", ""model.5.5.conv3.weight"", ""model.5.5.bn3.weight"", ""model.5.5.bn3.bias"", ""model.5.5.bn3.running_mean"", ""model.5.5.bn3.running_var"", ""model.6.0.conv1.weight"", ""model.6.0.bn1.weight"", ""model.6.0.bn1.bias"", ""model.6.0.bn1.running_mean"", ""model.6.0.bn1.running_var"", ""model.6.0.conv2.weight"", ""model.6.0.bn2.weight"", ""model.6.0.bn2.bias"", ""model.6.0.bn2.running_mean"", ""model.6.0.bn2.running_var"", ""model.6.0.conv3.0.w"", ""model.6.0.conv3.1.weight"", ""model.6.0.bn3.weight"", ""model.6.0.bn3.bias"", ""model.6.0.bn3.running_mean"", ""model.6.0.bn3.running_var"", ""model.6.0.shortcut.0.w"", ""model.6.0.shortcut.1.weight"", ""model.6.0.shortcut.2.weight"", ""model.6.0.shortcut.2.bias"", ""model.6.0.shortcut.2.running_mean"", ""model.6.0.shortcut.2.running_var"", ""model.6.1.conv1.weight"", ""model.6.1.bn1.weight"", ""model.6.1.bn1.bias"", ""model.6.1.bn1.running_mean"", ""model.6.1.bn1.running_var"", ""model.6.1.conv2.weight"", ""model.6.1.bn2.weight"", ""model.6.1.bn2.bias"", ""model.6.1.bn2.running_mean"", ""model.6.1.bn2.running_var"", ""model.6.1.conv3.weight"", ""model.6.1.bn3.weight"", ""model.6.1.bn3.bias"", ""model.6.1.bn3.running_mean"", ""model.6.1.bn3.running_var"", ""model.6.2.conv1.weight"", ""model.6.2.bn1.weight"", ""model.6.2.bn1.bias"", ""model.6.2.bn1.running_mean"", ""model.6.2.bn1.running_var"", ""model.6.2.conv2.weight"", ""model.6.2.bn2.weight"", ""model.6.2.bn2.bias"", ""model.6.2.bn2.running_mean"", ""model.6.2.bn2.running_var"", ""model.6.2.conv3.weight"", ""model.6.2.bn3.weight"", ""model.6.2.bn3.bias"", ""model.6.2.bn3.running_mean"", ""model.6.2.bn3.running_var"". \n\tUnexpected key(s) in state_dict: ""model.2.0.conv1.weight"", ""model.2.0.bn1.weight"", ""model.2.0.bn1.bias"", ""model.2.0.bn1.running_mean"", ""model.2.0.bn1.running_var"", ""model.2.0.bn1.num_batches_tracked"", ""model.2.0.conv2.weight"", ""model.2.0.bn2.weight"", ""model.2.0.bn2.bias"", ""model.2.0.bn2.running_mean"", ""model.2.0.bn2.running_var"", ""model.2.0.bn2.num_batches_tracked"", ""model.2.0.conv3.weight"", ""model.2.0.bn3.weight"", ""model.2.0.bn3.bias"", ""model.2.0.bn3.running_mean"", ""model.2.0.bn3.running_var"", ""model.2.0.bn3.num_batches_tracked"", ""model.2.0.shortcut.0.weight"", ""model.2.0.shortcut.1.weight"", ""model.2.0.shortcut.1.bias"", ""model.2.0.shortcut.1.running_mean"", ""model.2.0.shortcut.1.running_var"", ""model.2.0.shortcut.1.num_batches_tracked"", ""model.2.1.conv1.weight"", ""model.2.1.bn1.weight"", ""model.2.1.bn1.bias"", ""model.2.1.bn1.running_mean"", ""model.2.1.bn1.running_var"", ""model.2.1.bn1.num_batches_tracked"", ""model.2.1.conv2.weight"", ""model.2.1.bn2.weight"", ""model.2.1.bn2.bias"", ""model.2.1.bn2.running_mean"", ""model.2.1.bn2.running_var"", ""model.2.1.bn2.num_batches_tracked"", ""model.2.1.conv3.weight"", ""model.2.1.bn3.weight"", ""model.2.1.bn3.bias"", ""model.2.1.bn3.running_mean"", ""model.2.1.bn3.running_var"", ""model.2.1.bn3.num_batches_tracked"", ""model.2.2.conv1.weight"", ""model.2.2.bn1.weight"", ""model.2.2.bn1.bias"", ""model.2.2.bn1.running_mean"", ""model.2.2.bn1.running_var"", ""model.2.2.bn1.num_batches_tracked"", ""model.2.2.conv2.weight"", ""model.2.2.bn2.weight"", ""model.2.2.bn2.bias"", ""model.2.2.bn2.running_mean"", ""model.2.2.bn2.running_var"", ""model.2.2.bn2.num_batches_tracked"", ""model.2.2.conv3.weight"", ""model.2.2.bn3.weight"", ""model.2.2.bn3.bias"", ""model.2.2.bn3.running_mean"", ""model.2.2.bn3.running_var"", ""model.2.2.bn3.num_batches_tracked"", ""model.3.3.conv1.weight"", ""model.3.3.bn1.weight"", ""model.3.3.bn1.bias"", ""model.3.3.bn1.running_mean"", ""model.3.3.bn1.running_var"", ""model.3.3.bn1.num_batches_tracked"", ""model.3.3.conv2.weight"", ""model.3.3.bn2.weight"", ""model.3.3.bn2.bias"", ""model.3.3.bn2.running_mean"", ""model.3.3.bn2.running_var"", ""model.3.3.bn2.num_batches_tracked"", ""model.3.3.conv3.weight"", ""model.3.3.bn3.weight"", ""model.3.3.bn3.bias"", ""model.3.3.bn3.running_mean"", ""model.3.3.bn3.running_var"", ""model.3.3.bn3.num_batches_tracked"", ""model.3.0.conv3.0.w"", ""model.3.0.conv3.1.weight"", ""model.3.0.shortcut.2.weight"", ""model.3.0.shortcut.2.bias"", ""model.3.0.shortcut.2.running_mean"", ""model.3.0.shortcut.2.running_var"", ""model.3.0.shortcut.2.num_batches_tracked"", ""model.3.0.shortcut.0.w"", ""model.4.4.conv1.weight"", ""model.4.4.bn1.weight"", ""model.4.4.bn1.bias"", ""model.4.4.bn1.running_mean"", ""model.4.4.bn1.running_var"", ""model.4.4.bn1.num_batches_tracked"", ""model.4.4.conv2.weight"", ""model.4.4.bn2.weight"", ""model.4.4.bn2.bias"", ""model.4.4.bn2.running_mean"", ""model.4.4.bn2.running_var"", ""model.4.4.bn2.num_batches_tracked"", ""model.4.4.conv3.weight"", ""model.4.4.bn3.weight"", ""model.4.4.bn3.bias"", ""model.4.4.bn3.running_mean"", ""model.4.4.bn3.running_var"", ""model.4.4.bn3.num_batches_tracked"", ""model.4.5.conv1.weight"", ""model.4.5.bn1.weight"", ""model.4.5.bn1.bias"", ""model.4.5.bn1.running_mean"", ""model.4.5.bn1.running_var"", ""model.4.5.bn1.num_batches_tracked"", ""model.4.5.conv2.weight"", ""model.4.5.bn2.weight"", ""model.4.5.bn2.bias"", ""model.4.5.bn2.running_mean"", ""model.4.5.bn2.running_var"", ""model.4.5.bn2.num_batches_tracked"", ""model.4.5.conv3.weight"", ""model.4.5.bn3.weight"", ""model.4.5.bn3.bias"", ""model.4.5.bn3.running_mean"", ""model.4.5.bn3.running_var"", ""model.4.5.bn3.num_batches_tracked"". \n\tsize mismatch for model.3.0.conv1.weight: copying a param with shape torch.Size([128, 256, 1, 1]) from checkpoint, the shape in current model is torch.Size([64, 64, 1, 1]).\n\tsize mismatch for model.3.0.bn1.weight: copying a param with shape torch.Size([128]) from checkpoint, the shape in current model is torch.Size([64]).\n\tsize mismatch for model.3.0.bn1.bias: copying a param with shape torch.Size([128]) from checkpoint, the shape in current model is torch.Size([64]).\n\tsize mismatch for model.3.0.bn1.running_mean: copying a param with shape torch.Size([128]) from checkpoint, the shape in current model is torch.Size([64]).\n\tsize mismatch for model.3.0.bn1.running_var: copying a param with shape torch.Size([128]) from checkpoint, the shape in current model is torch.Size([64]).\n\tsize mismatch for model.3.0.conv2.weight: copying a param with shape torch.Size([128, 128, 3, 3]) from checkpoint, the shape in current model is torch.Size([64, 64, 3, 3]).\n\tsize mismatch for model.3.0.bn2.weight: copying a param with shape torch.Size([128]) from checkpoint, the shape in current model is torch.Size([64]).\n\tsize mismatch for model.3.0.bn2.bias: copying a param with shape torch.Size([128]) from checkpoint, the shape in current model is torch.Size([64]).\n\tsize mismatch for model.3.0.bn2.running_mean: copying a param with shape torch.Size([128]) from checkpoint, the shape in current model is torch.Size([64]).\n\tsize mismatch for model.3.0.bn2.running_var: copying a param with shape torch.Size([128]) from checkpoint, the shape in current model is torch.Size([64]).\n\tsize mismatch for model.3.0.bn3.weight: copying a param with shape torch.Size([512]) from checkpoint, the shape in current model is torch.Size([256]).\n\tsize mismatch for model.3.0.bn3.bias: copying a param with shape torch.Size([512]) from checkpoint, the shape in current model is torch.Size([256]).\n\tsize mismatch for model.3.0.bn3.running_mean: copying a param with shape torch.Size([512]) from checkpoint, the shape in current model is torch.Size([256]).\n\tsize mismatch for model.3.0.bn3.running_var: copying a param with shape torch.Size([512]) from checkpoint, the shape in current model is torch.Size([256]).\n\tsize mismatch for model.3.0.shortcut.1.weight: copying a param with shape torch.Size([512, 256, 1, 1]) from checkpoint, the shape in current model is torch.Size([256]).\n\tsize mismatch for model.3.1.conv1.weight: copying a param with shape torch.Size([128, 512, 1, 1]) from checkpoint, the shape in current model is torch.Size([64, 256, 1, 1]).\n\tsize mismatch for model.3.1.bn1.weight: copying a param with shape torch.Size([128]) from checkpoint, the shape in current model is torch.Size([64]).\n\tsize mismatch for model.3.1.bn1.bias: copying a param with shape torch.Size([128]) from checkpoint, the shape in current model is torch.Size([64]).\n\tsize mismatch for model.3.1.bn1.running_mean: copying a param with shape torch.Size([128]) from checkpoint, the shape in current model is torch.Size([64]).\n\tsize mismatch for model.3.1.bn1.running_var: copying a param with shape torch.Size([128]) from checkpoint, the shape in current model is torch.Size([64]).\n\tsize mismatch for model.3.1.conv2.weight: copying a param with shape torch.Size([128, 128, 3, 3]) from checkpoint, the shape in current model is torch.Size([64, 64, 3, 3]).\n\tsize mismatch for model.3.1.bn2.weight: copying a param with shape torch.Size([128]) from checkpoint, the shape in current model is torch.Size([64]).\n\tsize mismatch for model.3.1.bn2.bias: copying a param with shape torch.Size([128]) from checkpoint, the shape in current model is torch.Size([64]).\n\tsize mismatch for model.3.1.bn2.running_mean: copying a param with shape torch.Size([128]) from checkpoint, the shape in current model is torch.Size([64]).\n\tsize mismatch for model.3.1.bn2.running_var: copying a param with shape torch.Size([128]) from checkpoint, the shape in current model is torch.Size([64]).\n\tsize mismatch for model.3.1.conv3.weight: copying a param with shape torch.Size([512, 128, 1, 1]) from checkpoint, the shape in current model is torch.Size([256, 64, 1, 1]).\n\tsize mismatch for model.3.1.bn3.weight: copying a param with shape torch.Size([512]) from checkpoint, the shape in current model is torch.Size([256]).\n\tsize mismatch for model.3.1.bn3.bias: copying a param with shape torch.Size([512]) from checkpoint, the shape in current model is torch.Size([256]).\n\tsize mismatch for model.3.1.bn3.running_mean: copying a param with shape torch.Size([512]) from checkpoint, the shape in current model is torch.Size([256]).\n\tsize mismatch for model.3.1.bn3.running_var: copying a param with shape torch.Size([512]) from checkpoint, the shape in current model is torch.Size([256]).\n\tsize mismatch for model.3.2.conv1.weight: copying a param with shape torch.Size([128, 512, 1, 1]) from checkpoint, the shape in current model is torch.Size([64, 256, 1, 1]).\n\tsize mismatch for model.3.2.bn1.weight: copying a param with shape torch.Size([128]) from checkpoint, the shape in current model is torch.Size([64]).\n\tsize mismatch for model.3.2.bn1.bias: copying a param with shape torch.Size([128]) from checkpoint, the shape in current model is torch.Size([64]).\n\tsize mismatch for model.3.2.bn1.running_mean: copying a param with shape torch.Size([128]) from checkpoint, the shape in current model is torch.Size([64]).\n\tsize mismatch for model.3.2.bn1.running_var: copying a param with shape torch.Size([128]) from checkpoint, the shape in current model is torch.Size([64]).\n\tsize mismatch for model.3.2.conv2.weight: copying a param with shape torch.Size([128, 128, 3, 3]) from checkpoint, the shape in current model is torch.Size([64, 64, 3, 3]).\n\tsize mismatch for model.3.2.bn2.weight: copying a param with shape torch.Size([128]) from checkpoint, the shape in current model is torch.Size([64]).\n\tsize mismatch for model.3.2.bn2.bias: copying a param with shape torch.Size([128]) from checkpoint, the shape in current model is torch.Size([64]).\n\tsize mismatch for model.3.2.bn2.running_mean: copying a param with shape torch.Size([128]) from checkpoint, the shape in current model is torch.Size([64]).\n\tsize mismatch for model.3.2.bn2.running_var: copying a param with shape torch.Size([128]) from checkpoint, the shape in current model is torch.Size([64]).\n\tsize mismatch for model.3.2.conv3.weight: copying a param with shape torch.Size([512, 128, 1, 1]) from checkpoint, the shape in current model is torch.Size([256, 64, 1, 1]).\n\tsize mismatch for model.3.2.bn3.weight: copying a param with shape torch.Size([512]) from checkpoint, the shape in current model is torch.Size([256]).\n\tsize mismatch for model.3.2.bn3.bias: copying a param with shape torch.Size([512]) from checkpoint, the shape in current model is torch.Size([256]).\n\tsize mismatch for model.3.2.bn3.running_mean: copying a param with shape torch.Size([512]) from checkpoint, the shape in current model is torch.Size([256]).\n\tsize mismatch for model.3.2.bn3.running_var: copying a param with shape torch.Size([512]) from checkpoint, the shape in current model is torch.Size([256]).\n\tsize mismatch for model.4.0.conv1.weight: copying a param with shape torch.Size([256, 512, 1, 1]) from checkpoint, the shape in current model is torch.Size([128, 256, 1, 1]).\n\tsize mismatch for model.4.0.bn1.weight: copying a param with shape torch.Size([256]) from checkpoint, the shape in current model is torch.Size([128]).\n\tsize mismatch for model.4.0.bn1.bias: copying a param with shape torch.Size([256]) from checkpoint, the shape in current model is torch.Size([128]).\n\tsize mismatch for model.4.0.bn1.running_mean: copying a param with shape torch.Size([256]) from checkpoint, the shape in current model is torch.Size([128]).\n\tsize mismatch for model.4.0.bn1.running_var: copying a param with shape torch.Size([256]) from checkpoint, the shape in current model is torch.Size([128]).\n\tsize mismatch for model.4.0.conv2.weight: copying a param with shape torch.Size([256, 256, 3, 3]) from checkpoint, the shape in current model is torch.Size([128, 128, 3, 3]).\n\tsize mismatch for model.4.0.bn2.weight: copying a param with shape torch.Size([256]) from checkpoint, the shape in current model is torch.Size([128]).\n\tsize mismatch for model.4.0.bn2.bias: copying a param with shape torch.Size([256]) from checkpoint, the shape in current model is torch.Size([128]).\n\tsize mismatch for model.4.0.bn2.running_mean: copying a param with shape torch.Size([256]) from checkpoint, the shape in current model is torch.Size([128]).\n\tsize mismatch for model.4.0.bn2.running_var: copying a param with shape torch.Size([256]) from checkpoint, the shape in current model is torch.Size([128]).\n\tsize mismatch for model.4.0.conv3.1.weight: copying a param with shape torch.Size([1024, 256, 1, 1]) from checkpoint, the shape in current model is torch.Size([512, 128, 1, 1]).\n\tsize mismatch for model.4.0.bn3.weight: copying a param with shape torch.Size([1024]) from checkpoint, the shape in current model is torch.Size([512]).\n\tsize mismatch for model.4.0.bn3.bias: copying a param with shape torch.Size([1024]) from checkpoint, the shape in current model is torch.Size([512]).\n\tsize mismatch for model.4.0.bn3.running_mean: copying a param with shape torch.Size([1024]) from checkpoint, the shape in current model is torch.Size([512]).\n\tsize mismatch for model.4.0.bn3.running_var: copying a param with shape torch.Size([1024]) from checkpoint, the shape in current model is torch.Size([512]).\n\tsize mismatch for model.4.0.shortcut.1.weight: copying a param with shape torch.Size([1024, 512, 1, 1]) from checkpoint, the shape in current model is torch.Size([512, 256, 1, 1]).\n\tsize mismatch for model.4.0.shortcut.2.weight: copying a param with shape torch.Size([1024]) from checkpoint, the shape in current model is torch.Size([512]).\n\tsize mismatch for model.4.0.shortcut.2.bias: copying a param with shape torch.Size([1024]) from checkpoint, the shape in current model is torch.Size([512]).\n\tsize mismatch for model.4.0.shortcut.2.running_mean: copying a param with shape torch.Size([1024]) from checkpoint, the shape in current model is torch.Size([512]).\n\tsize mismatch for model.4.0.shortcut.2.running_var: copying a param with shape torch.Size([1024]) from checkpoint, the shape in current model is torch.Size([512]).\n\tsize mismatch for model.4.1.conv1.weight: copying a param with shape torch.Size([256, 1024, 1, 1]) from checkpoint, the shape in current model is torch.Size([128, 512, 1, 1]).\n\tsize mismatch for model.4.1.bn1.weight: copying a param with shape torch.Size([256]) from checkpoint, the shape in current model is torch.Size([128]).\n\tsize mismatch for model.4.1.bn1.bias: copying a param with shape torch.Size([256]) from checkpoint, the shape in current model is torch.Size([128]).\n\tsize mismatch for model.4.1.bn1.running_mean: copying a param with shape torch.Size([256]) from checkpoint, the shape in current model is torch.Size([128]).\n\tsize mismatch for model.4.1.bn1.running_var: copying a param with shape torch.Size([256]) from checkpoint, the shape in current model is torch.Size([128]).\n\tsize mismatch for model.4.1.conv2.weight: copying a param with shape torch.Size([256, 256, 3, 3]) from checkpoint, the shape in current model is torch.Size([128, 128, 3, 3]).\n\tsize mismatch for model.4.1.bn2.weight: copying a param with shape torch.Size([256]) from checkpoint, the shape in current model is torch.Size([128]).\n\tsize mismatch for model.4.1.bn2.bias: copying a param with shape torch.Size([256]) from checkpoint, the shape in current model is torch.Size([128]).\n\tsize mismatch for model.4.1.bn2.running_mean: copying a param with shape torch.Size([256]) from checkpoint, the shape in current model is torch.Size([128]).\n\tsize mismatch for model.4.1.bn2.running_var: copying a param with shape torch.Size([256]) from checkpoint, the shape in current model is torch.Size([128]).\n\tsize mismatch for model.4.1.conv3.weight: copying a param with shape torch.Size([1024, 256, 1, 1]) from checkpoint, the shape in current model is torch.Size([512, 128, 1, 1]).\n\tsize mismatch for model.4.1.bn3.weight: copying a param with shape torch.Size([1024]) from checkpoint, the shape in current model is torch.Size([512]).\n\tsize mismatch for model.4.1.bn3.bias: copying a param with shape torch.Size([1024]) from checkpoint, the shape in current model is torch.Size([512]).\n\tsize mismatch for model.4.1.bn3.running_mean: copying a param with shape torch.Size([1024]) from checkpoint, the shape in current model is torch.Size([512]).\n\tsize mismatch for model.4.1.bn3.running_var: copying a param with shape torch.Size([1024]) from checkpoint, the shape in current model is torch.Size([512]).\n\tsize mismatch for model.4.2.conv1.weight: copying a param with shape torch.Size([256, 1024, 1, 1]) from checkpoint, the shape in current model is torch.Size([128, 512, 1, 1]).\n\tsize mismatch for model.4.2.bn1.weight: copying a param with shape torch.Size([256]) from checkpoint, the shape in current model is torch.Size([128]).\n\tsize mismatch for model.4.2.bn1.bias: copying a param with shape torch.Size([256]) from checkpoint, the shape in current model is torch.Size([128]).\n\tsize mismatch for model.4.2.bn1.running_mean: copying a param with shape torch.Size([256]) from checkpoint, the shape in current model is torch.Size([128]).\n\tsize mismatch for model.4.2.bn1.running_var: copying a param with shape torch.Size([256]) from checkpoint, the shape in current model is torch.Size([128]).\n\tsize mismatch for model.4.2.conv2.weight: copying a param with shape torch.Size([256, 256, 3, 3]) from checkpoint, the shape in current model is torch.Size([128, 128, 3, 3]).\n\tsize mismatch for model.4.2.bn2.weight: copying a param with shape torch.Size([256]) from checkpoint, the shape in current model is torch.Size([128]).\n\tsize mismatch for model.4.2.bn2.bias: copying a param with shape torch.Size([256]) from checkpoint, the shape in current model is torch.Size([128]).\n\tsize mismatch for model.4.2.bn2.running_mean: copying a param with shape torch.Size([256]) from checkpoint, the shape in current model is torch.Size([128]).\n\tsize mismatch for model.4.2.bn2.running_var: copying a param with shape torch.Size([256]) from checkpoint, the shape in current model is torch.Size([128]).\n\tsize mismatch for model.4.2.conv3.weight: copying a param with shape torch.Size([1024, 256, 1, 1]) from checkpoint, the shape in current model is torch.Size([512, 128, 1, 1]).\n\tsize mismatch for model.4.2.bn3.weight: copying a param with shape torch.Size([1024]) from checkpoint, the shape in current model is torch.Size([512]).\n\tsize mismatch for model.4.2.bn3.bias: copying a param with shape torch.Size([1024]) from checkpoint, the shape in current model is torch.Size([512]).\n\tsize mismatch for model.4.2.bn3.running_mean: copying a param with shape torch.Size([1024]) from checkpoint, the shape in current model is torch.Size([512]).\n\tsize mismatch for model.4.2.bn3.running_var: copying a param with shape torch.Size([1024]) from checkpoint, the shape in current model is torch.Size([512]).\n\tsize mismatch for model.4.3.conv1.weight: copying a param with shape torch.Size([256, 1024, 1, 1]) from checkpoint, the shape in current model is torch.Size([128, 512, 1, 1]).\n\tsize mismatch for model.4.3.bn1.weight: copying a param with shape torch.Size([256]) from checkpoint, the shape in current model is torch.Size([128]).\n\tsize mismatch for model.4.3.bn1.bias: copying a param with shape torch.Size([256]) from checkpoint, the shape in current model is torch.Size([128]).\n\tsize mismatch for model.4.3.bn1.running_mean: copying a param with shape torch.Size([256]) from checkpoint, the shape in current model is torch.Size([128]).\n\tsize mismatch for model.4.3.bn1.running_var: copying a param with shape torch.Size([256]) from checkpoint, the shape in current model is torch.Size([128]).\n\tsize mismatch for model.4.3.conv2.weight: copying a param with shape torch.Size([256, 256, 3, 3]) from checkpoint, the shape in current model is torch.Size([128, 128, 3, 3]).\n\tsize mismatch for model.4.3.bn2.weight: copying a param with shape torch.Size([256]) from checkpoint, the shape in current model is torch.Size([128]).\n\tsize mismatch for model.4.3.bn2.bias: copying a param with shape torch.Size([256]) from checkpoint, the shape in current model is torch.Size([128]).\n\tsize mismatch for model.4.3.bn2.running_mean: copying a param with shape torch.Size([256]) from checkpoint, the shape in current model is torch.Size([128]).\n\tsize mismatch for model.4.3.bn2.running_var: copying a param with shape torch.Size([256]) from checkpoint, the shape in current model is torch.Size([128]).\n\tsize mismatch for model.4.3.conv3.weight: copying a param with shape torch.Size([1024, 256, 1, 1]) from checkpoint, the shape in current model is torch.Size([512, 128, 1, 1]).\n\tsize mismatch for model.4.3.bn3.weight: copying a param with shape torch.Size([1024]) from checkpoint, the shape in current model is torch.Size([512]).\n\tsize mismatch for model.4.3.bn3.bias: copying a param with shape torch.Size([1024]) from checkpoint, the shape in current model is torch.Size([512]).\n\tsize mismatch for model.4.3.bn3.running_mean: copying a param with shape torch.Size([1024]) from checkpoint, the shape in current model is torch.Size([512]).\n\tsize mismatch for model.4.3.bn3.running_var: copying a param with shape torch.Size([1024]) from checkpoint, the shape in current model is torch.Size([512]).\n\tsize mismatch for model.5.0.conv1.weight: copying a param with shape torch.Size([512, 1024, 1, 1]) from checkpoint, the shape in current model is torch.Size([256, 512, 1, 1]).\n\tsize mismatch for model.5.0.bn1.weight: copying a param with shape torch.Size([512]) from checkpoint, the shape in current model is torch.Size([256]).\n\tsize mismatch for model.5.0.bn1.bias: copying a param with shape torch.Size([512]) from checkpoint, the shape in current model is torch.Size([256]).\n\tsize mismatch for model.5.0.bn1.running_mean: copying a param with shape torch.Size([512]) from checkpoint, the shape in current model is torch.Size([256]).\n\tsize mismatch for model.5.0.bn1.running_var: copying a param with shape torch.Size([512]) from checkpoint, the shape in current model is torch.Size([256]).\n\tsize mismatch for model.5.0.conv2.weight: copying a param with shape torch.Size([512, 512, 3, 3]) from checkpoint, the shape in current model is torch.Size([256, 256, 3, 3]).\n\tsize mismatch for model.5.0.bn2.weight: copying a param with shape torch.Size([512]) from checkpoint, the shape in current model is torch.Size([256]).\n\tsize mismatch for model.5.0.bn2.bias: copying a param with shape torch.Size([512]) from checkpoint, the shape in current model is torch.Size([256]).\n\tsize mismatch for model.5.0.bn2.running_mean: copying a param with shape torch.Size([512]) from checkpoint, the shape in current model is torch.Size([256]).\n\tsize mismatch for model.5.0.bn2.running_var: copying a param with shape torch.Size([512]) from checkpoint, the shape in current model is torch.Size([256]).\n\tsize mismatch for model.5.0.conv3.1.weight: copying a param with shape torch.Size([2048, 512, 1, 1]) from checkpoint, the shape in current model is torch.Size([1024, 256, 1, 1]).\n\tsize mismatch for model.5.0.bn3.weight: copying a param with shape torch.Size([2048]) from checkpoint, the shape in current model is torch.Size([1024]).\n\tsize mismatch for model.5.0.bn3.bias: copying a param with shape torch.Size([2048]) from checkpoint, the shape in current model is torch.Size([1024]).\n\tsize mismatch for model.5.0.bn3.running_mean: copying a param with shape torch.Size([2048]) from checkpoint, the shape in current model is torch.Size([1024]).\n\tsize mismatch for model.5.0.bn3.running_var: copying a param with shape torch.Size([2048]) from checkpoint, the shape in current model is torch.Size([1024]).\n\tsize mismatch for model.5.0.shortcut.1.weight: copying a param with shape torch.Size([2048, 1024, 1, 1]) from checkpoint, the shape in current model is torch.Size([1024, 512, 1, 1]).\n\tsize mismatch for model.5.0.shortcut.2.weight: copying a param with shape torch.Size([2048]) from checkpoint, the shape in current model is torch.Size([1024]).\n\tsize mismatch for model.5.0.shortcut.2.bias: copying a param with shape torch.Size([2048]) from checkpoint, the shape in current model is torch.Size([1024]).\n\tsize mismatch for model.5.0.shortcut.2.running_mean: copying a param with shape torch.Size([2048]) from checkpoint, the shape in current model is torch.Size([1024]).\n\tsize mismatch for model.5.0.shortcut.2.running_var: copying a param with shape torch.Size([2048]) from checkpoint, the shape in current model is torch.Size([1024]).\n\tsize mismatch for model.5.1.conv1.weight: copying a param with shape torch.Size([512, 2048, 1, 1]) from checkpoint, the shape in current model is torch.Size([256, 1024, 1, 1]).\n\tsize mismatch for model.5.1.bn1.weight: copying a param with shape torch.Size([512]) from checkpoint, the shape in current model is torch.Size([256]).\n\tsize mismatch for model.5.1.bn1.bias: copying a param with shape torch.Size([512]) from checkpoint, the shape in current model is torch.Size([256]).\n\tsize mismatch for model.5.1.bn1.running_mean: copying a param with shape torch.Size([512]) from checkpoint, the shape in current model is torch.Size([256]).\n\tsize mismatch for model.5.1.bn1.running_var: copying a param with shape torch.Size([512]) from checkpoint, the shape in current model is torch.Size([256]).\n\tsize mismatch for model.5.1.conv2.weight: copying a param with shape torch.Size([512, 512, 3, 3]) from checkpoint, the shape in current model is torch.Size([256, 256, 3, 3]).\n\tsize mismatch for model.5.1.bn2.weight: copying a param with shape torch.Size([512]) from checkpoint, the shape in current model is torch.Size([256]).\n\tsize mismatch for model.5.1.bn2.bias: copying a param with shape torch.Size([512]) from checkpoint, the shape in current model is torch.Size([256]).\n\tsize mismatch for model.5.1.bn2.running_mean: copying a param with shape torch.Size([512]) from checkpoint, the shape in current model is torch.Size([256]).\n\tsize mismatch for model.5.1.bn2.running_var: copying a param with shape torch.Size([512]) from checkpoint, the shape in current model is torch.Size([256]).\n\tsize mismatch for model.5.1.conv3.weight: copying a param with shape torch.Size([2048, 512, 1, 1]) from checkpoint, the shape in current model is torch.Size([1024, 256, 1, 1]).\n\tsize mismatch for model.5.1.bn3.weight: copying a param with shape torch.Size([2048]) from checkpoint, the shape in current model is torch.Size([1024]).\n\tsize mismatch for model.5.1.bn3.bias: copying a param with shape torch.Size([2048]) from checkpoint, the shape in current model is torch.Size([1024]).\n\tsize mismatch for model.5.1.bn3.running_mean: copying a param with shape torch.Size([2048]) from checkpoint, the shape in current model is torch.Size([1024]).\n\tsize mismatch for model.5.1.bn3.running_var: copying a param with shape torch.Size([2048]) from checkpoint, the shape in current model is torch.Size([1024]).\n\tsize mismatch for model.5.2.conv1.weight: copying a param with shape torch.Size([512, 2048, 1, 1]) from checkpoint, the shape in current model is torch.Size([256, 1024, 1, 1]).\n\tsize mismatch for model.5.2.bn1.weight: copying a param with shape torch.Size([512]) from checkpoint, the shape in current model is torch.Size([256]).\n\tsize mismatch for model.5.2.bn1.bias: copying a param with shape torch.Size([512]) from checkpoint, the shape in current model is torch.Size([256]).\n\tsize mismatch for model.5.2.bn1.running_mean: copying a param with shape torch.Size([512]) from checkpoint, the shape in current model is torch.Size([256]).\n\tsize mismatch for model.5.2.bn1.running_var: copying a param with shape torch.Size([512]) from checkpoint, the shape in current model is torch.Size([256]).\n\tsize mismatch for model.5.2.conv2.weight: copying a param with shape torch.Size([512, 512, 3, 3]) from checkpoint, the shape in current model is torch.Size([256, 256, 3, 3]).\n\tsize mismatch for model.5.2.bn2.weight: copying a param with shape torch.Size([512]) from checkpoint, the shape in current model is torch.Size([256]).\n\tsize mismatch for model.5.2.bn2.bias: copying a param with shape torch.Size([512]) from checkpoint, the shape in current model is torch.Size([256]).\n\tsize mismatch for model.5.2.bn2.running_mean: copying a param with shape torch.Size([512]) from checkpoint, the shape in current model is torch.Size([256]).\n\tsize mismatch for model.5.2.bn2.running_var: copying a param with shape torch.Size([512]) from checkpoint, the shape in current model is torch.Size([256]).\n\tsize mismatch for model.5.2.conv3.weight: copying a param with shape torch.Size([2048, 512, 1, 1]) from checkpoint, the shape in current model is torch.Size([1024, 256, 1, 1]).\n\tsize mismatch for model.5.2.bn3.weight: copying a param with shape torch.Size([2048]) from checkpoint, the shape in current model is torch.Size([1024]).\n\tsize mismatch for model.5.2.bn3.bias: copying a param with shape torch.Size([2048]) from checkpoint, the shape in current model is torch.Size([1024]).\n\tsize mismatch for model.5.2.bn3.running_mean: copying a param with shape torch.Size([2048]) from checkpoint, the shape in current model is torch.Size([1024]).\n\tsize mismatch for model.5.2.bn3.running_var: copying a param with shape torch.Size([2048]) from checkpoint, the shape in current model is torch.Size([1024]).\nbackbone/stripped_for_backbone/strict=False: Error(s) in loading state_dict for LipReg_aa:\n\tsize mismatch for model.3.0.conv1.weight: copying a param with shape torch.Size([128, 256, 1, 1]) from checkpoint, the shape in current model is torch.Size([64, 64, 1, 1]).\n\tsize mismatch for model.3.0.bn1.weight: copying a param with shape torch.Size([128]) from checkpoint, the shape in current model is torch.Size([64]).\n\tsize mismatch for model.3.0.bn1.bias: copying a param with shape torch.Size([128]) from checkpoint, the shape in current model is torch.Size([64]).\n\tsize mismatch for model.3.0.bn1.running_mean: copying a param with shape torch.Size([128]) from checkpoint, the shape in current model is torch.Size([64]).\n\tsize mismatch for model.3.0.bn1.running_var: copying a param with shape torch.Size([128]) from checkpoint, the shape in current model is torch.Size([64]).\n\tsize mismatch for model.3.0.conv2.weight: copying a param with shape torch.Size([128, 128, 3, 3]) from checkpoint, the shape in current model is torch.Size([64, 64, 3, 3]).\n\tsize mismatch for model.3.0.bn2.weight: copying a param with shape torch.Size([128]) from checkpoint, the shape in current model is torch.Size([64]).\n\tsize mismatch for model.3.0.bn2.bias: copying a param with shape torch.Size([128]) from checkpoint, the shape in current model is torch.Size([64]).\n\tsize mismatch for model.3.0.bn2.running_mean: copying a param with shape torch.Size([128]) from checkpoint, the shape in current model is torch.Size([64]).\n\tsize mismatch for model.3.0.bn2.running_var: copying a param with shape torch.Size([128]) from checkpoint, the shape in current model is torch.Size([64]).\n\tsize mismatch for model.3.0.bn3.weight: copying a param with shape torch.Size([512]) from checkpoint, the shape in current model is torch.Size([256]).\n\tsize mismatch for model.3.0.bn3.bias: copying a param with shape torch.Size([512]) from checkpoint, the shape in current model is torch.Size([256]).\n\tsize mismatch for model.3.0.bn3.running_mean: copying a param with shape torch.Size([512]) from checkpoint, the shape in current model is torch.Size([256]).\n\tsize mismatch for model.3.0.bn3.running_var: copying a param with shape torch.Size([512]) from checkpoint, the shape in current model is torch.Size([256]).\n\tsize mismatch for model.3.0.shortcut.1.weight: copying a param with shape torch.Size([512, 256, 1, 1]) from checkpoint, the shape in current model is torch.Size([256]).\n\tsize mismatch for model.3.1.conv1.weight: copying a param with shape torch.Size([128, 512, 1, 1]) from checkpoint, the shape in current model is torch.Size([64, 256, 1, 1]).\n\tsize mismatch for model.3.1.bn1.weight: copying a param with shape torch.Size([128]) from checkpoint, the shape in current model is torch.Size([64]).\n\tsize mismatch for model.3.1.bn1.bias: copying a param with shape torch.Size([128]) from checkpoint, the shape in current model is torch.Size([64]).\n\tsize mismatch for model.3.1.bn1.running_mean: copying a param with shape torch.Size([128]) from checkpoint, the shape in current model is torch.Size([64]).\n\tsize mismatch for model.3.1.bn1.running_var: copying a param with shape torch.Size([128]) from checkpoint, the shape in current model is torch.Size([64]).\n\tsize mismatch for model.3.1.conv2.weight: copying a param with shape torch.Size([128, 128, 3, 3]) from checkpoint, the shape in current model is torch.Size([64, 64, 3, 3]).\n\tsize mismatch for model.3.1.bn2.weight: copying a param with shape torch.Size([128]) from checkpoint, the shape in current model is torch.Size([64]).\n\tsize mismatch for model.3.1.bn2.bias: copying a param with shape torch.Size([128]) from checkpoint, the shape in current model is torch.Size([64]).\n\tsize mismatch for model.3.1.bn2.running_mean: copying a param with shape torch.Size([128]) from checkpoint, the shape in current model is torch.Size([64]).\n\tsize mismatch for model.3.1.bn2.running_var: copying a param with shape torch.Size([128]) from checkpoint, the shape in current model is torch.Size([64]).\n\tsize mismatch for model.3.1.conv3.weight: copying a param with shape torch.Size([512, 128, 1, 1]) from checkpoint, the shape in current model is torch.Size([256, 64, 1, 1]).\n\tsize mismatch for model.3.1.bn3.weight: copying a param with shape torch.Size([512]) from checkpoint, the shape in current model is torch.Size([256]).\n\tsize mismatch for model.3.1.bn3.bias: copying a param with shape torch.Size([512]) from checkpoint, the shape in current model is torch.Size([256]).\n\tsize mismatch for model.3.1.bn3.running_mean: copying a param with shape torch.Size([512]) from checkpoint, the shape in current model is torch.Size([256]).\n\tsize mismatch for model.3.1.bn3.running_var: copying a param with shape torch.Size([512]) from checkpoint, the shape in current model is torch.Size([256]).\n\tsize mismatch for model.3.2.conv1.weight: copying a param with shape torch.Size([128, 512, 1, 1]) from checkpoint, the shape in current model is torch.Size([64, 256, 1, 1]).\n\tsize mismatch for model.3.2.bn1.weight: copying a param with shape torch.Size([128]) from checkpoint, the shape in current model is torch.Size([64]).\n\tsize mismatch for model.3.2.bn1.bias: copying a param with shape torch.Size([128]) from checkpoint, the shape in current model is torch.Size([64]).\n\tsize mismatch for model.3.2.bn1.running_mean: copying a param with shape torch.Size([128]) from checkpoint, the shape in current model is torch.Size([64]).\n\tsize mismatch for model.3.2.bn1.running_var: copying a param with shape torch.Size([128]) from checkpoint, the shape in current model is torch.Size([64]).\n\tsize mismatch for model.3.2.conv2.weight: copying a param with shape torch.Size([128, 128, 3, 3]) from checkpoint, the shape in current model is torch.Size([64, 64, 3, 3]).\n\tsize mismatch for model.3.2.bn2.weight: copying a param with shape torch.Size([128]) from checkpoint, the shape in current model is torch.Size([64]).\n\tsize mismatch for model.3.2.bn2.bias: copying a param with shape torch.Size([128]) from checkpoint, the shape in current model is torch.Size([64]).\n\tsize mismatch for model.3.2.bn2.running_mean: copying a param with shape torch.Size([128]) from checkpoint, the shape in current model is torch.Size([64]).\n\tsize mismatch for model.3.2.bn2.running_var: copying a param with shape torch.Size([128]) from checkpoint, the shape in current model is torch.Size([64]).\n\tsize mismatch for model.3.2.conv3.weight: copying a param with shape torch.Size([512, 128, 1, 1]) from checkpoint, the shape in current model is torch.Size([256, 64, 1, 1]).\n\tsize mismatch for model.3.2.bn3.weight: copying a param with shape torch.Size([512]) from checkpoint, the shape in current model is torch.Size([256]).\n\tsize mismatch for model.3.2.bn3.bias: copying a param with shape torch.Size([512]) from checkpoint, the shape in current model is torch.Size([256]).\n\tsize mismatch for model.3.2.bn3.running_mean: copying a param with shape torch.Size([512]) from checkpoint, the shape in current model is torch.Size([256]).\n\tsize mismatch for model.3.2.bn3.running_var: copying a param with shape torch.Size([512]) from checkpoint, the shape in current model is torch.Size([256]).\n\tsize mismatch for model.4.0.conv1.weight: copying a param with shape torch.Size([256, 512, 1, 1]) from checkpoint, the shape in current model is torch.Size([128, 256, 1, 1]).\n\tsize mismatch for model.4.0.bn1.weight: copying a param with shape torch.Size([256]) from checkpoint, the shape in current model is torch.Size([128]).\n\tsize mismatch for model.4.0.bn1.bias: copying a param with shape torch.Size([256]) from checkpoint, the shape in current model is torch.Size([128]).\n\tsize mismatch for model.4.0.bn1.running_mean: copying a param with shape torch.Size([256]) from checkpoint, the shape in current model is torch.Size([128]).\n\tsize mismatch for model.4.0.bn1.running_var: copying a param with shape torch.Size([256]) from checkpoint, the shape in current model is torch.Size([128]).\n\tsize mismatch for model.4.0.conv2.weight: copying a param with shape torch.Size([256, 256, 3, 3]) from checkpoint, the shape in current model is torch.Size([128, 128, 3, 3]).\n\tsize mismatch for model.4.0.bn2.weight: copying a param with shape torch.Size([256]) from checkpoint, the shape in current model is torch.Size([128]).\n\tsize mismatch for model.4.0.bn2.bias: copying a param with shape torch.Size([256]) from checkpoint, the shape in current model is torch.Size([128]).\n\tsize mismatch for model.4.0.bn2.running_mean: copying a param with shape torch.Size([256]) from checkpoint, the shape in current model is torch.Size([128]).\n\tsize mismatch for model.4.0.bn2.running_var: copying a param with shape torch.Size([256]) from checkpoint, the shape in current model is torch.Size([128]).\n\tsize mismatch for model.4.0.conv3.1.weight: copying a param with shape torch.Size([1024, 256, 1, 1]) from checkpoint, the shape in current model is torch.Size([512, 128, 1, 1]).\n\tsize mismatch for model.4.0.bn3.weight: copying a param with shape torch.Size([1024]) from checkpoint, the shape in current model is torch.Size([512]).\n\tsize mismatch for model.4.0.bn3.bias: copying a param with shape torch.Size([1024]) from checkpoint, the shape in current model is torch.Size([512]).\n\tsize mismatch for model.4.0.bn3.running_mean: copying a param with shape torch.Size([1024]) from checkpoint, the shape in current model is torch.Size([512]).\n\tsize mismatch for model.4.0.bn3.running_var: copying a param with shape torch.Size([1024]) from checkpoint, the shape in current model is torch.Size([512]).\n\tsize mismatch for model.4.0.shortcut.1.weight: copying a param with shape torch.Size([1024, 512, 1, 1]) from checkpoint, the shape in current model is torch.Size([512, 256, 1, 1]).\n\tsize mismatch for model.4.0.shortcut.2.weight: copying a param with shape torch.Size([1024]) from checkpoint, the shape in current model is torch.Size([512]).\n\tsize mismatch for model.4.0.shortcut.2.bias: copying a param with shape torch.Size([1024]) from checkpoint, the shape in current model is torch.Size([512]).\n\tsize mismatch for model.4.0.shortcut.2.running_mean: copying a param with shape torch.Size([1024]) from checkpoint, the shape in current model is torch.Size([512]).\n\tsize mismatch for model.4.0.shortcut.2.running_var: copying a param with shape torch.Size([1024]) from checkpoint, the shape in current model is torch.Size([512]).\n\tsize mismatch for model.4.1.conv1.weight: copying a param with shape torch.Size([256, 1024, 1, 1]) from checkpoint, the shape in current model is torch.Size([128, 512, 1, 1]).\n\tsize mismatch for model.4.1.bn1.weight: copying a param with shape torch.Size([256]) from checkpoint, the shape in current model is torch.Size([128]).\n\tsize mismatch for model.4.1.bn1.bias: copying a param with shape torch.Size([256]) from checkpoint, the shape in current model is torch.Size([128]).\n\tsize mismatch for model.4.1.bn1.running_mean: copying a param with shape torch.Size([256]) from checkpoint, the shape in current model is torch.Size([128]).\n\tsize mismatch for model.4.1.bn1.running_var: copying a param with shape torch.Size([256]) from checkpoint, the shape in current model is torch.Size([128]).\n\tsize mismatch for model.4.1.conv2.weight: copying a param with shape torch.Size([256, 256, 3, 3]) from checkpoint, the shape in current model is torch.Size([128, 128, 3, 3]).\n\tsize mismatch for model.4.1.bn2.weight: copying a param with shape torch.Size([256]) from checkpoint, the shape in current model is torch.Size([128]).\n\tsize mismatch for model.4.1.bn2.bias: copying a param with shape torch.Size([256]) from checkpoint, the shape in current model is torch.Size([128]).\n\tsize mismatch for model.4.1.bn2.running_mean: copying a param with shape torch.Size([256]) from checkpoint, the shape in current model is torch.Size([128]).\n\tsize mismatch for model.4.1.bn2.running_var: copying a param with shape torch.Size([256]) from checkpoint, the shape in current model is torch.Size([128]).\n\tsize mismatch for model.4.1.conv3.weight: copying a param with shape torch.Size([1024, 256, 1, 1]) from checkpoint, the shape in current model is torch.Size([512, 128, 1, 1]).\n\tsize mismatch for model.4.1.bn3.weight: copying a param with shape torch.Size([1024]) from checkpoint, the shape in current model is torch.Size([512]).\n\tsize mismatch for model.4.1.bn3.bias: copying a param with shape torch.Size([1024]) from checkpoint, the shape in current model is torch.Size([512]).\n\tsize mismatch for model.4.1.bn3.running_mean: copying a param with shape torch.Size([1024]) from checkpoint, the shape in current model is torch.Size([512]).\n\tsize mismatch for model.4.1.bn3.running_var: copying a param with shape torch.Size([1024]) from checkpoint, the shape in current model is torch.Size([512]).\n\tsize mismatch for model.4.2.conv1.weight: copying a param with shape torch.Size([256, 1024, 1, 1]) from checkpoint, the shape in current model is torch.Size([128, 512, 1, 1]).\n\tsize mismatch for model.4.2.bn1.weight: copying a param with shape torch.Size([256]) from checkpoint, the shape in current model is torch.Size([128]).\n\tsize mismatch for model.4.2.bn1.bias: copying a param with shape torch.Size([256]) from checkpoint, the shape in current model is torch.Size([128]).\n\tsize mismatch for model.4.2.bn1.running_mean: copying a param with shape torch.Size([256]) from checkpoint, the shape in current model is torch.Size([128]).\n\tsize mismatch for model.4.2.bn1.running_var: copying a param with shape torch.Size([256]) from checkpoint, the shape in current model is torch.Size([128]).\n\tsize mismatch for model.4.2.conv2.weight: copying a param with shape torch.Size([256, 256, 3, 3]) from checkpoint, the shape in current model is torch.Size([128, 128, 3, 3]).\n\tsize mismatch for model.4.2.bn2.weight: copying a param with shape torch.Size([256]) from checkpoint, the shape in current model is torch.Size([128]).\n\tsize mismatch for model.4.2.bn2.bias: copying a param with shape torch.Size([256]) from checkpoint, the shape in current model is torch.Size([128]).\n\tsize mismatch for model.4.2.bn2.running_mean: copying a param with shape torch.Size([256]) from checkpoint, the shape in current model is torch.Size([128]).\n\tsize mismatch for model.4.2.bn2.running_var: copying a param with shape torch.Size([256]) from checkpoint, the shape in current model is torch.Size([128]).\n\tsize mismatch for model.4.2.conv3.weight: copying a param with shape torch.Size([1024, 256, 1, 1]) from checkpoint, the shape in current model is torch.Size([512, 128, 1, 1]).\n\tsize mismatch for model.4.2.bn3.weight: copying a param with shape torch.Size([1024]) from checkpoint, the shape in current model is torch.Size([512]).\n\tsize mismatch for model.4.2.bn3.bias: copying a param with shape torch.Size([1024]) from checkpoint, the shape in current model is torch.Size([512]).\n\tsize mismatch for model.4.2.bn3.running_mean: copying a param with shape torch.Size([1024]) from checkpoint, the shape in current model is torch.Size([512]).\n\tsize mismatch for model.4.2.bn3.running_var: copying a param with shape torch.Size([1024]) from checkpoint, the shape in current model is torch.Size([512]).\n\tsize mismatch for model.4.3.conv1.weight: copying a param with shape torch.Size([256, 1024, 1, 1]) from checkpoint, the shape in current model is torch.Size([128, 512, 1, 1]).\n\tsize mismatch for model.4.3.bn1.weight: copying a param with shape torch.Size([256]) from checkpoint, the shape in current model is torch.Size([128]).\n\tsize mismatch for model.4.3.bn1.bias: copying a param with shape torch.Size([256]) from checkpoint, the shape in current model is torch.Size([128]).\n\tsize mismatch for model.4.3.bn1.running_mean: copying a param with shape torch.Size([256]) from checkpoint, the shape in current model is torch.Size([128]).\n\tsize mismatch for model.4.3.bn1.running_var: copying a param with shape torch.Size([256]) from checkpoint, the shape in current model is torch.Size([128]).\n\tsize mismatch for model.4.3.conv2.weight: copying a param with shape torch.Size([256, 256, 3, 3]) from checkpoint, the shape in current model is torch.Size([128, 128, 3, 3]).\n\tsize mismatch for model.4.3.bn2.weight: copying a param with shape torch.Size([256]) from checkpoint, the shape in current model is torch.Size([128]).\n\tsize mismatch for model.4.3.bn2.bias: copying a param with shape torch.Size([256]) from checkpoint, the shape in current model is torch.Size([128]).\n\tsize mismatch for model.4.3.bn2.running_mean: copying a param with shape torch.Size([256]) from checkpoint, the shape in current model is torch.Size([128]).\n\tsize mismatch for model.4.3.bn2.running_var: copying a param with shape torch.Size([256]) from checkpoint, the shape in current model is torch.Size([128]).\n\tsize mismatch for model.4.3.conv3.weight: copying a param with shape torch.Size([1024, 256, 1, 1]) from checkpoint, the shape in current model is torch.Size([512, 128, 1, 1]).\n\tsize mismatch for model.4.3.bn3.weight: copying a param with shape torch.Size([1024]) from checkpoint, the shape in current model is torch.Size([512]).\n\tsize mismatch for model.4.3.bn3.bias: copying a param with shape torch.Size([1024]) from checkpoint, the shape in current model is torch.Size([512]).\n\tsize mismatch for model.4.3.bn3.running_mean: copying a param with shape torch.Size([1024]) from checkpoint, the shape in current model is torch.Size([512]).\n\tsize mismatch for model.4.3.bn3.running_var: copying a param with shape torch.Size([1024]) from checkpoint, the shape in current model is torch.Size([512]).\n\tsize mismatch for model.5.0.conv1.weight: copying a param with shape torch.Size([512, 1024, 1, 1]) from checkpoint, the shape in current model is torch.Size([256, 512, 1, 1]).\n\tsize mismatch for model.5.0.bn1.weight: copying a param with shape torch.Size([512]) from checkpoint, the shape in current model is torch.Size([256]).\n\tsize mismatch for model.5.0.bn1.bias: copying a param with shape torch.Size([512]) from checkpoint, the shape in current model is torch.Size([256]).\n\tsize mismatch for model.5.0.bn1.running_mean: copying a param with shape torch.Size([512]) from checkpoint, the shape in current model is torch.Size([256]).\n\tsize mismatch for model.5.0.bn1.running_var: copying a param with shape torch.Size([512]) from checkpoint, the shape in current model is torch.Size([256]).\n\tsize mismatch for model.5.0.conv2.weight: copying a param with shape torch.Size([512, 512, 3, 3]) from checkpoint, the shape in current model is torch.Size([256, 256, 3, 3]).\n\tsize mismatch for model.5.0.bn2.weight: copying a param with shape torch.Size([512]) from checkpoint, the shape in current model is torch.Size([256]).\n\tsize mismatch for model.5.0.bn2.bias: copying a param with shape torch.Size([512]) from checkpoint, the shape in current model is torch.Size([256]).\n\tsize mismatch for model.5.0.bn2.running_mean: copying a param with shape torch.Size([512]) from checkpoint, the shape in current model is torch.Size([256]).\n\tsize mismatch for model.5.0.bn2.running_var: copying a param with shape torch.Size([512]) from checkpoint, the shape in current model is torch.Size([256]).\n\tsize mismatch for model.5.0.conv3.1.weight: copying a param with shape torch.Size([2048, 512, 1, 1]) from checkpoint, the shape in current model is torch.Size([1024, 256, 1, 1]).\n\tsize mismatch for model.5.0.bn3.weight: copying a param with shape torch.Size([2048]) from checkpoint, the shape in current model is torch.Size([1024]).\n\tsize mismatch for model.5.0.bn3.bias: copying a param with shape torch.Size([2048]) from checkpoint, the shape in current model is torch.Size([1024]).\n\tsize mismatch for model.5.0.bn3.running_mean: copying a param with shape torch.Size([2048]) from checkpoint, the shape in current model is torch.Size([1024]).\n\tsize mismatch for model.5.0.bn3.running_var: copying a param with shape torch.Size([2048]) from checkpoint, the shape in current model is torch.Size([1024]).\n\tsize mismatch for model.5.0.shortcut.1.weight: copying a param with shape torch.Size([2048, 1024, 1, 1]) from checkpoint, the shape in current model is torch.Size([1024, 512, 1, 1]).\n\tsize mismatch for model.5.0.shortcut.2.weight: copying a param with shape torch.Size([2048]) from checkpoint, the shape in current model is torch.Size([1024]).\n\tsize mismatch for model.5.0.shortcut.2.bias: copying a param with shape torch.Size([2048]) from checkpoint, the shape in current model is torch.Size([1024]).\n\tsize mismatch for model.5.0.shortcut.2.running_mean: copying a param with shape torch.Size([2048]) from checkpoint, the shape in current model is torch.Size([1024]).\n\tsize mismatch for model.5.0.shortcut.2.running_var: copying a param with shape torch.Size([2048]) from checkpoint, the shape in current model is torch.Size([1024]).\n\tsize mismatch for model.5.1.conv1.weight: copying a param with shape torch.Size([512, 2048, 1, 1]) from checkpoint, the shape in current model is torch.Size([256, 1024, 1, 1]).\n\tsize mismatch for model.5.1.bn1.weight: copying a param with shape torch.Size([512]) from checkpoint, the shape in current model is torch.Size([256]).\n\tsize mismatch for model.5.1.bn1.bias: copying a param with shape torch.Size([512]) from checkpoint, the shape in current model is torch.Size([256]).\n\tsize mismatch for model.5.1.bn1.running_mean: copying a param with shape torch.Size([512]) from checkpoint, the shape in current model is torch.Size([256]).\n\tsize mismatch for model.5.1.bn1.running_var: copying a param with shape torch.Size([512]) from checkpoint, the shape in current model is torch.Size([256]).\n\tsize mismatch for model.5.1.conv2.weight: copying a param with shape torch.Size([512, 512, 3, 3]) from checkpoint, the shape in current model is torch.Size([256, 256, 3, 3]).\n\tsize mismatch for model.5.1.bn2.weight: copying a param with shape torch.Size([512]) from checkpoint, the shape in current model is torch.Size([256]).\n\tsize mismatch for model.5.1.bn2.bias: copying a param with shape torch.Size([512]) from checkpoint, the shape in current model is torch.Size([256]).\n\tsize mismatch for model.5.1.bn2.running_mean: copying a param with shape torch.Size([512]) from checkpoint, the shape in current model is torch.Size([256]).\n\tsize mismatch for model.5.1.bn2.running_var: copying a param with shape torch.Size([512]) from checkpoint, the shape in current model is torch.Size([256]).\n\tsize mismatch for model.5.1.conv3.weight: copying a param with shape torch.Size([2048, 512, 1, 1]) from checkpoint, the shape in current model is torch.Size([1024, 256, 1, 1]).\n\tsize mismatch for model.5.1.bn3.weight: copying a param with shape torch.Size([2048]) from checkpoint, the shape in current model is torch.Size([1024]).\n\tsize mismatch for model.5.1.bn3.bias: copying a param with shape torch.Size([2048]) from checkpoint, the shape in current model is torch.Size([1024]).\n\tsize mismatch for model.5.1.bn3.running_mean: copying a param with shape torch.Size([2048]) from checkpoint, the shape in current model is torch.Size([1024]).\n\tsize mismatch for model.5.1.bn3.running_var: copying a param with shape torch.Size([2048]) from checkpoint, the shape in current model is torch.Size([1024]).\n\tsize mismatch for model.5.2.conv1.weight: copying a param with shape torch.Size([512, 2048, 1, 1]) from checkpoint, the shape in current model is torch.Size([256, 1024, 1, 1]).\n\tsize mismatch for model.5.2.bn1.weight: copying a param with shape torch.Size([512]) from checkpoint, the shape in current model is torch.Size([256]).\n\tsize mismatch for model.5.2.bn1.bias: copying a param with shape torch.Size([512]) from checkpoint, the shape in current model is torch.Size([256]).\n\tsize mismatch for model.5.2.bn1.running_mean: copying a param with shape torch.Size([512]) from checkpoint, the shape in current model is torch.Size([256]).\n\tsize mismatch for model.5.2.bn1.running_var: copying a param with shape torch.Size([512]) from checkpoint, the shape in current model is torch.Size([256]).\n\tsize mismatch for model.5.2.conv2.weight: copying a param with shape torch.Size([512, 512, 3, 3]) from checkpoint, the shape in current model is torch.Size([256, 256, 3, 3]).\n\tsize mismatch for model.5.2.bn2.weight: copying a param with shape torch.Size([512]) from checkpoint, the shape in current model is torch.Size([256]).\n\tsize mismatch for model.5.2.bn2.bias: copying a param with shape torch.Size([512]) from checkpoint, the shape in current model is torch.Size([256]).\n\tsize mismatch for model.5.2.bn2.running_mean: copying a param with shape torch.Size([512]) from checkpoint, the shape in current model is torch.Size([256]).\n\tsize mismatch for model.5.2.bn2.running_var: copying a param with shape torch.Size([512]) from checkpoint, the shape in current model is torch.Size([256]).\n\tsize mismatch for model.5.2.conv3.weight: copying a param with shape torch.Size([2048, 512, 1, 1]) from checkpoint, the shape in current model is torch.Size([1024, 256, 1, 1]).\n\tsize mismatch for model.5.2.bn3.weight: copying a param with shape torch.Size([2048]) from checkpoint, the shape in current model is torch.Size([1024]).\n\tsize mismatch for model.5.2.bn3.bias: copying a param with shape torch.Size([2048]) from checkpoint, the shape in current model is torch.Size([1024]).\n\tsize mismatch for model.5.2.bn3.running_mean: copying a param with shape torch.Size([2048]) from checkpoint, the shape in current model is torch.Size([1024]).\n\tsize mismatch for model.5.2.bn3.running_var: copying a param with shape torch.Size([2048]) from checkpoint, the shape in current model is torch.Size([1024]).\nbackbone/as_saved/strict=True: Error(s) in loading state_dict for LipReg_aa:\n\tMissing key(s) in state_dict: ""model.0.weight"", ""model.1.weight"", ""model.1.bias"", ""model.1.running_mean"", ""model.1.running_var"", ""model.3.0.conv1.weight"", ""model.3.0.bn1.weight"", ""model.3.0.bn1.bias"", ""model.3.0.bn1.running_mean"", ""model.3.0.bn1.running_var"", ""model.3.0.conv2.weight"", ""model.3.0.bn2.weight"", ""model.3.0.bn2.bias"", ""model.3.0.bn2.running_mean"", ""model.3.0.bn2.running_var"", ""model.3.0.conv3.weight"", ""model.3.0.bn3.weight"", ""model.3.0.bn3.bias"", ""model.3.0.bn3.running_mean"", ""model.3.0.bn3.running_var"", ""model.3.0.shortcut.0.weight"", ""model.3.0.shortcut.1.weight"", ""model.3.0.shortcut.1.bias"", ""model.3.0.shortcut.1.running_mean"", ""model.3.0.shortcut.1.running_var"", ""model.3.1.conv1.weight"", ""model.3.1.bn1.weight"", ""model.3.1.bn1.bias"", ""model.3.1.bn1.running_mean"", ""model.3.1.bn1.running_var"", ""model.3.1.conv2.weight"", ""model.3.1.bn2.weight"", ""model.3.1.bn2.bias"", ""model.3.1.bn2.running_mean"", ""model.3.1.bn2.running_var"", ""model.3.1.conv3.weight"", ""model.3.1.bn3.weight"", ""model.3.1.bn3.bias"", ""model.3.1.bn3.running_mean"", ""model.3.1.bn3.running_var"", ""model.3.2.conv1.weight"", ""model.3.2.bn1.weight"", ""model.3.2.bn1.bias"", ""model.3.2.bn1.running_mean"", ""model.3.2.bn1.running_var"", ""model.3.2.conv2.weight"", ""model.3.2.bn2.weight"", ""model.3.2.bn2.bias"", ""model.3.2.bn2.running_mean"", ""model.3.2.bn2.running_var"", ""model.3.2.conv3.weight"", ""model.3.2.bn3.weight"", ""model.3.2.bn3.bias"", ""model.3.2.bn3.running_mean"", ""model.3.2.bn3.running_var"", ""model.4.0.conv1.weight"", ""model.4.0.bn1.weight"", ""model.4.0.bn1.bias"", ""model.4.0.bn1.running_mean"", ""model.4.0.bn1.running_var"", ""model.4.0.conv2.weight"", ""model.4.0.bn2.weight"", ""model.4.0.bn2.bias"", ""model.4.0.bn2.running_mean"", ""model.4.0.bn2.running_var"", ""model.4.0.conv3.0.w"", ""model.4.0.conv3.1.weight"", ""model.4.0.bn3.weight"", ""model.4.0.bn3.bias"", ""model.4.0.bn3.running_mean"", ""model.4.0.bn3.running_var"", ""model.4.0.shortcut.0.w"", ""model.4.0.shortcut.1.weight"", ""model.4.0.shortcut.2.weight"", ""model.4.0.shortcut.2.bias"", ""model.4.0.shortcut.2.running_mean"", ""model.4.0.shortcut.2.running_var"", ""model.4.1.conv1.weight"", ""model.4.1.bn1.weight"", ""model.4.1.bn1.bias"", ""model.4.1.bn1.running_mean"", ""model.4.1.bn1.running_var"", ""model.4.1.conv2.weight"", ""model.4.1.bn2.weight"", ""model.4.1.bn2.bias"", ""model.4.1.bn2.running_mean"", ""model.4.1.bn2.running_var"", ""model.4.1.conv3.weight"", ""model.4.1.bn3.weight"", ""model.4.1.bn3.bias"", ""model.4.1.bn3.running_mean"", ""model.4.1.bn3.running_var"", ""model.4.2.conv1.weight"", ""model.4.2.bn1.weight"", ""model.4.2.bn1.bias"", ""model.4.2.bn1.running_mean"", ""model.4.2.bn1.running_var"", ""model.4.2.conv2.weight"", ""model.4.2.bn2.weight"", ""model.4.2.bn2.bias"", ""model.4.2.bn2.running_mean"", ""model.4.2.bn2.running_var"", ""model.4.2.conv3.weight"", ""model.4.2.bn3.weight"", ""model.4.2.bn3.bias"", ""model.4.2.bn3.running_mean"", ""model.4.2.bn3.running_var"", ""model.4.3.conv1.weight"", ""model.4.3.bn1.weight"", ""model.4.3.bn1.bias"", ""model.4.3.bn1.running_mean"", ""model.4.3.bn1.running_var"", ""model.4.3.conv2.weight"", ""model.4.3.bn2.weight"", ""model.4.3.bn2.bias"", ""model.4.3.bn2.running_mean"", ""model.4.3.bn2.running_var"", ""model.4.3.conv3.weight"", ""model.4.3.bn3.weight"", ""model.4.3.bn3.bias"", ""model.4.3.bn3.running_mean"", ""model.4.3.bn3.running_var"", ""model.5.0.conv1.weight"", ""model.5.0.bn1.weight"", ""model.5.0.bn1.bias"", ""model.5.0.bn1.running_mean"", ""model.5.0.bn1.running_var"", ""model.5.0.conv2.weight"", ""model.5.0.bn2.weight"", ""model.5.0.bn2.bias"", ""model.5.0.bn2.running_mean"", ""model.5.0.bn2.running_var"", ""model.5.0.conv3.0.w"", ""model.5.0.conv3.1.weight"", ""model.5.0.bn3.weight"", ""model.5.0.bn3.bias"", ""model.5.0.bn3.running_mean"", ""model.5.0.bn3.running_var"", ""model.5.0.shortcut.0.w"", ""model.5.0.shortcut.1.weight"", ""model.5.0.shortcut.2.weight"", ""model.5.0.shortcut.2.bias"", ""model.5.0.shortcut.2.running_mean"", ""model.5.0.shortcut.2.running_var"", ""model.5.1.conv1.weight"", ""model.5.1.bn1.weight"", ""model.5.1.bn1.bias"", ""model.5.1.bn1.running_mean"", ""model.5.1.bn1.running_var"", ""model.5.1.conv2.weight"", ""model.5.1.bn2.weight"", ""model.5.1.bn2.bias"", ""model.5.1.bn2.running_mean"", ""model.5.1.bn2.running_var"", ""model.5.1.conv3.weight"", ""model.5.1.bn3.weight"", ""model.5.1.bn3.bias"", ""model.5.1.bn3.running_mean"", ""model.5.1.bn3.running_var"", ""model.5.2.conv1.weight"", ""model.5.2.bn1.weight"", ""model.5.2.bn1.bias"", ""model.5.2.bn1.running_mean"", ""model.5.2.bn1.running_var"", ""model.5.2.conv2.weight"", ""model.5.2.bn2.weight"", ""model.5.2.bn2.bias"", ""model.5.2.bn2.running_mean"", ""model.5.2.bn2.running_var"", ""model.5.2.conv3.weight"", ""model.5.2.bn3.weight"", ""model.5.2.bn3.bias"", ""model.5.2.bn3.running_mean"", ""model.5.2.bn3.running_var"", ""model.5.3.conv1.weight"", ""model.5.3.bn1.weight"", ""model.5.3.bn1.bias"", ""model.5.3.bn1.running_mean"", ""model.5.3.bn1.running_var"", ""model.5.3.conv2.weight"", ""model.5.3.bn2.weight"", ""model.5.3.bn2.bias"", ""model.5.3.bn2.running_mean"", ""model.5.3.bn2.running_var"", ""model.5.3.conv3.weight"", ""model.5.3.bn3.weight"", ""model.5.3.bn3.bias"", ""model.5.3.bn3.running_mean"", ""model.5.3.bn3.running_var"", ""model.5.4.conv1.weight"", ""model.5.4.bn1.weight"", ""model.5.4.bn1.bias"", ""model.5.4.bn1.running_mean"", ""model.5.4.bn1.running_var"", ""model.5.4.conv2.weight"", ""model.5.4.bn2.weight"", ""model.5.4.bn2.bias"", ""model.5.4.bn2.running_mean"", ""model.5.4.bn2.running_var"", ""model.5.4.conv3.weight"", ""model.5.4.bn3.weight"", ""model.5.4.bn3.bias"", ""model.5.4.bn3.running_mean"", ""model.5.4.bn3.running_var"", ""model.5.5.conv1.weight"", ""model.5.5.bn1.weight"", ""model.5.5.bn1.bias"", ""model.5.5.bn1.running_mean"", ""model.5.5.bn1.running_var"", ""model.5.5.conv2.weight"", ""model.5.5.bn2.weight"", ""model.5.5.bn2.bias"", ""model.5.5.bn2.running_mean"", ""model.5.5.bn2.running_var"", ""model.5.5.conv3.weight"", ""model.5.5.bn3.weight"", ""model.5.5.bn3.bias"", ""model.5.5.bn3.running_mean"", ""model.5.5.bn3.running_var"", ""model.6.0.conv1.weight"", ""model.6.0.bn1.weight"", ""model.6.0.bn1.bias"", ""model.6.0.bn1.running_mean"", ""model.6.0.bn1.running_var"", ""model.6.0.conv2.weight"", ""model.6.0.bn2.weight"", ""model.6.0.bn2.bias"", ""model.6.0.bn2.running_mean"", ""model.6.0.bn2.running_var"", ""model.6.0.conv3.0.w"", ""model.6.0.conv3.1.weight"", ""model.6.0.bn3.weight"", ""model.6.0.bn3.bias"", ""model.6.0.bn3.running_mean"", ""model.6.0.bn3.running_var"", ""model.6.0.shortcut.0.w"", ""model.6.0.shortcut.1.weight"", ""model.6.0.shortcut.2.weight"", ""model.6.0.shortcut.2.bias"", ""model.6.0.shortcut.2.running_mean"", ""model.6.0.shortcut.2.running_var"", ""model.6.1.conv1.weight"", ""model.6.1.bn1.weight"", ""model.6.1.bn1.bias"", ""model.6.1.bn1.running_mean"", ""model.6.1.bn1.running_var"", ""model.6.1.conv2.weight"", ""model.6.1.bn2.weight"", ""model.6.1.bn2.bias"", ""model.6.1.bn2.running_mean"", ""model.6.1.bn2.running_var"", ""model.6.1.conv3.weight"", ""model.6.1.bn3.weight"", ""model.6.1.bn3.bias"", ""model.6.1.bn3.running_mean"", ""model.6.1.bn3.running_var"", ""model.6.2.conv1.weight"", ""model.6.2.bn1.weight"", ""model.6.2.bn1.bias"", ""model.6.2.bn1.running_mean"", ""model.6.2.bn1.running_var"", ""model.6.2.conv2.weight"", ""model.6.2.bn2.weight"", ""model.6.2.bn2.bias"", ""model.6.2.bn2.running_mean"", ""model.6.2.bn2.running_var"", ""model.6.2.conv3.weight"", ""model.6.2.bn3.weight"", ""model.6.2.bn3.bias"", ""model.6.2.bn3.running_mean"", ""model.6.2.bn3.running_var"", ""fc.weight"", ""fc.bias"". \n\tUnexpected key(s) in state_dict: ""normalize.mean"", ""normalize.std"", ""model.model.0.weight"", ""model.model.1.weight"", ""model.model.1.bias"", ""model.model.1.running_mean"", ""model.model.1.running_var"", ""model.model.1.num_batches_tracked"", ""model.model.2.0.conv1.weight"", ""model.model.2.0.bn1.weight"", ""model.model.2.0.bn1.bias"", ""model.model.2.0.bn1.running_mean"", ""model.model.2.0.bn1.running_var"", ""model.model.2.0.bn1.num_batches_tracked"", ""model.model.2.0.conv2.weight"", ""model.model.2.0.bn2.weight"", ""model.model.2.0.bn2.bias"", ""model.model.2.0.bn2.running_mean"", ""model.model.2.0.bn2.running_var"", ""model.model.2.0.bn2.num_batches_tracked"", ""model.model.2.0.conv3.weight"", ""model.model.2.0.bn3.weight"", ""model.model.2.0.bn3.bias"", ""model.model.2.0.bn3.running_mean"", ""model.model.2.0.bn3.running_var"", ""model.model.2.0.bn3.num_batches_tracked"", ""model.model.2.0.shortcut.0.weight"", ""model.model.2.0.shortcut.1.weight"", ""model.model.2.0.shortcut.1.bias"", ""model.model.2.0.shortcut.1.running_mean"", ""model.model.2.0.shortcut.1.running_var"", ""model.model.2.0.shortcut.1.num_batches_tracked"", ""model.model.2.1.conv1.weight"", ""model.model.2.1.bn1.weight"", ""model.model.2.1.bn1.bias"", ""model.model.2.1.bn1.running_mean"", ""model.model.2.1.bn1.running_var"", ""model.model.2.1.bn1.num_batches_tracked"", ""model.model.2.1.conv2.weight"", ""model.model.2.1.bn2.weight"", ""model.model.2.1.bn2.bias"", ""model.model.2.1.bn2.running_mean"", ""model.model.2.1.bn2.running_var"", ""model.model.2.1.bn2.num_batches_tracked"", ""model.model.2.1.conv3.weight"", ""model.model.2.1.bn3.weight"", ""model.model.2.1.bn3.bias"", ""model.model.2.1.bn3.running_mean"", ""model.model.2.1.bn3.running_var"", ""model.model.2.1.bn3.num_batches_tracked"", ""model.model.2.2.conv1.weight"", ""model.model.2.2.bn1.weight"", ""model.model.2.2.bn1.bias"", ""model.model.2.2.bn1.running_mean"", ""model.model.2.2.bn1.running_var"", ""model.model.2.2.bn1.num_batches_tracked"", ""model.model.2.2.conv2.weight"", ""model.model.2.2.bn2.weight"", ""model.model.2.2.bn2.bias"", ""model.model.2.2.bn2.running_mean"", ""model.model.2.2.bn2.running_var"", ""model.model.2.2.bn2.num_batches_tracked"", ""model.model.2.2.conv3.weight"", ""model.model.2.2.bn3.weight"", ""model.model.2.2.bn3.bias"", ""model.model.2.2.bn3.running_mean"", ""model.model.2.2.bn3.running_var"", ""model.model.2.2.bn3.num_batches_tracked"", ""model.model.3.0.conv1.weight"", ""model.model.3.0.bn1.weight"", ""model.model.3.0.bn1.bias"", ""model.model.3.0.bn1.running_mean"", ""model.model.3.0.bn1.running_var"", ""model.model.3.0.bn1.num_batches_tracked"", ""model.model.3.0.conv2.weight"", ""model.model.3.0.bn2.weight"", ""model.model.3.0.bn2.bias"", ""model.model.3.0.bn2.running_mean"", ""model.model.3.0.bn2.running_var"", ""model.model.3.0.bn2.num_batches_tracked"", ""model.model.3.0.conv3.0.w"", ""model.model.3.0.conv3.1.weight"", ""model.model.3.0.bn3.weight"", ""model.model.3.0.bn3.bias"", ""model.model.3.0.bn3.running_mean"", ""model.model.3.0.bn3.running_var"", ""model.model.3.0.bn3.num_batches_tracked"", ""model.model.3.0.shortcut.0.w"", ""model.model.3.0.shortcut.1.weight"", ""model.model.3.0.shortcut.2.weight"", ""model.model.3.0.shortcut.2.bias"", ""model.model.3.0.shortcut.2.running_mean"", ""model.model.3.0.shortcut.2.running_var"", ""model.model.3.0.shortcut.2.num_batches_tracked"", ""model.model.3.1.conv1.weight"", ""model.model.3.1.bn1.weight"", ""model.model.3.1.bn1.bias"", ""model.model.3.1.bn1.running_mean"", ""model.model.3.1.bn1.running_var"", ""model.model.3.1.bn1.num_batches_tracked"", ""model.model.3.1.conv2.weight"", ""model.model.3.1.bn2.weight"", ""model.model.3.1.bn2.bias"", ""model.model.3.1.bn2.running_mean"", ""model.model.3.1.bn2.running_var"", ""model.model.3.1.bn2.num_batches_tracked"", ""model.model.3.1.conv3.weight"", ""model.model.3.1.bn3.weight"", ""model.model.3.1.bn3.bias"", ""model.model.3.1.bn3.running_mean"", ""model.model.3.1.bn3.running_var"", ""model.model.3.1.bn3.num_batches_tracked"", ""model.model.3.2.conv1.weight"", ""model.model.3.2.bn1.weight"", ""model.model.3.2.bn1.bias"", ""model.model.3.2.bn1.running_mean"", ""model.model.3.2.bn1.running_var"", ""model.model.3.2.bn1.num_batches_tracked"", ""model.model.3.2.conv2.weight"", ""model.model.3.2.bn2.weight"", ""model.model.3.2.bn2.bias"", ""model.model.3.2.bn2.running_mean"", ""model.model.3.2.bn2.running_var"", ""model.model.3.2.bn2.num_batches_tracked"", ""model.model.3.2.conv3.weight"", ""model.model.3.2.bn3.weight"", ""model.model.3.2.bn3.bias"", ""model.model.3.2.bn3.running_mean"", ""model.model.3.2.bn3.running_var"", ""model.model.3.2.bn3.num_batches_tracked"", ""model.model.3.3.conv1.weight"", ""model.model.3.3.bn1.weight"", ""model.model.3.3.bn1.bias"", ""model.model.3.3.bn1.running_mean"", ""model.model.3.3.bn1.running_var"", ""model.model.3.3.bn1.num_batches_tracked"", ""model.model.3.3.conv2.weight"", ""model.model.3.3.bn2.weight"", ""model.model.3.3.bn2.bias"", ""model.model.3.3.bn2.running_mean"", ""model.model.3.3.bn2.running_var"", ""model.model.3.3.bn2.num_batches_tracked"", ""model.model.3.3.conv3.weight"", ""model.model.3.3.bn3.weight"", ""model.model.3.3.bn3.bias"", ""model.model.3.3.bn3.running_mean"", ""model.model.3.3.bn3.running_var"", ""model.model.3.3.bn3.num_batches_tracked"", ""model.model.4.0.conv1.weight"", ""model.model.4.0.bn1.weight"", ""model.model.4.0.bn1.bias"", ""model.model.4.0.bn1.running_mean"", ""model.model.4.0.bn1.running_var"", ""model.model.4.0.bn1.num_batches_tracked"", ""model.model.4.0.conv2.weight"", ""model.model.4.0.bn2.weight"", ""model.model.4.0.bn2.bias"", ""model.model.4.0.bn2.running_mean"", ""model.model.4.0.bn2.running_var"", ""model.model.4.0.bn2.num_batches_tracked"", ""model.model.4.0.conv3.0.w"", ""model.model.4.0.conv3.1.weight"", ""model.model.4.0.bn3.weight"", ""model.model.4.0.bn3.bias"", ""model.model.4.0.bn3.running_mean"", ""model.model.4.0.bn3.running_var"", ""model.model.4.0.bn3.num_batches_tracked"", ""model.model.4.0.shortcut.0.w"", ""model.model.4.0.shortcut.1.weight"", ""model.model.4.0.shortcut.2.weight"", ""model.model.4.0.shortcut.2.bias"", ""model.model.4.0.shortcut.2.running_mean"", ""model.model.4.0.shortcut.2.running_var"", ""model.model.4.0.shortcut.2.num_batches_tracked"", ""model.model.4.1.conv1.weight"", ""model.model.4.1.bn1.weight"", ""model.model.4.1.bn1.bias"", ""model.model.4.1.bn1.running_mean"", ""model.model.4.1.bn1.running_var"", ""model.model.4.1.bn1.num_batches_tracked"", ""model.model.4.1.conv2.weight"", ""model.model.4.1.bn2.weight"", ""model.model.4.1.bn2.bias"", ""model.model.4.1.bn2.running_mean"", ""model.model.4.1.bn2.running_var"", ""model.model.4.1.bn2.num_batches_tracked"", ""model.model.4.1.conv3.weight"", ""model.model.4.1.bn3.weight"", ""model.model.4.1.bn3.bias"", ""model.model.4.1.bn3.running_mean"", ""model.model.4.1.bn3.running_var"", ""model.model.4.1.bn3.num_batches_tracked"", ""model.model.4.2.conv1.weight"", ""model.model.4.2.bn1.weight"", ""model.model.4.2.bn1.bias"", ""model.model.4.2.bn1.running_mean"", ""model.model.4.2.bn1.running_var"", ""model.model.4.2.bn1.num_batches_tracked"", ""model.model.4.2.conv2.weight"", ""model.model.4.2.bn2.weight"", ""model.model.4.2.bn2.bias"", ""model.model.4.2.bn2.running_mean"", ""model.model.4.2.bn2.running_var"", ""model.model.4.2.bn2.num_batches_tracked"", ""model.model.4.2.conv3.weight"", ""model.model.4.2.bn3.weight"", ""model.model.4.2.bn3.bias"", ""model.model.4.2.bn3.running_mean"", ""model.model.4.2.bn3.running_var"", ""model.model.4.2.bn3.num_batches_tracked"", ""model.model.4.3.conv1.weight"", ""model.model.4.3.bn1.weight"", ""model.model.4.3.bn1.bias"", ""model.model.4.3.bn1.running_mean"", ""model.model.4.3.bn1.running_var"", ""model.model.4.3.bn1.num_batches_tracked"", ""model.model.4.3.conv2.weight"", ""model.model.4.3.bn2.weight"", ""model.model.4.3.bn2.bias"", ""model.model.4.3.bn2.running_mean"", ""model.model.4.3.bn2.running_var"", ""model.model.4.3.bn2.num_batches_tracked"", ""model.model.4.3.conv3.weight"", ""model.model.4.3.bn3.weight"", ""model.model.4.3.bn3.bias"", ""model.model.4.3.bn3.running_mean"", ""model.model.4.3.bn3.running_var"", ""model.model.4.3.bn3.num_batches_tracked"", ""model.model.4.4.conv1.weight"", ""model.model.4.4.bn1.weight"", ""model.model.4.4.bn1.bias"", ""model.model.4.4.bn1.running_mean"", ""model.model.4.4.bn1.running_var"", ""model.model.4.4.bn1.num_batches_tracked"", ""model.model.4.4.conv2.weight"", ""model.model.4.4.bn2.weight"", ""model.model.4.4.bn2.bias"", ""model.model.4.4.bn2.running_mean"", ""model.model.4.4.bn2.running_var"", ""model.model.4.4.bn2.num_batches_tracked"", ""model.model.4.4.conv3.weight"", ""model.model.4.4.bn3.weight"", ""model.model.4.4.bn3.bias"", ""model.model.4.4.bn3.running_mean"", ""model.model.4.4.bn3.running_var"", ""model.model.4.4.bn3.num_batches_tracked"", ""model.model.4.5.conv1.weight"", ""model.model.4.5.bn1.weight"", ""model.model.4.5.bn1.bias"", ""model.model.4.5.bn1.running_mean"", ""model.model.4.5.bn1.running_var"", ""model.model.4.5.bn1.num_batches_tracked"", ""model.model.4.5.conv2.weight"", ""model.model.4.5.bn2.weight"", ""model.model.4.5.bn2.bias"", ""model.model.4.5.bn2.running_mean"", ""model.model.4.5.bn2.running_var"", ""model.model.4.5.bn2.num_batches_tracked"", ""model.model.4.5.conv3.weight"", ""model.model.4.5.bn3.weight"", ""model.model.4.5.bn3.bias"", ""model.model.4.5.bn3.running_mean"", ""model.model.4.5.bn3.running_var"", ""model.model.4.5.bn3.num_batches_tracked"", ""model.model.5.0.conv1.weight"", ""model.model.5.0.bn1.weight"", ""model.model.5.0.bn1.bias"", ""model.model.5.0.bn1.running_mean"", ""model.model.5.0.bn1.running_var"", ""model.model.5.0.bn1.num_batches_tracked"", ""model.model.5.0.conv2.weight"", ""model.model.5.0.bn2.weight"", ""model.model.5.0.bn2.bias"", ""model.model.5.0.bn2.running_mean"", ""model.model.5.0.bn2.running_var"", ""model.model.5.0.bn2.num_batches_tracked"", ""model.model.5.0.conv3.0.w"", ""model.model.5.0.conv3.1.weight"", ""model.model.5.0.bn3.weight"", ""model.model.5.0.bn3.bias"", ""model.model.5.0.bn3.running_mean"", ""model.model.5.0.bn3.running_var"", ""model.model.5.0.bn3.num_batches_tracked"", ""model.model.5.0.shortcut.0.w"", ""model.model.5.0.shortcut.1.weight"", ""model.model.5.0.shortcut.2.weight"", ""model.model.5.0.shortcut.2.bias"", ""model.model.5.0.shortcut.2.running_mean"", ""model.model.5.0.shortcut.2.running_var"", ""model.model.5.0.shortcut.2.num_batches_tracked"", ""model.model.5.1.conv1.weight"", ""model.model.5.1.bn1.weight"", ""model.model.5.1.bn1.bias"", ""model.model.5.1.bn1.running_mean"", ""model.model.5.1.bn1.running_var"", ""model.model.5.1.bn1.num_batches_tracked"", ""model.model.5.1.conv2.weight"", ""model.model.5.1.bn2.weight"", ""model.model.5.1.bn2.bias"", ""model.model.5.1.bn2.running_mean"", ""model.model.5.1.bn2.running_var"", ""model.model.5.1.bn2.num_batches_tracked"", ""model.model.5.1.conv3.weight"", ""model.model.5.1.bn3.weight"", ""model.model.5.1.bn3.bias"", ""model.model.5.1.bn3.running_mean"", ""model.model.5.1.bn3.running_var"", ""model.model.5.1.bn3.num_batches_tracked"", ""model.model.5.2.conv1.weight"", ""model.model.5.2.bn1.weight"", ""model.model.5.2.bn1.bias"", ""model.model.5.2.bn1.running_mean"", ""model.model.5.2.bn1.running_var"", ""model.model.5.2.bn1.num_batches_tracked"", ""model.model.5.2.conv2.weight"", ""model.model.5.2.bn2.weight"", ""model.model.5.2.bn2.bias"", ""model.model.5.2.bn2.running_mean"", ""model.model.5.2.bn2.running_var"", ""model.model.5.2.bn2.num_batches_tracked"", ""model.model.5.2.conv3.weight"", ""model.model.5.2.bn3.weight"", ""model.model.5.2.bn3.bias"", ""model.model.5.2.bn3.running_mean"", ""model.model.5.2.bn3.running_var"", ""model.model.5.2.bn3.num_batches_tracked"", ""model.fc.weight"", ""model.fc.bias"". \nbackbone/as_saved/strict=False: missing=[\'model.0.weight\', \'model.1.weight\', \'model.1.bias\', \'model.1.running_mean\', \'model.1.running_var\', \'model.3.0.conv1.weight\', \'model.3.0.bn1.weight\', \'model.3.0.bn1.bias\'], unexpected=[\'normalize.mean\', \'normalize.std\', \'model.model.0.weight\', \'model.model.1.weight\', \'model.model.1.bias\', \'model.model.1.running_mean\', \'model.model.1.running_var\', \'model.model.1.num_batches_tracked\']')"
models/cifar10/Linf/ResNet_LipReg_AA-TRADES.pt,lipreg_aa,,,,,,,,,,,,,,,cuda,0.967,load_failed,"RuntimeError('Could not load ResNet_LipReg_AA-TRADES.pt as lipreg_aa. Last attempts:\nwrapper/prefixed_for_wrapper/strict=True: Error(s) in loading state_dict for Sequential:\n\tMissing key(s) in state_dict: ""model.model.3.0.conv3.weight"", ""model.model.3.0.shortcut.0.weight"", ""model.model.3.0.shortcut.1.bias"", ""model.model.3.0.shortcut.1.running_mean"", ""model.model.3.0.shortcut.1.running_var"", ""model.model.5.3.conv1.weight"", ""model.model.5.3.bn1.weight"", ""model.model.5.3.bn1.bias"", ""model.model.5.3.bn1.running_mean"", ""model.model.5.3.bn1.running_var"", ""model.model.5.3.conv2.weight"", ""model.model.5.3.bn2.weight"", ""model.model.5.3.bn2.bias"", ""model.model.5.3.bn2.running_mean"", ""model.model.5.3.bn2.running_var"", ""model.model.5.3.conv3.weight"", ""model.model.5.3.bn3.weight"", ""model.model.5.3.bn3.bias"", ""model.model.5.3.bn3.running_mean"", ""model.model.5.3.bn3.running_var"", ""model.model.5.4.conv1.weight"", ""model.model.5.4.bn1.weight"", ""model.model.5.4.bn1.bias"", ""model.model.5.4.bn1.running_mean"", ""model.model.5.4.bn1.running_var"", ""model.model.5.4.conv2.weight"", ""model.model.5.4.bn2.weight"", ""model.model.5.4.bn2.bias"", ""model.model.5.4.bn2.running_mean"", ""model.model.5.4.bn2.running_var"", ""model.model.5.4.conv3.weight"", ""model.model.5.4.bn3.weight"", ""model.model.5.4.bn3.bias"", ""model.model.5.4.bn3.running_mean"", ""model.model.5.4.bn3.running_var"", ""model.model.5.5.conv1.weight"", ""model.model.5.5.bn1.weight"", ""model.model.5.5.bn1.bias"", ""model.model.5.5.bn1.running_mean"", ""model.model.5.5.bn1.running_var"", ""model.model.5.5.conv2.weight"", ""model.model.5.5.bn2.weight"", ""model.model.5.5.bn2.bias"", ""model.model.5.5.bn2.running_mean"", ""model.model.5.5.bn2.running_var"", ""model.model.5.5.conv3.weight"", ""model.model.5.5.bn3.weight"", ""model.model.5.5.bn3.bias"", ""model.model.5.5.bn3.running_mean"", ""model.model.5.5.bn3.running_var"", ""model.model.6.0.conv1.weight"", ""model.model.6.0.bn1.weight"", ""model.model.6.0.bn1.bias"", ""model.model.6.0.bn1.running_mean"", ""model.model.6.0.bn1.running_var"", ""model.model.6.0.conv2.weight"", ""model.model.6.0.bn2.weight"", ""model.model.6.0.bn2.bias"", ""model.model.6.0.bn2.running_mean"", ""model.model.6.0.bn2.running_var"", ""model.model.6.0.conv3.0.w"", ""model.model.6.0.conv3.1.weight"", ""model.model.6.0.bn3.weight"", ""model.model.6.0.bn3.bias"", ""model.model.6.0.bn3.running_mean"", ""model.model.6.0.bn3.running_var"", ""model.model.6.0.shortcut.0.w"", ""model.model.6.0.shortcut.1.weight"", ""model.model.6.0.shortcut.2.weight"", ""model.model.6.0.shortcut.2.bias"", ""model.model.6.0.shortcut.2.running_mean"", ""model.model.6.0.shortcut.2.running_var"", ""model.model.6.1.conv1.weight"", ""model.model.6.1.bn1.weight"", ""model.model.6.1.bn1.bias"", ""model.model.6.1.bn1.running_mean"", ""model.model.6.1.bn1.running_var"", ""model.model.6.1.conv2.weight"", ""model.model.6.1.bn2.weight"", ""model.model.6.1.bn2.bias"", ""model.model.6.1.bn2.running_mean"", ""model.model.6.1.bn2.running_var"", ""model.model.6.1.conv3.weight"", ""model.model.6.1.bn3.weight"", ""model.model.6.1.bn3.bias"", ""model.model.6.1.bn3.running_mean"", ""model.model.6.1.bn3.running_var"", ""model.model.6.2.conv1.weight"", ""model.model.6.2.bn1.weight"", ""model.model.6.2.bn1.bias"", ""model.model.6.2.bn1.running_mean"", ""model.model.6.2.bn1.running_var"", ""model.model.6.2.conv2.weight"", ""model.model.6.2.bn2.weight"", ""model.model.6.2.bn2.bias"", ""model.model.6.2.bn2.running_mean"", ""model.model.6.2.bn2.running_var"", ""model.model.6.2.conv3.weight"", ""model.model.6.2.bn3.weight"", ""model.model.6.2.bn3.bias"", ""model.model.6.2.bn3.running_mean"", ""model.model.6.2.bn3.running_var"". \n\tUnexpected key(s) in state_dict: ""model.model.2.0.conv1.weight"", ""model.model.2.0.bn1.weight"", ""model.model.2.0.bn1.bias"", ""model.model.2.0.bn1.running_mean"", ""model.model.2.0.bn1.running_var"", ""model.model.2.0.bn1.num_batches_tracked"", ""model.model.2.0.conv2.weight"", ""model.model.2.0.bn2.weight"", ""model.model.2.0.bn2.bias"", ""model.model.2.0.bn2.running_mean"", ""model.model.2.0.bn2.running_var"", ""model.model.2.0.bn2.num_batches_tracked"", ""model.model.2.0.conv3.weight"", ""model.model.2.0.bn3.weight"", ""model.model.2.0.bn3.bias"", ""model.model.2.0.bn3.running_mean"", ""model.model.2.0.bn3.running_var"", ""model.model.2.0.bn3.num_batches_tracked"", ""model.model.2.0.shortcut.0.weight"", ""model.model.2.0.shortcut.1.weight"", ""model.model.2.0.shortcut.1.bias"", ""model.model.2.0.shortcut.1.running_mean"", ""model.model.2.0.shortcut.1.running_var"", ""model.model.2.0.shortcut.1.num_batches_tracked"", ""model.model.2.1.conv1.weight"", ""model.model.2.1.bn1.weight"", ""model.model.2.1.bn1.bias"", ""model.model.2.1.bn1.running_mean"", ""model.model.2.1.bn1.running_var"", ""model.model.2.1.bn1.num_batches_tracked"", ""model.model.2.1.conv2.weight"", ""model.model.2.1.bn2.weight"", ""model.model.2.1.bn2.bias"", ""model.model.2.1.bn2.running_mean"", ""model.model.2.1.bn2.running_var"", ""model.model.2.1.bn2.num_batches_tracked"", ""model.model.2.1.conv3.weight"", ""model.model.2.1.bn3.weight"", ""model.model.2.1.bn3.bias"", ""model.model.2.1.bn3.running_mean"", ""model.model.2.1.bn3.running_var"", ""model.model.2.1.bn3.num_batches_tracked"", ""model.model.2.2.conv1.weight"", ""model.model.2.2.bn1.weight"", ""model.model.2.2.bn1.bias"", ""model.model.2.2.bn1.running_mean"", ""model.model.2.2.bn1.running_var"", ""model.model.2.2.bn1.num_batches_tracked"", ""model.model.2.2.conv2.weight"", ""model.model.2.2.bn2.weight"", ""model.model.2.2.bn2.bias"", ""model.model.2.2.bn2.running_mean"", ""model.model.2.2.bn2.running_var"", ""model.model.2.2.bn2.num_batches_tracked"", ""model.model.2.2.conv3.weight"", ""model.model.2.2.bn3.weight"", ""model.model.2.2.bn3.bias"", ""model.model.2.2.bn3.running_mean"", ""model.model.2.2.bn3.running_var"", ""model.model.2.2.bn3.num_batches_tracked"", ""model.model.3.3.conv1.weight"", ""model.model.3.3.bn1.weight"", ""model.model.3.3.bn1.bias"", ""model.model.3.3.bn1.running_mean"", ""model.model.3.3.bn1.running_var"", ""model.model.3.3.bn1.num_batches_tracked"", ""model.model.3.3.conv2.weight"", ""model.model.3.3.bn2.weight"", ""model.model.3.3.bn2.bias"", ""model.model.3.3.bn2.running_mean"", ""model.model.3.3.bn2.running_var"", ""model.model.3.3.bn2.num_batches_tracked"", ""model.model.3.3.conv3.weight"", ""model.model.3.3.bn3.weight"", ""model.model.3.3.bn3.bias"", ""model.model.3.3.bn3.running_mean"", ""model.model.3.3.bn3.running_var"", ""model.model.3.3.bn3.num_batches_tracked"", ""model.model.3.0.conv3.0.w"", ""model.model.3.0.conv3.1.weight"", ""model.model.3.0.shortcut.2.weight"", ""model.model.3.0.shortcut.2.bias"", ""model.model.3.0.shortcut.2.running_mean"", ""model.model.3.0.shortcut.2.running_var"", ""model.model.3.0.shortcut.2.num_batches_tracked"", ""model.model.3.0.shortcut.0.w"", ""model.model.4.4.conv1.weight"", ""model.model.4.4.bn1.weight"", ""model.model.4.4.bn1.bias"", ""model.model.4.4.bn1.running_mean"", ""model.model.4.4.bn1.running_var"", ""model.model.4.4.bn1.num_batches_tracked"", ""model.model.4.4.conv2.weight"", ""model.model.4.4.bn2.weight"", ""model.model.4.4.bn2.bias"", ""model.model.4.4.bn2.running_mean"", ""model.model.4.4.bn2.running_var"", ""model.model.4.4.bn2.num_batches_tracked"", ""model.model.4.4.conv3.weight"", ""model.model.4.4.bn3.weight"", ""model.model.4.4.bn3.bias"", ""model.model.4.4.bn3.running_mean"", ""model.model.4.4.bn3.running_var"", ""model.model.4.4.bn3.num_batches_tracked"", ""model.model.4.5.conv1.weight"", ""model.model.4.5.bn1.weight"", ""model.model.4.5.bn1.bias"", ""model.model.4.5.bn1.running_mean"", ""model.model.4.5.bn1.running_var"", ""model.model.4.5.bn1.num_batches_tracked"", ""model.model.4.5.conv2.weight"", ""model.model.4.5.bn2.weight"", ""model.model.4.5.bn2.bias"", ""model.model.4.5.bn2.running_mean"", ""model.model.4.5.bn2.running_var"", ""model.model.4.5.bn2.num_batches_tracked"", ""model.model.4.5.conv3.weight"", ""model.model.4.5.bn3.weight"", ""model.model.4.5.bn3.bias"", ""model.model.4.5.bn3.running_mean"", ""model.model.4.5.bn3.running_var"", ""model.model.4.5.bn3.num_batches_tracked"". \n\tsize mismatch for model.model.3.0.conv1.weight: copying a param with shape torch.Size([128, 256, 1, 1]) from checkpoint, the shape in current model is torch.Size([64, 64, 1, 1]).\n\tsize mismatch for model.model.3.0.bn1.weight: copying a param with shape torch.Size([128]) from checkpoint, the shape in current model is torch.Size([64]).\n\tsize mismatch for model.model.3.0.bn1.bias: copying a param with shape torch.Size([128]) from checkpoint, the shape in current model is torch.Size([64]).\n\tsize mismatch for model.model.3.0.bn1.running_mean: copying a param with shape torch.Size([128]) from checkpoint, the shape in current model is torch.Size([64]).\n\tsize mismatch for model.model.3.0.bn1.running_var: copying a param with shape torch.Size([128]) from checkpoint, the shape in current model is torch.Size([64]).\n\tsize mismatch for model.model.3.0.conv2.weight: copying a param with shape torch.Size([128, 128, 3, 3]) from checkpoint, the shape in current model is torch.Size([64, 64, 3, 3]).\n\tsize mismatch for model.model.3.0.bn2.weight: copying a param with shape torch.Size([128]) from checkpoint, the shape in current model is torch.Size([64]).\n\tsize mismatch for model.model.3.0.bn2.bias: copying a param with shape torch.Size([128]) from checkpoint, the shape in current model is torch.Size([64]).\n\tsize mismatch for model.model.3.0.bn2.running_mean: copying a param with shape torch.Size([128]) from checkpoint, the shape in current model is torch.Size([64]).\n\tsize mismatch for model.model.3.0.bn2.running_var: copying a param with shape torch.Size([128]) from checkpoint, the shape in current model is torch.Size([64]).\n\tsize mismatch for model.model.3.0.bn3.weight: copying a param with shape torch.Size([512]) from checkpoint, the shape in current model is torch.Size([256]).\n\tsize mismatch for model.model.3.0.bn3.bias: copying a param with shape torch.Size([512]) from checkpoint, the shape in current model is torch.Size([256]).\n\tsize mismatch for model.model.3.0.bn3.running_mean: copying a param with shape torch.Size([512]) from checkpoint, the shape in current model is torch.Size([256]).\n\tsize mismatch for model.model.3.0.bn3.running_var: copying a param with shape torch.Size([512]) from checkpoint, the shape in current model is torch.Size([256]).\n\tsize mismatch for model.model.3.0.shortcut.1.weight: copying a param with shape torch.Size([512, 256, 1, 1]) from checkpoint, the shape in current model is torch.Size([256]).\n\tsize mismatch for model.model.3.1.conv1.weight: copying a param with shape torch.Size([128, 512, 1, 1]) from checkpoint, the shape in current model is torch.Size([64, 256, 1, 1]).\n\tsize mismatch for model.model.3.1.bn1.weight: copying a param with shape torch.Size([128]) from checkpoint, the shape in current model is torch.Size([64]).\n\tsize mismatch for model.model.3.1.bn1.bias: copying a param with shape torch.Size([128]) from checkpoint, the shape in current model is torch.Size([64]).\n\tsize mismatch for model.model.3.1.bn1.running_mean: copying a param with shape torch.Size([128]) from checkpoint, the shape in current model is torch.Size([64]).\n\tsize mismatch for model.model.3.1.bn1.running_var: copying a param with shape torch.Size([128]) from checkpoint, the shape in current model is torch.Size([64]).\n\tsize mismatch for model.model.3.1.conv2.weight: copying a param with shape torch.Size([128, 128, 3, 3]) from checkpoint, the shape in current model is torch.Size([64, 64, 3, 3]).\n\tsize mismatch for model.model.3.1.bn2.weight: copying a param with shape torch.Size([128]) from checkpoint, the shape in current model is torch.Size([64]).\n\tsize mismatch for model.model.3.1.bn2.bias: copying a param with shape torch.Size([128]) from checkpoint, the shape in current model is torch.Size([64]).\n\tsize mismatch for model.model.3.1.bn2.running_mean: copying a param with shape torch.Size([128]) from checkpoint, the shape in current model is torch.Size([64]).\n\tsize mismatch for model.model.3.1.bn2.running_var: copying a param with shape torch.Size([128]) from checkpoint, the shape in current model is torch.Size([64]).\n\tsize mismatch for model.model.3.1.conv3.weight: copying a param with shape torch.Size([512, 128, 1, 1]) from checkpoint, the shape in current model is torch.Size([256, 64, 1, 1]).\n\tsize mismatch for model.model.3.1.bn3.weight: copying a param with shape torch.Size([512]) from checkpoint, the shape in current model is torch.Size([256]).\n\tsize mismatch for model.model.3.1.bn3.bias: copying a param with shape torch.Size([512]) from checkpoint, the shape in current model is torch.Size([256]).\n\tsize mismatch for model.model.3.1.bn3.running_mean: copying a param with shape torch.Size([512]) from checkpoint, the shape in current model is torch.Size([256]).\n\tsize mismatch for model.model.3.1.bn3.running_var: copying a param with shape torch.Size([512]) from checkpoint, the shape in current model is torch.Size([256]).\n\tsize mismatch for model.model.3.2.conv1.weight: copying a param with shape torch.Size([128, 512, 1, 1]) from checkpoint, the shape in current model is torch.Size([64, 256, 1, 1]).\n\tsize mismatch for model.model.3.2.bn1.weight: copying a param with shape torch.Size([128]) from checkpoint, the shape in current model is torch.Size([64]).\n\tsize mismatch for model.model.3.2.bn1.bias: copying a param with shape torch.Size([128]) from checkpoint, the shape in current model is torch.Size([64]).\n\tsize mismatch for model.model.3.2.bn1.running_mean: copying a param with shape torch.Size([128]) from checkpoint, the shape in current model is torch.Size([64]).\n\tsize mismatch for model.model.3.2.bn1.running_var: copying a param with shape torch.Size([128]) from checkpoint, the shape in current model is torch.Size([64]).\n\tsize mismatch for model.model.3.2.conv2.weight: copying a param with shape torch.Size([128, 128, 3, 3]) from checkpoint, the shape in current model is torch.Size([64, 64, 3, 3]).\n\tsize mismatch for model.model.3.2.bn2.weight: copying a param with shape torch.Size([128]) from checkpoint, the shape in current model is torch.Size([64]).\n\tsize mismatch for model.model.3.2.bn2.bias: copying a param with shape torch.Size([128]) from checkpoint, the shape in current model is torch.Size([64]).\n\tsize mismatch for model.model.3.2.bn2.running_mean: copying a param with shape torch.Size([128]) from checkpoint, the shape in current model is torch.Size([64]).\n\tsize mismatch for model.model.3.2.bn2.running_var: copying a param with shape torch.Size([128]) from checkpoint, the shape in current model is torch.Size([64]).\n\tsize mismatch for model.model.3.2.conv3.weight: copying a param with shape torch.Size([512, 128, 1, 1]) from checkpoint, the shape in current model is torch.Size([256, 64, 1, 1]).\n\tsize mismatch for model.model.3.2.bn3.weight: copying a param with shape torch.Size([512]) from checkpoint, the shape in current model is torch.Size([256]).\n\tsize mismatch for model.model.3.2.bn3.bias: copying a param with shape torch.Size([512]) from checkpoint, the shape in current model is torch.Size([256]).\n\tsize mismatch for model.model.3.2.bn3.running_mean: copying a param with shape torch.Size([512]) from checkpoint, the shape in current model is torch.Size([256]).\n\tsize mismatch for model.model.3.2.bn3.running_var: copying a param with shape torch.Size([512]) from checkpoint, the shape in current model is torch.Size([256]).\n\tsize mismatch for model.model.4.0.conv1.weight: copying a param with shape torch.Size([256, 512, 1, 1]) from checkpoint, the shape in current model is torch.Size([128, 256, 1, 1]).\n\tsize mismatch for model.model.4.0.bn1.weight: copying a param with shape torch.Size([256]) from checkpoint, the shape in current model is torch.Size([128]).\n\tsize mismatch for model.model.4.0.bn1.bias: copying a param with shape torch.Size([256]) from checkpoint, the shape in current model is torch.Size([128]).\n\tsize mismatch for model.model.4.0.bn1.running_mean: copying a param with shape torch.Size([256]) from checkpoint, the shape in current model is torch.Size([128]).\n\tsize mismatch for model.model.4.0.bn1.running_var: copying a param with shape torch.Size([256]) from checkpoint, the shape in current model is torch.Size([128]).\n\tsize mismatch for model.model.4.0.conv2.weight: copying a param with shape torch.Size([256, 256, 3, 3]) from checkpoint, the shape in current model is torch.Size([128, 128, 3, 3]).\n\tsize mismatch for model.model.4.0.bn2.weight: copying a param with shape torch.Size([256]) from checkpoint, the shape in current model is torch.Size([128]).\n\tsize mismatch for model.model.4.0.bn2.bias: copying a param with shape torch.Size([256]) from checkpoint, the shape in current model is torch.Size([128]).\n\tsize mismatch for model.model.4.0.bn2.running_mean: copying a param with shape torch.Size([256]) from checkpoint, the shape in current model is torch.Size([128]).\n\tsize mismatch for model.model.4.0.bn2.running_var: copying a param with shape torch.Size([256]) from checkpoint, the shape in current model is torch.Size([128]).\n\tsize mismatch for model.model.4.0.conv3.1.weight: copying a param with shape torch.Size([1024, 256, 1, 1]) from checkpoint, the shape in current model is torch.Size([512, 128, 1, 1]).\n\tsize mismatch for model.model.4.0.bn3.weight: copying a param with shape torch.Size([1024]) from checkpoint, the shape in current model is torch.Size([512]).\n\tsize mismatch for model.model.4.0.bn3.bias: copying a param with shape torch.Size([1024]) from checkpoint, the shape in current model is torch.Size([512]).\n\tsize mismatch for model.model.4.0.bn3.running_mean: copying a param with shape torch.Size([1024]) from checkpoint, the shape in current model is torch.Size([512]).\n\tsize mismatch for model.model.4.0.bn3.running_var: copying a param with shape torch.Size([1024]) from checkpoint, the shape in current model is torch.Size([512]).\n\tsize mismatch for model.model.4.0.shortcut.1.weight: copying a param with shape torch.Size([1024, 512, 1, 1]) from checkpoint, the shape in current model is torch.Size([512, 256, 1, 1]).\n\tsize mismatch for model.model.4.0.shortcut.2.weight: copying a param with shape torch.Size([1024]) from checkpoint, the shape in current model is torch.Size([512]).\n\tsize mismatch for model.model.4.0.shortcut.2.bias: copying a param with shape torch.Size([1024]) from checkpoint, the shape in current model is torch.Size([512]).\n\tsize mismatch for model.model.4.0.shortcut.2.running_mean: copying a param with shape torch.Size([1024]) from checkpoint, the shape in current model is torch.Size([512]).\n\tsize mismatch for model.model.4.0.shortcut.2.running_var: copying a param with shape torch.Size([1024]) from checkpoint, the shape in current model is torch.Size([512]).\n\tsize mismatch for model.model.4.1.conv1.weight: copying a param with shape torch.Size([256, 1024, 1, 1]) from checkpoint, the shape in current model is torch.Size([128, 512, 1, 1]).\n\tsize mismatch for model.model.4.1.bn1.weight: copying a param with shape torch.Size([256]) from checkpoint, the shape in current model is torch.Size([128]).\n\tsize mismatch for model.model.4.1.bn1.bias: copying a param with shape torch.Size([256]) from checkpoint, the shape in current model is torch.Size([128]).\n\tsize mismatch for model.model.4.1.bn1.running_mean: copying a param with shape torch.Size([256]) from checkpoint, the shape in current model is torch.Size([128]).\n\tsize mismatch for model.model.4.1.bn1.running_var: copying a param with shape torch.Size([256]) from checkpoint, the shape in current model is torch.Size([128]).\n\tsize mismatch for model.model.4.1.conv2.weight: copying a param with shape torch.Size([256, 256, 3, 3]) from checkpoint, the shape in current model is torch.Size([128, 128, 3, 3]).\n\tsize mismatch for model.model.4.1.bn2.weight: copying a param with shape torch.Size([256]) from checkpoint, the shape in current model is torch.Size([128]).\n\tsize mismatch for model.model.4.1.bn2.bias: copying a param with shape torch.Size([256]) from checkpoint, the shape in current model is torch.Size([128]).\n\tsize mismatch for model.model.4.1.bn2.running_mean: copying a param with shape torch.Size([256]) from checkpoint, the shape in current model is torch.Size([128]).\n\tsize mismatch for model.model.4.1.bn2.running_var: copying a param with shape torch.Size([256]) from checkpoint, the shape in current model is torch.Size([128]).\n\tsize mismatch for model.model.4.1.conv3.weight: copying a param with shape torch.Size([1024, 256, 1, 1]) from checkpoint, the shape in current model is torch.Size([512, 128, 1, 1]).\n\tsize mismatch for model.model.4.1.bn3.weight: copying a param with shape torch.Size([1024]) from checkpoint, the shape in current model is torch.Size([512]).\n\tsize mismatch for model.model.4.1.bn3.bias: copying a param with shape torch.Size([1024]) from checkpoint, the shape in current model is torch.Size([512]).\n\tsize mismatch for model.model.4.1.bn3.running_mean: copying a param with shape torch.Size([1024]) from checkpoint, the shape in current model is torch.Size([512]).\n\tsize mismatch for model.model.4.1.bn3.running_var: copying a param with shape torch.Size([1024]) from checkpoint, the shape in current model is torch.Size([512]).\n\tsize mismatch for model.model.4.2.conv1.weight: copying a param with shape torch.Size([256, 1024, 1, 1]) from checkpoint, the shape in current model is torch.Size([128, 512, 1, 1]).\n\tsize mismatch for model.model.4.2.bn1.weight: copying a param with shape torch.Size([256]) from checkpoint, the shape in current model is torch.Size([128]).\n\tsize mismatch for model.model.4.2.bn1.bias: copying a param with shape torch.Size([256]) from checkpoint, the shape in current model is torch.Size([128]).\n\tsize mismatch for model.model.4.2.bn1.running_mean: copying a param with shape torch.Size([256]) from checkpoint, the shape in current model is torch.Size([128]).\n\tsize mismatch for model.model.4.2.bn1.running_var: copying a param with shape torch.Size([256]) from checkpoint, the shape in current model is torch.Size([128]).\n\tsize mismatch for model.model.4.2.conv2.weight: copying a param with shape torch.Size([256, 256, 3, 3]) from checkpoint, the shape in current model is torch.Size([128, 128, 3, 3]).\n\tsize mismatch for model.model.4.2.bn2.weight: copying a param with shape torch.Size([256]) from checkpoint, the shape in current model is torch.Size([128]).\n\tsize mismatch for model.model.4.2.bn2.bias: copying a param with shape torch.Size([256]) from checkpoint, the shape in current model is torch.Size([128]).\n\tsize mismatch for model.model.4.2.bn2.running_mean: copying a param with shape torch.Size([256]) from checkpoint, the shape in current model is torch.Size([128]).\n\tsize mismatch for model.model.4.2.bn2.running_var: copying a param with shape torch.Size([256]) from checkpoint, the shape in current model is torch.Size([128]).\n\tsize mismatch for model.model.4.2.conv3.weight: copying a param with shape torch.Size([1024, 256, 1, 1]) from checkpoint, the shape in current model is torch.Size([512, 128, 1, 1]).\n\tsize mismatch for model.model.4.2.bn3.weight: copying a param with shape torch.Size([1024]) from checkpoint, the shape in current model is torch.Size([512]).\n\tsize mismatch for model.model.4.2.bn3.bias: copying a param with shape torch.Size([1024]) from checkpoint, the shape in current model is torch.Size([512]).\n\tsize mismatch for model.model.4.2.bn3.running_mean: copying a param with shape torch.Size([1024]) from checkpoint, the shape in current model is torch.Size([512]).\n\tsize mismatch for model.model.4.2.bn3.running_var: copying a param with shape torch.Size([1024]) from checkpoint, the shape in current model is torch.Size([512]).\n\tsize mismatch for model.model.4.3.conv1.weight: copying a param with shape torch.Size([256, 1024, 1, 1]) from checkpoint, the shape in current model is torch.Size([128, 512, 1, 1]).\n\tsize mismatch for model.model.4.3.bn1.weight: copying a param with shape torch.Size([256]) from checkpoint, the shape in current model is torch.Size([128]).\n\tsize mismatch for model.model.4.3.bn1.bias: copying a param with shape torch.Size([256]) from checkpoint, the shape in current model is torch.Size([128]).\n\tsize mismatch for model.model.4.3.bn1.running_mean: copying a param with shape torch.Size([256]) from checkpoint, the shape in current model is torch.Size([128]).\n\tsize mismatch for model.model.4.3.bn1.running_var: copying a param with shape torch.Size([256]) from checkpoint, the shape in current model is torch.Size([128]).\n\tsize mismatch for model.model.4.3.conv2.weight: copying a param with shape torch.Size([256, 256, 3, 3]) from checkpoint, the shape in current model is torch.Size([128, 128, 3, 3]).\n\tsize mismatch for model.model.4.3.bn2.weight: copying a param with shape torch.Size([256]) from checkpoint, the shape in current model is torch.Size([128]).\n\tsize mismatch for model.model.4.3.bn2.bias: copying a param with shape torch.Size([256]) from checkpoint, the shape in current model is torch.Size([128]).\n\tsize mismatch for model.model.4.3.bn2.running_mean: copying a param with shape torch.Size([256]) from checkpoint, the shape in current model is torch.Size([128]).\n\tsize mismatch for model.model.4.3.bn2.running_var: copying a param with shape torch.Size([256]) from checkpoint, the shape in current model is torch.Size([128]).\n\tsize mismatch for model.model.4.3.conv3.weight: copying a param with shape torch.Size([1024, 256, 1, 1]) from checkpoint, the shape in current model is torch.Size([512, 128, 1, 1]).\n\tsize mismatch for model.model.4.3.bn3.weight: copying a param with shape torch.Size([1024]) from checkpoint, the shape in current model is torch.Size([512]).\n\tsize mismatch for model.model.4.3.bn3.bias: copying a param with shape torch.Size([1024]) from checkpoint, the shape in current model is torch.Size([512]).\n\tsize mismatch for model.model.4.3.bn3.running_mean: copying a param with shape torch.Size([1024]) from checkpoint, the shape in current model is torch.Size([512]).\n\tsize mismatch for model.model.4.3.bn3.running_var: copying a param with shape torch.Size([1024]) from checkpoint, the shape in current model is torch.Size([512]).\n\tsize mismatch for model.model.5.0.conv1.weight: copying a param with shape torch.Size([512, 1024, 1, 1]) from checkpoint, the shape in current model is torch.Size([256, 512, 1, 1]).\n\tsize mismatch for model.model.5.0.bn1.weight: copying a param with shape torch.Size([512]) from checkpoint, the shape in current model is torch.Size([256]).\n\tsize mismatch for model.model.5.0.bn1.bias: copying a param with shape torch.Size([512]) from checkpoint, the shape in current model is torch.Size([256]).\n\tsize mismatch for model.model.5.0.bn1.running_mean: copying a param with shape torch.Size([512]) from checkpoint, the shape in current model is torch.Size([256]).\n\tsize mismatch for model.model.5.0.bn1.running_var: copying a param with shape torch.Size([512]) from checkpoint, the shape in current model is torch.Size([256]).\n\tsize mismatch for model.model.5.0.conv2.weight: copying a param with shape torch.Size([512, 512, 3, 3]) from checkpoint, the shape in current model is torch.Size([256, 256, 3, 3]).\n\tsize mismatch for model.model.5.0.bn2.weight: copying a param with shape torch.Size([512]) from checkpoint, the shape in current model is torch.Size([256]).\n\tsize mismatch for model.model.5.0.bn2.bias: copying a param with shape torch.Size([512]) from checkpoint, the shape in current model is torch.Size([256]).\n\tsize mismatch for model.model.5.0.bn2.running_mean: copying a param with shape torch.Size([512]) from checkpoint, the shape in current model is torch.Size([256]).\n\tsize mismatch for model.model.5.0.bn2.running_var: copying a param with shape torch.Size([512]) from checkpoint, the shape in current model is torch.Size([256]).\n\tsize mismatch for model.model.5.0.conv3.1.weight: copying a param with shape torch.Size([2048, 512, 1, 1]) from checkpoint, the shape in current model is torch.Size([1024, 256, 1, 1]).\n\tsize mismatch for model.model.5.0.bn3.weight: copying a param with shape torch.Size([2048]) from checkpoint, the shape in current model is torch.Size([1024]).\n\tsize mismatch for model.model.5.0.bn3.bias: copying a param with shape torch.Size([2048]) from checkpoint, the shape in current model is torch.Size([1024]).\n\tsize mismatch for model.model.5.0.bn3.running_mean: copying a param with shape torch.Size([2048]) from checkpoint, the shape in current model is torch.Size([1024]).\n\tsize mismatch for model.model.5.0.bn3.running_var: copying a param with shape torch.Size([2048]) from checkpoint, the shape in current model is torch.Size([1024]).\n\tsize mismatch for model.model.5.0.shortcut.1.weight: copying a param with shape torch.Size([2048, 1024, 1, 1]) from checkpoint, the shape in current model is torch.Size([1024, 512, 1, 1]).\n\tsize mismatch for model.model.5.0.shortcut.2.weight: copying a param with shape torch.Size([2048]) from checkpoint, the shape in current model is torch.Size([1024]).\n\tsize mismatch for model.model.5.0.shortcut.2.bias: copying a param with shape torch.Size([2048]) from checkpoint, the shape in current model is torch.Size([1024]).\n\tsize mismatch for model.model.5.0.shortcut.2.running_mean: copying a param with shape torch.Size([2048]) from checkpoint, the shape in current model is torch.Size([1024]).\n\tsize mismatch for model.model.5.0.shortcut.2.running_var: copying a param with shape torch.Size([2048]) from checkpoint, the shape in current model is torch.Size([1024]).\n\tsize mismatch for model.model.5.1.conv1.weight: copying a param with shape torch.Size([512, 2048, 1, 1]) from checkpoint, the shape in current model is torch.Size([256, 1024, 1, 1]).\n\tsize mismatch for model.model.5.1.bn1.weight: copying a param with shape torch.Size([512]) from checkpoint, the shape in current model is torch.Size([256]).\n\tsize mismatch for model.model.5.1.bn1.bias: copying a param with shape torch.Size([512]) from checkpoint, the shape in current model is torch.Size([256]).\n\tsize mismatch for model.model.5.1.bn1.running_mean: copying a param with shape torch.Size([512]) from checkpoint, the shape in current model is torch.Size([256]).\n\tsize mismatch for model.model.5.1.bn1.running_var: copying a param with shape torch.Size([512]) from checkpoint, the shape in current model is torch.Size([256]).\n\tsize mismatch for model.model.5.1.conv2.weight: copying a param with shape torch.Size([512, 512, 3, 3]) from checkpoint, the shape in current model is torch.Size([256, 256, 3, 3]).\n\tsize mismatch for model.model.5.1.bn2.weight: copying a param with shape torch.Size([512]) from checkpoint, the shape in current model is torch.Size([256]).\n\tsize mismatch for model.model.5.1.bn2.bias: copying a param with shape torch.Size([512]) from checkpoint, the shape in current model is torch.Size([256]).\n\tsize mismatch for model.model.5.1.bn2.running_mean: copying a param with shape torch.Size([512]) from checkpoint, the shape in current model is torch.Size([256]).\n\tsize mismatch for model.model.5.1.bn2.running_var: copying a param with shape torch.Size([512]) from checkpoint, the shape in current model is torch.Size([256]).\n\tsize mismatch for model.model.5.1.conv3.weight: copying a param with shape torch.Size([2048, 512, 1, 1]) from checkpoint, the shape in current model is torch.Size([1024, 256, 1, 1]).\n\tsize mismatch for model.model.5.1.bn3.weight: copying a param with shape torch.Size([2048]) from checkpoint, the shape in current model is torch.Size([1024]).\n\tsize mismatch for model.model.5.1.bn3.bias: copying a param with shape torch.Size([2048]) from checkpoint, the shape in current model is torch.Size([1024]).\n\tsize mismatch for model.model.5.1.bn3.running_mean: copying a param with shape torch.Size([2048]) from checkpoint, the shape in current model is torch.Size([1024]).\n\tsize mismatch for model.model.5.1.bn3.running_var: copying a param with shape torch.Size([2048]) from checkpoint, the shape in current model is torch.Size([1024]).\n\tsize mismatch for model.model.5.2.conv1.weight: copying a param with shape torch.Size([512, 2048, 1, 1]) from checkpoint, the shape in current model is torch.Size([256, 1024, 1, 1]).\n\tsize mismatch for model.model.5.2.bn1.weight: copying a param with shape torch.Size([512]) from checkpoint, the shape in current model is torch.Size([256]).\n\tsize mismatch for model.model.5.2.bn1.bias: copying a param with shape torch.Size([512]) from checkpoint, the shape in current model is torch.Size([256]).\n\tsize mismatch for model.model.5.2.bn1.running_mean: copying a param with shape torch.Size([512]) from checkpoint, the shape in current model is torch.Size([256]).\n\tsize mismatch for model.model.5.2.bn1.running_var: copying a param with shape torch.Size([512]) from checkpoint, the shape in current model is torch.Size([256]).\n\tsize mismatch for model.model.5.2.conv2.weight: copying a param with shape torch.Size([512, 512, 3, 3]) from checkpoint, the shape in current model is torch.Size([256, 256, 3, 3]).\n\tsize mismatch for model.model.5.2.bn2.weight: copying a param with shape torch.Size([512]) from checkpoint, the shape in current model is torch.Size([256]).\n\tsize mismatch for model.model.5.2.bn2.bias: copying a param with shape torch.Size([512]) from checkpoint, the shape in current model is torch.Size([256]).\n\tsize mismatch for model.model.5.2.bn2.running_mean: copying a param with shape torch.Size([512]) from checkpoint, the shape in current model is torch.Size([256]).\n\tsize mismatch for model.model.5.2.bn2.running_var: copying a param with shape torch.Size([512]) from checkpoint, the shape in current model is torch.Size([256]).\n\tsize mismatch for model.model.5.2.conv3.weight: copying a param with shape torch.Size([2048, 512, 1, 1]) from checkpoint, the shape in current model is torch.Size([1024, 256, 1, 1]).\n\tsize mismatch for model.model.5.2.bn3.weight: copying a param with shape torch.Size([2048]) from checkpoint, the shape in current model is torch.Size([1024]).\n\tsize mismatch for model.model.5.2.bn3.bias: copying a param with shape torch.Size([2048]) from checkpoint, the shape in current model is torch.Size([1024]).\n\tsize mismatch for model.model.5.2.bn3.running_mean: copying a param with shape torch.Size([2048]) from checkpoint, the shape in current model is torch.Size([1024]).\n\tsize mismatch for model.model.5.2.bn3.running_var: copying a param with shape torch.Size([2048]) from checkpoint, the shape in current model is torch.Size([1024]).\nwrapper/prefixed_for_wrapper/strict=False: Error(s) in loading state_dict for Sequential:\n\tsize mismatch for model.model.3.0.conv1.weight: copying a param with shape torch.Size([128, 256, 1, 1]) from checkpoint, the shape in current model is torch.Size([64, 64, 1, 1]).\n\tsize mismatch for model.model.3.0.bn1.weight: copying a param with shape torch.Size([128]) from checkpoint, the shape in current model is torch.Size([64]).\n\tsize mismatch for model.model.3.0.bn1.bias: copying a param with shape torch.Size([128]) from checkpoint, the shape in current model is torch.Size([64]).\n\tsize mismatch for model.model.3.0.bn1.running_mean: copying a param with shape torch.Size([128]) from checkpoint, the shape in current model is torch.Size([64]).\n\tsize mismatch for model.model.3.0.bn1.running_var: copying a param with shape torch.Size([128]) from checkpoint, the shape in current model is torch.Size([64]).\n\tsize mismatch for model.model.3.0.conv2.weight: copying a param with shape torch.Size([128, 128, 3, 3]) from checkpoint, the shape in current model is torch.Size([64, 64, 3, 3]).\n\tsize mismatch for model.model.3.0.bn2.weight: copying a param with shape torch.Size([128]) from checkpoint, the shape in current model is torch.Size([64]).\n\tsize mismatch for model.model.3.0.bn2.bias: copying a param with shape torch.Size([128]) from checkpoint, the shape in current model is torch.Size([64]).\n\tsize mismatch for model.model.3.0.bn2.running_mean: copying a param with shape torch.Size([128]) from checkpoint, the shape in current model is torch.Size([64]).\n\tsize mismatch for model.model.3.0.bn2.running_var: copying a param with shape torch.Size([128]) from checkpoint, the shape in current model is torch.Size([64]).\n\tsize mismatch for model.model.3.0.bn3.weight: copying a param with shape torch.Size([512]) from checkpoint, the shape in current model is torch.Size([256]).\n\tsize mismatch for model.model.3.0.bn3.bias: copying a param with shape torch.Size([512]) from checkpoint, the shape in current model is torch.Size([256]).\n\tsize mismatch for model.model.3.0.bn3.running_mean: copying a param with shape torch.Size([512]) from checkpoint, the shape in current model is torch.Size([256]).\n\tsize mismatch for model.model.3.0.bn3.running_var: copying a param with shape torch.Size([512]) from checkpoint, the shape in current model is torch.Size([256]).\n\tsize mismatch for model.model.3.0.shortcut.1.weight: copying a param with shape torch.Size([512, 256, 1, 1]) from checkpoint, the shape in current model is torch.Size([256]).\n\tsize mismatch for model.model.3.1.conv1.weight: copying a param with shape torch.Size([128, 512, 1, 1]) from checkpoint, the shape in current model is torch.Size([64, 256, 1, 1]).\n\tsize mismatch for model.model.3.1.bn1.weight: copying a param with shape torch.Size([128]) from checkpoint, the shape in current model is torch.Size([64]).\n\tsize mismatch for model.model.3.1.bn1.bias: copying a param with shape torch.Size([128]) from checkpoint, the shape in current model is torch.Size([64]).\n\tsize mismatch for model.model.3.1.bn1.running_mean: copying a param with shape torch.Size([128]) from checkpoint, the shape in current model is torch.Size([64]).\n\tsize mismatch for model.model.3.1.bn1.running_var: copying a param with shape torch.Size([128]) from checkpoint, the shape in current model is torch.Size([64]).\n\tsize mismatch for model.model.3.1.conv2.weight: copying a param with shape torch.Size([128, 128, 3, 3]) from checkpoint, the shape in current model is torch.Size([64, 64, 3, 3]).\n\tsize mismatch for model.model.3.1.bn2.weight: copying a param with shape torch.Size([128]) from checkpoint, the shape in current model is torch.Size([64]).\n\tsize mismatch for model.model.3.1.bn2.bias: copying a param with shape torch.Size([128]) from checkpoint, the shape in current model is torch.Size([64]).\n\tsize mismatch for model.model.3.1.bn2.running_mean: copying a param with shape torch.Size([128]) from checkpoint, the shape in current model is torch.Size([64]).\n\tsize mismatch for model.model.3.1.bn2.running_var: copying a param with shape torch.Size([128]) from checkpoint, the shape in current model is torch.Size([64]).\n\tsize mismatch for model.model.3.1.conv3.weight: copying a param with shape torch.Size([512, 128, 1, 1]) from checkpoint, the shape in current model is torch.Size([256, 64, 1, 1]).\n\tsize mismatch for model.model.3.1.bn3.weight: copying a param with shape torch.Size([512]) from checkpoint, the shape in current model is torch.Size([256]).\n\tsize mismatch for model.model.3.1.bn3.bias: copying a param with shape torch.Size([512]) from checkpoint, the shape in current model is torch.Size([256]).\n\tsize mismatch for model.model.3.1.bn3.running_mean: copying a param with shape torch.Size([512]) from checkpoint, the shape in current model is torch.Size([256]).\n\tsize mismatch for model.model.3.1.bn3.running_var: copying a param with shape torch.Size([512]) from checkpoint, the shape in current model is torch.Size([256]).\n\tsize mismatch for model.model.3.2.conv1.weight: copying a param with shape torch.Size([128, 512, 1, 1]) from checkpoint, the shape in current model is torch.Size([64, 256, 1, 1]).\n\tsize mismatch for model.model.3.2.bn1.weight: copying a param with shape torch.Size([128]) from checkpoint, the shape in current model is torch.Size([64]).\n\tsize mismatch for model.model.3.2.bn1.bias: copying a param with shape torch.Size([128]) from checkpoint, the shape in current model is torch.Size([64]).\n\tsize mismatch for model.model.3.2.bn1.running_mean: copying a param with shape torch.Size([128]) from checkpoint, the shape in current model is torch.Size([64]).\n\tsize mismatch for model.model.3.2.bn1.running_var: copying a param with shape torch.Size([128]) from checkpoint, the shape in current model is torch.Size([64]).\n\tsize mismatch for model.model.3.2.conv2.weight: copying a param with shape torch.Size([128, 128, 3, 3]) from checkpoint, the shape in current model is torch.Size([64, 64, 3, 3]).\n\tsize mismatch for model.model.3.2.bn2.weight: copying a param with shape torch.Size([128]) from checkpoint, the shape in current model is torch.Size([64]).\n\tsize mismatch for model.model.3.2.bn2.bias: copying a param with shape torch.Size([128]) from checkpoint, the shape in current model is torch.Size([64]).\n\tsize mismatch for model.model.3.2.bn2.running_mean: copying a param with shape torch.Size([128]) from checkpoint, the shape in current model is torch.Size([64]).\n\tsize mismatch for model.model.3.2.bn2.running_var: copying a param with shape torch.Size([128]) from checkpoint, the shape in current model is torch.Size([64]).\n\tsize mismatch for model.model.3.2.conv3.weight: copying a param with shape torch.Size([512, 128, 1, 1]) from checkpoint, the shape in current model is torch.Size([256, 64, 1, 1]).\n\tsize mismatch for model.model.3.2.bn3.weight: copying a param with shape torch.Size([512]) from checkpoint, the shape in current model is torch.Size([256]).\n\tsize mismatch for model.model.3.2.bn3.bias: copying a param with shape torch.Size([512]) from checkpoint, the shape in current model is torch.Size([256]).\n\tsize mismatch for model.model.3.2.bn3.running_mean: copying a param with shape torch.Size([512]) from checkpoint, the shape in current model is torch.Size([256]).\n\tsize mismatch for model.model.3.2.bn3.running_var: copying a param with shape torch.Size([512]) from checkpoint, the shape in current model is torch.Size([256]).\n\tsize mismatch for model.model.4.0.conv1.weight: copying a param with shape torch.Size([256, 512, 1, 1]) from checkpoint, the shape in current model is torch.Size([128, 256, 1, 1]).\n\tsize mismatch for model.model.4.0.bn1.weight: copying a param with shape torch.Size([256]) from checkpoint, the shape in current model is torch.Size([128]).\n\tsize mismatch for model.model.4.0.bn1.bias: copying a param with shape torch.Size([256]) from checkpoint, the shape in current model is torch.Size([128]).\n\tsize mismatch for model.model.4.0.bn1.running_mean: copying a param with shape torch.Size([256]) from checkpoint, the shape in current model is torch.Size([128]).\n\tsize mismatch for model.model.4.0.bn1.running_var: copying a param with shape torch.Size([256]) from checkpoint, the shape in current model is torch.Size([128]).\n\tsize mismatch for model.model.4.0.conv2.weight: copying a param with shape torch.Size([256, 256, 3, 3]) from checkpoint, the shape in current model is torch.Size([128, 128, 3, 3]).\n\tsize mismatch for model.model.4.0.bn2.weight: copying a param with shape torch.Size([256]) from checkpoint, the shape in current model is torch.Size([128]).\n\tsize mismatch for model.model.4.0.bn2.bias: copying a param with shape torch.Size([256]) from checkpoint, the shape in current model is torch.Size([128]).\n\tsize mismatch for model.model.4.0.bn2.running_mean: copying a param with shape torch.Size([256]) from checkpoint, the shape in current model is torch.Size([128]).\n\tsize mismatch for model.model.4.0.bn2.running_var: copying a param with shape torch.Size([256]) from checkpoint, the shape in current model is torch.Size([128]).\n\tsize mismatch for model.model.4.0.conv3.1.weight: copying a param with shape torch.Size([1024, 256, 1, 1]) from checkpoint, the shape in current model is torch.Size([512, 128, 1, 1]).\n\tsize mismatch for model.model.4.0.bn3.weight: copying a param with shape torch.Size([1024]) from checkpoint, the shape in current model is torch.Size([512]).\n\tsize mismatch for model.model.4.0.bn3.bias: copying a param with shape torch.Size([1024]) from checkpoint, the shape in current model is torch.Size([512]).\n\tsize mismatch for model.model.4.0.bn3.running_mean: copying a param with shape torch.Size([1024]) from checkpoint, the shape in current model is torch.Size([512]).\n\tsize mismatch for model.model.4.0.bn3.running_var: copying a param with shape torch.Size([1024]) from checkpoint, the shape in current model is torch.Size([512]).\n\tsize mismatch for model.model.4.0.shortcut.1.weight: copying a param with shape torch.Size([1024, 512, 1, 1]) from checkpoint, the shape in current model is torch.Size([512, 256, 1, 1]).\n\tsize mismatch for model.model.4.0.shortcut.2.weight: copying a param with shape torch.Size([1024]) from checkpoint, the shape in current model is torch.Size([512]).\n\tsize mismatch for model.model.4.0.shortcut.2.bias: copying a param with shape torch.Size([1024]) from checkpoint, the shape in current model is torch.Size([512]).\n\tsize mismatch for model.model.4.0.shortcut.2.running_mean: copying a param with shape torch.Size([1024]) from checkpoint, the shape in current model is torch.Size([512]).\n\tsize mismatch for model.model.4.0.shortcut.2.running_var: copying a param with shape torch.Size([1024]) from checkpoint, the shape in current model is torch.Size([512]).\n\tsize mismatch for model.model.4.1.conv1.weight: copying a param with shape torch.Size([256, 1024, 1, 1]) from checkpoint, the shape in current model is torch.Size([128, 512, 1, 1]).\n\tsize mismatch for model.model.4.1.bn1.weight: copying a param with shape torch.Size([256]) from checkpoint, the shape in current model is torch.Size([128]).\n\tsize mismatch for model.model.4.1.bn1.bias: copying a param with shape torch.Size([256]) from checkpoint, the shape in current model is torch.Size([128]).\n\tsize mismatch for model.model.4.1.bn1.running_mean: copying a param with shape torch.Size([256]) from checkpoint, the shape in current model is torch.Size([128]).\n\tsize mismatch for model.model.4.1.bn1.running_var: copying a param with shape torch.Size([256]) from checkpoint, the shape in current model is torch.Size([128]).\n\tsize mismatch for model.model.4.1.conv2.weight: copying a param with shape torch.Size([256, 256, 3, 3]) from checkpoint, the shape in current model is torch.Size([128, 128, 3, 3]).\n\tsize mismatch for model.model.4.1.bn2.weight: copying a param with shape torch.Size([256]) from checkpoint, the shape in current model is torch.Size([128]).\n\tsize mismatch for model.model.4.1.bn2.bias: copying a param with shape torch.Size([256]) from checkpoint, the shape in current model is torch.Size([128]).\n\tsize mismatch for model.model.4.1.bn2.running_mean: copying a param with shape torch.Size([256]) from checkpoint, the shape in current model is torch.Size([128]).\n\tsize mismatch for model.model.4.1.bn2.running_var: copying a param with shape torch.Size([256]) from checkpoint, the shape in current model is torch.Size([128]).\n\tsize mismatch for model.model.4.1.conv3.weight: copying a param with shape torch.Size([1024, 256, 1, 1]) from checkpoint, the shape in current model is torch.Size([512, 128, 1, 1]).\n\tsize mismatch for model.model.4.1.bn3.weight: copying a param with shape torch.Size([1024]) from checkpoint, the shape in current model is torch.Size([512]).\n\tsize mismatch for model.model.4.1.bn3.bias: copying a param with shape torch.Size([1024]) from checkpoint, the shape in current model is torch.Size([512]).\n\tsize mismatch for model.model.4.1.bn3.running_mean: copying a param with shape torch.Size([1024]) from checkpoint, the shape in current model is torch.Size([512]).\n\tsize mismatch for model.model.4.1.bn3.running_var: copying a param with shape torch.Size([1024]) from checkpoint, the shape in current model is torch.Size([512]).\n\tsize mismatch for model.model.4.2.conv1.weight: copying a param with shape torch.Size([256, 1024, 1, 1]) from checkpoint, the shape in current model is torch.Size([128, 512, 1, 1]).\n\tsize mismatch for model.model.4.2.bn1.weight: copying a param with shape torch.Size([256]) from checkpoint, the shape in current model is torch.Size([128]).\n\tsize mismatch for model.model.4.2.bn1.bias: copying a param with shape torch.Size([256]) from checkpoint, the shape in current model is torch.Size([128]).\n\tsize mismatch for model.model.4.2.bn1.running_mean: copying a param with shape torch.Size([256]) from checkpoint, the shape in current model is torch.Size([128]).\n\tsize mismatch for model.model.4.2.bn1.running_var: copying a param with shape torch.Size([256]) from checkpoint, the shape in current model is torch.Size([128]).\n\tsize mismatch for model.model.4.2.conv2.weight: copying a param with shape torch.Size([256, 256, 3, 3]) from checkpoint, the shape in current model is torch.Size([128, 128, 3, 3]).\n\tsize mismatch for model.model.4.2.bn2.weight: copying a param with shape torch.Size([256]) from checkpoint, the shape in current model is torch.Size([128]).\n\tsize mismatch for model.model.4.2.bn2.bias: copying a param with shape torch.Size([256]) from checkpoint, the shape in current model is torch.Size([128]).\n\tsize mismatch for model.model.4.2.bn2.running_mean: copying a param with shape torch.Size([256]) from checkpoint, the shape in current model is torch.Size([128]).\n\tsize mismatch for model.model.4.2.bn2.running_var: copying a param with shape torch.Size([256]) from checkpoint, the shape in current model is torch.Size([128]).\n\tsize mismatch for model.model.4.2.conv3.weight: copying a param with shape torch.Size([1024, 256, 1, 1]) from checkpoint, the shape in current model is torch.Size([512, 128, 1, 1]).\n\tsize mismatch for model.model.4.2.bn3.weight: copying a param with shape torch.Size([1024]) from checkpoint, the shape in current model is torch.Size([512]).\n\tsize mismatch for model.model.4.2.bn3.bias: copying a param with shape torch.Size([1024]) from checkpoint, the shape in current model is torch.Size([512]).\n\tsize mismatch for model.model.4.2.bn3.running_mean: copying a param with shape torch.Size([1024]) from checkpoint, the shape in current model is torch.Size([512]).\n\tsize mismatch for model.model.4.2.bn3.running_var: copying a param with shape torch.Size([1024]) from checkpoint, the shape in current model is torch.Size([512]).\n\tsize mismatch for model.model.4.3.conv1.weight: copying a param with shape torch.Size([256, 1024, 1, 1]) from checkpoint, the shape in current model is torch.Size([128, 512, 1, 1]).\n\tsize mismatch for model.model.4.3.bn1.weight: copying a param with shape torch.Size([256]) from checkpoint, the shape in current model is torch.Size([128]).\n\tsize mismatch for model.model.4.3.bn1.bias: copying a param with shape torch.Size([256]) from checkpoint, the shape in current model is torch.Size([128]).\n\tsize mismatch for model.model.4.3.bn1.running_mean: copying a param with shape torch.Size([256]) from checkpoint, the shape in current model is torch.Size([128]).\n\tsize mismatch for model.model.4.3.bn1.running_var: copying a param with shape torch.Size([256]) from checkpoint, the shape in current model is torch.Size([128]).\n\tsize mismatch for model.model.4.3.conv2.weight: copying a param with shape torch.Size([256, 256, 3, 3]) from checkpoint, the shape in current model is torch.Size([128, 128, 3, 3]).\n\tsize mismatch for model.model.4.3.bn2.weight: copying a param with shape torch.Size([256]) from checkpoint, the shape in current model is torch.Size([128]).\n\tsize mismatch for model.model.4.3.bn2.bias: copying a param with shape torch.Size([256]) from checkpoint, the shape in current model is torch.Size([128]).\n\tsize mismatch for model.model.4.3.bn2.running_mean: copying a param with shape torch.Size([256]) from checkpoint, the shape in current model is torch.Size([128]).\n\tsize mismatch for model.model.4.3.bn2.running_var: copying a param with shape torch.Size([256]) from checkpoint, the shape in current model is torch.Size([128]).\n\tsize mismatch for model.model.4.3.conv3.weight: copying a param with shape torch.Size([1024, 256, 1, 1]) from checkpoint, the shape in current model is torch.Size([512, 128, 1, 1]).\n\tsize mismatch for model.model.4.3.bn3.weight: copying a param with shape torch.Size([1024]) from checkpoint, the shape in current model is torch.Size([512]).\n\tsize mismatch for model.model.4.3.bn3.bias: copying a param with shape torch.Size([1024]) from checkpoint, the shape in current model is torch.Size([512]).\n\tsize mismatch for model.model.4.3.bn3.running_mean: copying a param with shape torch.Size([1024]) from checkpoint, the shape in current model is torch.Size([512]).\n\tsize mismatch for model.model.4.3.bn3.running_var: copying a param with shape torch.Size([1024]) from checkpoint, the shape in current model is torch.Size([512]).\n\tsize mismatch for model.model.5.0.conv1.weight: copying a param with shape torch.Size([512, 1024, 1, 1]) from checkpoint, the shape in current model is torch.Size([256, 512, 1, 1]).\n\tsize mismatch for model.model.5.0.bn1.weight: copying a param with shape torch.Size([512]) from checkpoint, the shape in current model is torch.Size([256]).\n\tsize mismatch for model.model.5.0.bn1.bias: copying a param with shape torch.Size([512]) from checkpoint, the shape in current model is torch.Size([256]).\n\tsize mismatch for model.model.5.0.bn1.running_mean: copying a param with shape torch.Size([512]) from checkpoint, the shape in current model is torch.Size([256]).\n\tsize mismatch for model.model.5.0.bn1.running_var: copying a param with shape torch.Size([512]) from checkpoint, the shape in current model is torch.Size([256]).\n\tsize mismatch for model.model.5.0.conv2.weight: copying a param with shape torch.Size([512, 512, 3, 3]) from checkpoint, the shape in current model is torch.Size([256, 256, 3, 3]).\n\tsize mismatch for model.model.5.0.bn2.weight: copying a param with shape torch.Size([512]) from checkpoint, the shape in current model is torch.Size([256]).\n\tsize mismatch for model.model.5.0.bn2.bias: copying a param with shape torch.Size([512]) from checkpoint, the shape in current model is torch.Size([256]).\n\tsize mismatch for model.model.5.0.bn2.running_mean: copying a param with shape torch.Size([512]) from checkpoint, the shape in current model is torch.Size([256]).\n\tsize mismatch for model.model.5.0.bn2.running_var: copying a param with shape torch.Size([512]) from checkpoint, the shape in current model is torch.Size([256]).\n\tsize mismatch for model.model.5.0.conv3.1.weight: copying a param with shape torch.Size([2048, 512, 1, 1]) from checkpoint, the shape in current model is torch.Size([1024, 256, 1, 1]).\n\tsize mismatch for model.model.5.0.bn3.weight: copying a param with shape torch.Size([2048]) from checkpoint, the shape in current model is torch.Size([1024]).\n\tsize mismatch for model.model.5.0.bn3.bias: copying a param with shape torch.Size([2048]) from checkpoint, the shape in current model is torch.Size([1024]).\n\tsize mismatch for model.model.5.0.bn3.running_mean: copying a param with shape torch.Size([2048]) from checkpoint, the shape in current model is torch.Size([1024]).\n\tsize mismatch for model.model.5.0.bn3.running_var: copying a param with shape torch.Size([2048]) from checkpoint, the shape in current model is torch.Size([1024]).\n\tsize mismatch for model.model.5.0.shortcut.1.weight: copying a param with shape torch.Size([2048, 1024, 1, 1]) from checkpoint, the shape in current model is torch.Size([1024, 512, 1, 1]).\n\tsize mismatch for model.model.5.0.shortcut.2.weight: copying a param with shape torch.Size([2048]) from checkpoint, the shape in current model is torch.Size([1024]).\n\tsize mismatch for model.model.5.0.shortcut.2.bias: copying a param with shape torch.Size([2048]) from checkpoint, the shape in current model is torch.Size([1024]).\n\tsize mismatch for model.model.5.0.shortcut.2.running_mean: copying a param with shape torch.Size([2048]) from checkpoint, the shape in current model is torch.Size([1024]).\n\tsize mismatch for model.model.5.0.shortcut.2.running_var: copying a param with shape torch.Size([2048]) from checkpoint, the shape in current model is torch.Size([1024]).\n\tsize mismatch for model.model.5.1.conv1.weight: copying a param with shape torch.Size([512, 2048, 1, 1]) from checkpoint, the shape in current model is torch.Size([256, 1024, 1, 1]).\n\tsize mismatch for model.model.5.1.bn1.weight: copying a param with shape torch.Size([512]) from checkpoint, the shape in current model is torch.Size([256]).\n\tsize mismatch for model.model.5.1.bn1.bias: copying a param with shape torch.Size([512]) from checkpoint, the shape in current model is torch.Size([256]).\n\tsize mismatch for model.model.5.1.bn1.running_mean: copying a param with shape torch.Size([512]) from checkpoint, the shape in current model is torch.Size([256]).\n\tsize mismatch for model.model.5.1.bn1.running_var: copying a param with shape torch.Size([512]) from checkpoint, the shape in current model is torch.Size([256]).\n\tsize mismatch for model.model.5.1.conv2.weight: copying a param with shape torch.Size([512, 512, 3, 3]) from checkpoint, the shape in current model is torch.Size([256, 256, 3, 3]).\n\tsize mismatch for model.model.5.1.bn2.weight: copying a param with shape torch.Size([512]) from checkpoint, the shape in current model is torch.Size([256]).\n\tsize mismatch for model.model.5.1.bn2.bias: copying a param with shape torch.Size([512]) from checkpoint, the shape in current model is torch.Size([256]).\n\tsize mismatch for model.model.5.1.bn2.running_mean: copying a param with shape torch.Size([512]) from checkpoint, the shape in current model is torch.Size([256]).\n\tsize mismatch for model.model.5.1.bn2.running_var: copying a param with shape torch.Size([512]) from checkpoint, the shape in current model is torch.Size([256]).\n\tsize mismatch for model.model.5.1.conv3.weight: copying a param with shape torch.Size([2048, 512, 1, 1]) from checkpoint, the shape in current model is torch.Size([1024, 256, 1, 1]).\n\tsize mismatch for model.model.5.1.bn3.weight: copying a param with shape torch.Size([2048]) from checkpoint, the shape in current model is torch.Size([1024]).\n\tsize mismatch for model.model.5.1.bn3.bias: copying a param with shape torch.Size([2048]) from checkpoint, the shape in current model is torch.Size([1024]).\n\tsize mismatch for model.model.5.1.bn3.running_mean: copying a param with shape torch.Size([2048]) from checkpoint, the shape in current model is torch.Size([1024]).\n\tsize mismatch for model.model.5.1.bn3.running_var: copying a param with shape torch.Size([2048]) from checkpoint, the shape in current model is torch.Size([1024]).\n\tsize mismatch for model.model.5.2.conv1.weight: copying a param with shape torch.Size([512, 2048, 1, 1]) from checkpoint, the shape in current model is torch.Size([256, 1024, 1, 1]).\n\tsize mismatch for model.model.5.2.bn1.weight: copying a param with shape torch.Size([512]) from checkpoint, the shape in current model is torch.Size([256]).\n\tsize mismatch for model.model.5.2.bn1.bias: copying a param with shape torch.Size([512]) from checkpoint, the shape in current model is torch.Size([256]).\n\tsize mismatch for model.model.5.2.bn1.running_mean: copying a param with shape torch.Size([512]) from checkpoint, the shape in current model is torch.Size([256]).\n\tsize mismatch for model.model.5.2.bn1.running_var: copying a param with shape torch.Size([512]) from checkpoint, the shape in current model is torch.Size([256]).\n\tsize mismatch for model.model.5.2.conv2.weight: copying a param with shape torch.Size([512, 512, 3, 3]) from checkpoint, the shape in current model is torch.Size([256, 256, 3, 3]).\n\tsize mismatch for model.model.5.2.bn2.weight: copying a param with shape torch.Size([512]) from checkpoint, the shape in current model is torch.Size([256]).\n\tsize mismatch for model.model.5.2.bn2.bias: copying a param with shape torch.Size([512]) from checkpoint, the shape in current model is torch.Size([256]).\n\tsize mismatch for model.model.5.2.bn2.running_mean: copying a param with shape torch.Size([512]) from checkpoint, the shape in current model is torch.Size([256]).\n\tsize mismatch for model.model.5.2.bn2.running_var: copying a param with shape torch.Size([512]) from checkpoint, the shape in current model is torch.Size([256]).\n\tsize mismatch for model.model.5.2.conv3.weight: copying a param with shape torch.Size([2048, 512, 1, 1]) from checkpoint, the shape in current model is torch.Size([1024, 256, 1, 1]).\n\tsize mismatch for model.model.5.2.bn3.weight: copying a param with shape torch.Size([2048]) from checkpoint, the shape in current model is torch.Size([1024]).\n\tsize mismatch for model.model.5.2.bn3.bias: copying a param with shape torch.Size([2048]) from checkpoint, the shape in current model is torch.Size([1024]).\n\tsize mismatch for model.model.5.2.bn3.running_mean: copying a param with shape torch.Size([2048]) from checkpoint, the shape in current model is torch.Size([1024]).\n\tsize mismatch for model.model.5.2.bn3.running_var: copying a param with shape torch.Size([2048]) from checkpoint, the shape in current model is torch.Size([1024]).\nbackbone/stripped_for_backbone/strict=True: Error(s) in loading state_dict for LipReg_aa:\n\tMissing key(s) in state_dict: ""model.3.0.conv3.weight"", ""model.3.0.shortcut.0.weight"", ""model.3.0.shortcut.1.bias"", ""model.3.0.shortcut.1.running_mean"", ""model.3.0.shortcut.1.running_var"", ""model.5.3.conv1.weight"", ""model.5.3.bn1.weight"", ""model.5.3.bn1.bias"", ""model.5.3.bn1.running_mean"", ""model.5.3.bn1.running_var"", ""model.5.3.conv2.weight"", ""model.5.3.bn2.weight"", ""model.5.3.bn2.bias"", ""model.5.3.bn2.running_mean"", ""model.5.3.bn2.running_var"", ""model.5.3.conv3.weight"", ""model.5.3.bn3.weight"", ""model.5.3.bn3.bias"", ""model.5.3.bn3.running_mean"", ""model.5.3.bn3.running_var"", ""model.5.4.conv1.weight"", ""model.5.4.bn1.weight"", ""model.5.4.bn1.bias"", ""model.5.4.bn1.running_mean"", ""model.5.4.bn1.running_var"", ""model.5.4.conv2.weight"", ""model.5.4.bn2.weight"", ""model.5.4.bn2.bias"", ""model.5.4.bn2.running_mean"", ""model.5.4.bn2.running_var"", ""model.5.4.conv3.weight"", ""model.5.4.bn3.weight"", ""model.5.4.bn3.bias"", ""model.5.4.bn3.running_mean"", ""model.5.4.bn3.running_var"", ""model.5.5.conv1.weight"", ""model.5.5.bn1.weight"", ""model.5.5.bn1.bias"", ""model.5.5.bn1.running_mean"", ""model.5.5.bn1.running_var"", ""model.5.5.conv2.weight"", ""model.5.5.bn2.weight"", ""model.5.5.bn2.bias"", ""model.5.5.bn2.running_mean"", ""model.5.5.bn2.running_var"", ""model.5.5.conv3.weight"", ""model.5.5.bn3.weight"", ""model.5.5.bn3.bias"", ""model.5.5.bn3.running_mean"", ""model.5.5.bn3.running_var"", ""model.6.0.conv1.weight"", ""model.6.0.bn1.weight"", ""model.6.0.bn1.bias"", ""model.6.0.bn1.running_mean"", ""model.6.0.bn1.running_var"", ""model.6.0.conv2.weight"", ""model.6.0.bn2.weight"", ""model.6.0.bn2.bias"", ""model.6.0.bn2.running_mean"", ""model.6.0.bn2.running_var"", ""model.6.0.conv3.0.w"", ""model.6.0.conv3.1.weight"", ""model.6.0.bn3.weight"", ""model.6.0.bn3.bias"", ""model.6.0.bn3.running_mean"", ""model.6.0.bn3.running_var"", ""model.6.0.shortcut.0.w"", ""model.6.0.shortcut.1.weight"", ""model.6.0.shortcut.2.weight"", ""model.6.0.shortcut.2.bias"", ""model.6.0.shortcut.2.running_mean"", ""model.6.0.shortcut.2.running_var"", ""model.6.1.conv1.weight"", ""model.6.1.bn1.weight"", ""model.6.1.bn1.bias"", ""model.6.1.bn1.running_mean"", ""model.6.1.bn1.running_var"", ""model.6.1.conv2.weight"", ""model.6.1.bn2.weight"", ""model.6.1.bn2.bias"", ""model.6.1.bn2.running_mean"", ""model.6.1.bn2.running_var"", ""model.6.1.conv3.weight"", ""model.6.1.bn3.weight"", ""model.6.1.bn3.bias"", ""model.6.1.bn3.running_mean"", ""model.6.1.bn3.running_var"", ""model.6.2.conv1.weight"", ""model.6.2.bn1.weight"", ""model.6.2.bn1.bias"", ""model.6.2.bn1.running_mean"", ""model.6.2.bn1.running_var"", ""model.6.2.conv2.weight"", ""model.6.2.bn2.weight"", ""model.6.2.bn2.bias"", ""model.6.2.bn2.running_mean"", ""model.6.2.bn2.running_var"", ""model.6.2.conv3.weight"", ""model.6.2.bn3.weight"", ""model.6.2.bn3.bias"", ""model.6.2.bn3.running_mean"", ""model.6.2.bn3.running_var"". \n\tUnexpected key(s) in state_dict: ""model.2.0.conv1.weight"", ""model.2.0.bn1.weight"", ""model.2.0.bn1.bias"", ""model.2.0.bn1.running_mean"", ""model.2.0.bn1.running_var"", ""model.2.0.bn1.num_batches_tracked"", ""model.2.0.conv2.weight"", ""model.2.0.bn2.weight"", ""model.2.0.bn2.bias"", ""model.2.0.bn2.running_mean"", ""model.2.0.bn2.running_var"", ""model.2.0.bn2.num_batches_tracked"", ""model.2.0.conv3.weight"", ""model.2.0.bn3.weight"", ""model.2.0.bn3.bias"", ""model.2.0.bn3.running_mean"", ""model.2.0.bn3.running_var"", ""model.2.0.bn3.num_batches_tracked"", ""model.2.0.shortcut.0.weight"", ""model.2.0.shortcut.1.weight"", ""model.2.0.shortcut.1.bias"", ""model.2.0.shortcut.1.running_mean"", ""model.2.0.shortcut.1.running_var"", ""model.2.0.shortcut.1.num_batches_tracked"", ""model.2.1.conv1.weight"", ""model.2.1.bn1.weight"", ""model.2.1.bn1.bias"", ""model.2.1.bn1.running_mean"", ""model.2.1.bn1.running_var"", ""model.2.1.bn1.num_batches_tracked"", ""model.2.1.conv2.weight"", ""model.2.1.bn2.weight"", ""model.2.1.bn2.bias"", ""model.2.1.bn2.running_mean"", ""model.2.1.bn2.running_var"", ""model.2.1.bn2.num_batches_tracked"", ""model.2.1.conv3.weight"", ""model.2.1.bn3.weight"", ""model.2.1.bn3.bias"", ""model.2.1.bn3.running_mean"", ""model.2.1.bn3.running_var"", ""model.2.1.bn3.num_batches_tracked"", ""model.2.2.conv1.weight"", ""model.2.2.bn1.weight"", ""model.2.2.bn1.bias"", ""model.2.2.bn1.running_mean"", ""model.2.2.bn1.running_var"", ""model.2.2.bn1.num_batches_tracked"", ""model.2.2.conv2.weight"", ""model.2.2.bn2.weight"", ""model.2.2.bn2.bias"", ""model.2.2.bn2.running_mean"", ""model.2.2.bn2.running_var"", ""model.2.2.bn2.num_batches_tracked"", ""model.2.2.conv3.weight"", ""model.2.2.bn3.weight"", ""model.2.2.bn3.bias"", ""model.2.2.bn3.running_mean"", ""model.2.2.bn3.running_var"", ""model.2.2.bn3.num_batches_tracked"", ""model.3.3.conv1.weight"", ""model.3.3.bn1.weight"", ""model.3.3.bn1.bias"", ""model.3.3.bn1.running_mean"", ""model.3.3.bn1.running_var"", ""model.3.3.bn1.num_batches_tracked"", ""model.3.3.conv2.weight"", ""model.3.3.bn2.weight"", ""model.3.3.bn2.bias"", ""model.3.3.bn2.running_mean"", ""model.3.3.bn2.running_var"", ""model.3.3.bn2.num_batches_tracked"", ""model.3.3.conv3.weight"", ""model.3.3.bn3.weight"", ""model.3.3.bn3.bias"", ""model.3.3.bn3.running_mean"", ""model.3.3.bn3.running_var"", ""model.3.3.bn3.num_batches_tracked"", ""model.3.0.conv3.0.w"", ""model.3.0.conv3.1.weight"", ""model.3.0.shortcut.2.weight"", ""model.3.0.shortcut.2.bias"", ""model.3.0.shortcut.2.running_mean"", ""model.3.0.shortcut.2.running_var"", ""model.3.0.shortcut.2.num_batches_tracked"", ""model.3.0.shortcut.0.w"", ""model.4.4.conv1.weight"", ""model.4.4.bn1.weight"", ""model.4.4.bn1.bias"", ""model.4.4.bn1.running_mean"", ""model.4.4.bn1.running_var"", ""model.4.4.bn1.num_batches_tracked"", ""model.4.4.conv2.weight"", ""model.4.4.bn2.weight"", ""model.4.4.bn2.bias"", ""model.4.4.bn2.running_mean"", ""model.4.4.bn2.running_var"", ""model.4.4.bn2.num_batches_tracked"", ""model.4.4.conv3.weight"", ""model.4.4.bn3.weight"", ""model.4.4.bn3.bias"", ""model.4.4.bn3.running_mean"", ""model.4.4.bn3.running_var"", ""model.4.4.bn3.num_batches_tracked"", ""model.4.5.conv1.weight"", ""model.4.5.bn1.weight"", ""model.4.5.bn1.bias"", ""model.4.5.bn1.running_mean"", ""model.4.5.bn1.running_var"", ""model.4.5.bn1.num_batches_tracked"", ""model.4.5.conv2.weight"", ""model.4.5.bn2.weight"", ""model.4.5.bn2.bias"", ""model.4.5.bn2.running_mean"", ""model.4.5.bn2.running_var"", ""model.4.5.bn2.num_batches_tracked"", ""model.4.5.conv3.weight"", ""model.4.5.bn3.weight"", ""model.4.5.bn3.bias"", ""model.4.5.bn3.running_mean"", ""model.4.5.bn3.running_var"", ""model.4.5.bn3.num_batches_tracked"". \n\tsize mismatch for model.3.0.conv1.weight: copying a param with shape torch.Size([128, 256, 1, 1]) from checkpoint, the shape in current model is torch.Size([64, 64, 1, 1]).\n\tsize mismatch for model.3.0.bn1.weight: copying a param with shape torch.Size([128]) from checkpoint, the shape in current model is torch.Size([64]).\n\tsize mismatch for model.3.0.bn1.bias: copying a param with shape torch.Size([128]) from checkpoint, the shape in current model is torch.Size([64]).\n\tsize mismatch for model.3.0.bn1.running_mean: copying a param with shape torch.Size([128]) from checkpoint, the shape in current model is torch.Size([64]).\n\tsize mismatch for model.3.0.bn1.running_var: copying a param with shape torch.Size([128]) from checkpoint, the shape in current model is torch.Size([64]).\n\tsize mismatch for model.3.0.conv2.weight: copying a param with shape torch.Size([128, 128, 3, 3]) from checkpoint, the shape in current model is torch.Size([64, 64, 3, 3]).\n\tsize mismatch for model.3.0.bn2.weight: copying a param with shape torch.Size([128]) from checkpoint, the shape in current model is torch.Size([64]).\n\tsize mismatch for model.3.0.bn2.bias: copying a param with shape torch.Size([128]) from checkpoint, the shape in current model is torch.Size([64]).\n\tsize mismatch for model.3.0.bn2.running_mean: copying a param with shape torch.Size([128]) from checkpoint, the shape in current model is torch.Size([64]).\n\tsize mismatch for model.3.0.bn2.running_var: copying a param with shape torch.Size([128]) from checkpoint, the shape in current model is torch.Size([64]).\n\tsize mismatch for model.3.0.bn3.weight: copying a param with shape torch.Size([512]) from checkpoint, the shape in current model is torch.Size([256]).\n\tsize mismatch for model.3.0.bn3.bias: copying a param with shape torch.Size([512]) from checkpoint, the shape in current model is torch.Size([256]).\n\tsize mismatch for model.3.0.bn3.running_mean: copying a param with shape torch.Size([512]) from checkpoint, the shape in current model is torch.Size([256]).\n\tsize mismatch for model.3.0.bn3.running_var: copying a param with shape torch.Size([512]) from checkpoint, the shape in current model is torch.Size([256]).\n\tsize mismatch for model.3.0.shortcut.1.weight: copying a param with shape torch.Size([512, 256, 1, 1]) from checkpoint, the shape in current model is torch.Size([256]).\n\tsize mismatch for model.3.1.conv1.weight: copying a param with shape torch.Size([128, 512, 1, 1]) from checkpoint, the shape in current model is torch.Size([64, 256, 1, 1]).\n\tsize mismatch for model.3.1.bn1.weight: copying a param with shape torch.Size([128]) from checkpoint, the shape in current model is torch.Size([64]).\n\tsize mismatch for model.3.1.bn1.bias: copying a param with shape torch.Size([128]) from checkpoint, the shape in current model is torch.Size([64]).\n\tsize mismatch for model.3.1.bn1.running_mean: copying a param with shape torch.Size([128]) from checkpoint, the shape in current model is torch.Size([64]).\n\tsize mismatch for model.3.1.bn1.running_var: copying a param with shape torch.Size([128]) from checkpoint, the shape in current model is torch.Size([64]).\n\tsize mismatch for model.3.1.conv2.weight: copying a param with shape torch.Size([128, 128, 3, 3]) from checkpoint, the shape in current model is torch.Size([64, 64, 3, 3]).\n\tsize mismatch for model.3.1.bn2.weight: copying a param with shape torch.Size([128]) from checkpoint, the shape in current model is torch.Size([64]).\n\tsize mismatch for model.3.1.bn2.bias: copying a param with shape torch.Size([128]) from checkpoint, the shape in current model is torch.Size([64]).\n\tsize mismatch for model.3.1.bn2.running_mean: copying a param with shape torch.Size([128]) from checkpoint, the shape in current model is torch.Size([64]).\n\tsize mismatch for model.3.1.bn2.running_var: copying a param with shape torch.Size([128]) from checkpoint, the shape in current model is torch.Size([64]).\n\tsize mismatch for model.3.1.conv3.weight: copying a param with shape torch.Size([512, 128, 1, 1]) from checkpoint, the shape in current model is torch.Size([256, 64, 1, 1]).\n\tsize mismatch for model.3.1.bn3.weight: copying a param with shape torch.Size([512]) from checkpoint, the shape in current model is torch.Size([256]).\n\tsize mismatch for model.3.1.bn3.bias: copying a param with shape torch.Size([512]) from checkpoint, the shape in current model is torch.Size([256]).\n\tsize mismatch for model.3.1.bn3.running_mean: copying a param with shape torch.Size([512]) from checkpoint, the shape in current model is torch.Size([256]).\n\tsize mismatch for model.3.1.bn3.running_var: copying a param with shape torch.Size([512]) from checkpoint, the shape in current model is torch.Size([256]).\n\tsize mismatch for model.3.2.conv1.weight: copying a param with shape torch.Size([128, 512, 1, 1]) from checkpoint, the shape in current model is torch.Size([64, 256, 1, 1]).\n\tsize mismatch for model.3.2.bn1.weight: copying a param with shape torch.Size([128]) from checkpoint, the shape in current model is torch.Size([64]).\n\tsize mismatch for model.3.2.bn1.bias: copying a param with shape torch.Size([128]) from checkpoint, the shape in current model is torch.Size([64]).\n\tsize mismatch for model.3.2.bn1.running_mean: copying a param with shape torch.Size([128]) from checkpoint, the shape in current model is torch.Size([64]).\n\tsize mismatch for model.3.2.bn1.running_var: copying a param with shape torch.Size([128]) from checkpoint, the shape in current model is torch.Size([64]).\n\tsize mismatch for model.3.2.conv2.weight: copying a param with shape torch.Size([128, 128, 3, 3]) from checkpoint, the shape in current model is torch.Size([64, 64, 3, 3]).\n\tsize mismatch for model.3.2.bn2.weight: copying a param with shape torch.Size([128]) from checkpoint, the shape in current model is torch.Size([64]).\n\tsize mismatch for model.3.2.bn2.bias: copying a param with shape torch.Size([128]) from checkpoint, the shape in current model is torch.Size([64]).\n\tsize mismatch for model.3.2.bn2.running_mean: copying a param with shape torch.Size([128]) from checkpoint, the shape in current model is torch.Size([64]).\n\tsize mismatch for model.3.2.bn2.running_var: copying a param with shape torch.Size([128]) from checkpoint, the shape in current model is torch.Size([64]).\n\tsize mismatch for model.3.2.conv3.weight: copying a param with shape torch.Size([512, 128, 1, 1]) from checkpoint, the shape in current model is torch.Size([256, 64, 1, 1]).\n\tsize mismatch for model.3.2.bn3.weight: copying a param with shape torch.Size([512]) from checkpoint, the shape in current model is torch.Size([256]).\n\tsize mismatch for model.3.2.bn3.bias: copying a param with shape torch.Size([512]) from checkpoint, the shape in current model is torch.Size([256]).\n\tsize mismatch for model.3.2.bn3.running_mean: copying a param with shape torch.Size([512]) from checkpoint, the shape in current model is torch.Size([256]).\n\tsize mismatch for model.3.2.bn3.running_var: copying a param with shape torch.Size([512]) from checkpoint, the shape in current model is torch.Size([256]).\n\tsize mismatch for model.4.0.conv1.weight: copying a param with shape torch.Size([256, 512, 1, 1]) from checkpoint, the shape in current model is torch.Size([128, 256, 1, 1]).\n\tsize mismatch for model.4.0.bn1.weight: copying a param with shape torch.Size([256]) from checkpoint, the shape in current model is torch.Size([128]).\n\tsize mismatch for model.4.0.bn1.bias: copying a param with shape torch.Size([256]) from checkpoint, the shape in current model is torch.Size([128]).\n\tsize mismatch for model.4.0.bn1.running_mean: copying a param with shape torch.Size([256]) from checkpoint, the shape in current model is torch.Size([128]).\n\tsize mismatch for model.4.0.bn1.running_var: copying a param with shape torch.Size([256]) from checkpoint, the shape in current model is torch.Size([128]).\n\tsize mismatch for model.4.0.conv2.weight: copying a param with shape torch.Size([256, 256, 3, 3]) from checkpoint, the shape in current model is torch.Size([128, 128, 3, 3]).\n\tsize mismatch for model.4.0.bn2.weight: copying a param with shape torch.Size([256]) from checkpoint, the shape in current model is torch.Size([128]).\n\tsize mismatch for model.4.0.bn2.bias: copying a param with shape torch.Size([256]) from checkpoint, the shape in current model is torch.Size([128]).\n\tsize mismatch for model.4.0.bn2.running_mean: copying a param with shape torch.Size([256]) from checkpoint, the shape in current model is torch.Size([128]).\n\tsize mismatch for model.4.0.bn2.running_var: copying a param with shape torch.Size([256]) from checkpoint, the shape in current model is torch.Size([128]).\n\tsize mismatch for model.4.0.conv3.1.weight: copying a param with shape torch.Size([1024, 256, 1, 1]) from checkpoint, the shape in current model is torch.Size([512, 128, 1, 1]).\n\tsize mismatch for model.4.0.bn3.weight: copying a param with shape torch.Size([1024]) from checkpoint, the shape in current model is torch.Size([512]).\n\tsize mismatch for model.4.0.bn3.bias: copying a param with shape torch.Size([1024]) from checkpoint, the shape in current model is torch.Size([512]).\n\tsize mismatch for model.4.0.bn3.running_mean: copying a param with shape torch.Size([1024]) from checkpoint, the shape in current model is torch.Size([512]).\n\tsize mismatch for model.4.0.bn3.running_var: copying a param with shape torch.Size([1024]) from checkpoint, the shape in current model is torch.Size([512]).\n\tsize mismatch for model.4.0.shortcut.1.weight: copying a param with shape torch.Size([1024, 512, 1, 1]) from checkpoint, the shape in current model is torch.Size([512, 256, 1, 1]).\n\tsize mismatch for model.4.0.shortcut.2.weight: copying a param with shape torch.Size([1024]) from checkpoint, the shape in current model is torch.Size([512]).\n\tsize mismatch for model.4.0.shortcut.2.bias: copying a param with shape torch.Size([1024]) from checkpoint, the shape in current model is torch.Size([512]).\n\tsize mismatch for model.4.0.shortcut.2.running_mean: copying a param with shape torch.Size([1024]) from checkpoint, the shape in current model is torch.Size([512]).\n\tsize mismatch for model.4.0.shortcut.2.running_var: copying a param with shape torch.Size([1024]) from checkpoint, the shape in current model is torch.Size([512]).\n\tsize mismatch for model.4.1.conv1.weight: copying a param with shape torch.Size([256, 1024, 1, 1]) from checkpoint, the shape in current model is torch.Size([128, 512, 1, 1]).\n\tsize mismatch for model.4.1.bn1.weight: copying a param with shape torch.Size([256]) from checkpoint, the shape in current model is torch.Size([128]).\n\tsize mismatch for model.4.1.bn1.bias: copying a param with shape torch.Size([256]) from checkpoint, the shape in current model is torch.Size([128]).\n\tsize mismatch for model.4.1.bn1.running_mean: copying a param with shape torch.Size([256]) from checkpoint, the shape in current model is torch.Size([128]).\n\tsize mismatch for model.4.1.bn1.running_var: copying a param with shape torch.Size([256]) from checkpoint, the shape in current model is torch.Size([128]).\n\tsize mismatch for model.4.1.conv2.weight: copying a param with shape torch.Size([256, 256, 3, 3]) from checkpoint, the shape in current model is torch.Size([128, 128, 3, 3]).\n\tsize mismatch for model.4.1.bn2.weight: copying a param with shape torch.Size([256]) from checkpoint, the shape in current model is torch.Size([128]).\n\tsize mismatch for model.4.1.bn2.bias: copying a param with shape torch.Size([256]) from checkpoint, the shape in current model is torch.Size([128]).\n\tsize mismatch for model.4.1.bn2.running_mean: copying a param with shape torch.Size([256]) from checkpoint, the shape in current model is torch.Size([128]).\n\tsize mismatch for model.4.1.bn2.running_var: copying a param with shape torch.Size([256]) from checkpoint, the shape in current model is torch.Size([128]).\n\tsize mismatch for model.4.1.conv3.weight: copying a param with shape torch.Size([1024, 256, 1, 1]) from checkpoint, the shape in current model is torch.Size([512, 128, 1, 1]).\n\tsize mismatch for model.4.1.bn3.weight: copying a param with shape torch.Size([1024]) from checkpoint, the shape in current model is torch.Size([512]).\n\tsize mismatch for model.4.1.bn3.bias: copying a param with shape torch.Size([1024]) from checkpoint, the shape in current model is torch.Size([512]).\n\tsize mismatch for model.4.1.bn3.running_mean: copying a param with shape torch.Size([1024]) from checkpoint, the shape in current model is torch.Size([512]).\n\tsize mismatch for model.4.1.bn3.running_var: copying a param with shape torch.Size([1024]) from checkpoint, the shape in current model is torch.Size([512]).\n\tsize mismatch for model.4.2.conv1.weight: copying a param with shape torch.Size([256, 1024, 1, 1]) from checkpoint, the shape in current model is torch.Size([128, 512, 1, 1]).\n\tsize mismatch for model.4.2.bn1.weight: copying a param with shape torch.Size([256]) from checkpoint, the shape in current model is torch.Size([128]).\n\tsize mismatch for model.4.2.bn1.bias: copying a param with shape torch.Size([256]) from checkpoint, the shape in current model is torch.Size([128]).\n\tsize mismatch for model.4.2.bn1.running_mean: copying a param with shape torch.Size([256]) from checkpoint, the shape in current model is torch.Size([128]).\n\tsize mismatch for model.4.2.bn1.running_var: copying a param with shape torch.Size([256]) from checkpoint, the shape in current model is torch.Size([128]).\n\tsize mismatch for model.4.2.conv2.weight: copying a param with shape torch.Size([256, 256, 3, 3]) from checkpoint, the shape in current model is torch.Size([128, 128, 3, 3]).\n\tsize mismatch for model.4.2.bn2.weight: copying a param with shape torch.Size([256]) from checkpoint, the shape in current model is torch.Size([128]).\n\tsize mismatch for model.4.2.bn2.bias: copying a param with shape torch.Size([256]) from checkpoint, the shape in current model is torch.Size([128]).\n\tsize mismatch for model.4.2.bn2.running_mean: copying a param with shape torch.Size([256]) from checkpoint, the shape in current model is torch.Size([128]).\n\tsize mismatch for model.4.2.bn2.running_var: copying a param with shape torch.Size([256]) from checkpoint, the shape in current model is torch.Size([128]).\n\tsize mismatch for model.4.2.conv3.weight: copying a param with shape torch.Size([1024, 256, 1, 1]) from checkpoint, the shape in current model is torch.Size([512, 128, 1, 1]).\n\tsize mismatch for model.4.2.bn3.weight: copying a param with shape torch.Size([1024]) from checkpoint, the shape in current model is torch.Size([512]).\n\tsize mismatch for model.4.2.bn3.bias: copying a param with shape torch.Size([1024]) from checkpoint, the shape in current model is torch.Size([512]).\n\tsize mismatch for model.4.2.bn3.running_mean: copying a param with shape torch.Size([1024]) from checkpoint, the shape in current model is torch.Size([512]).\n\tsize mismatch for model.4.2.bn3.running_var: copying a param with shape torch.Size([1024]) from checkpoint, the shape in current model is torch.Size([512]).\n\tsize mismatch for model.4.3.conv1.weight: copying a param with shape torch.Size([256, 1024, 1, 1]) from checkpoint, the shape in current model is torch.Size([128, 512, 1, 1]).\n\tsize mismatch for model.4.3.bn1.weight: copying a param with shape torch.Size([256]) from checkpoint, the shape in current model is torch.Size([128]).\n\tsize mismatch for model.4.3.bn1.bias: copying a param with shape torch.Size([256]) from checkpoint, the shape in current model is torch.Size([128]).\n\tsize mismatch for model.4.3.bn1.running_mean: copying a param with shape torch.Size([256]) from checkpoint, the shape in current model is torch.Size([128]).\n\tsize mismatch for model.4.3.bn1.running_var: copying a param with shape torch.Size([256]) from checkpoint, the shape in current model is torch.Size([128]).\n\tsize mismatch for model.4.3.conv2.weight: copying a param with shape torch.Size([256, 256, 3, 3]) from checkpoint, the shape in current model is torch.Size([128, 128, 3, 3]).\n\tsize mismatch for model.4.3.bn2.weight: copying a param with shape torch.Size([256]) from checkpoint, the shape in current model is torch.Size([128]).\n\tsize mismatch for model.4.3.bn2.bias: copying a param with shape torch.Size([256]) from checkpoint, the shape in current model is torch.Size([128]).\n\tsize mismatch for model.4.3.bn2.running_mean: copying a param with shape torch.Size([256]) from checkpoint, the shape in current model is torch.Size([128]).\n\tsize mismatch for model.4.3.bn2.running_var: copying a param with shape torch.Size([256]) from checkpoint, the shape in current model is torch.Size([128]).\n\tsize mismatch for model.4.3.conv3.weight: copying a param with shape torch.Size([1024, 256, 1, 1]) from checkpoint, the shape in current model is torch.Size([512, 128, 1, 1]).\n\tsize mismatch for model.4.3.bn3.weight: copying a param with shape torch.Size([1024]) from checkpoint, the shape in current model is torch.Size([512]).\n\tsize mismatch for model.4.3.bn3.bias: copying a param with shape torch.Size([1024]) from checkpoint, the shape in current model is torch.Size([512]).\n\tsize mismatch for model.4.3.bn3.running_mean: copying a param with shape torch.Size([1024]) from checkpoint, the shape in current model is torch.Size([512]).\n\tsize mismatch for model.4.3.bn3.running_var: copying a param with shape torch.Size([1024]) from checkpoint, the shape in current model is torch.Size([512]).\n\tsize mismatch for model.5.0.conv1.weight: copying a param with shape torch.Size([512, 1024, 1, 1]) from checkpoint, the shape in current model is torch.Size([256, 512, 1, 1]).\n\tsize mismatch for model.5.0.bn1.weight: copying a param with shape torch.Size([512]) from checkpoint, the shape in current model is torch.Size([256]).\n\tsize mismatch for model.5.0.bn1.bias: copying a param with shape torch.Size([512]) from checkpoint, the shape in current model is torch.Size([256]).\n\tsize mismatch for model.5.0.bn1.running_mean: copying a param with shape torch.Size([512]) from checkpoint, the shape in current model is torch.Size([256]).\n\tsize mismatch for model.5.0.bn1.running_var: copying a param with shape torch.Size([512]) from checkpoint, the shape in current model is torch.Size([256]).\n\tsize mismatch for model.5.0.conv2.weight: copying a param with shape torch.Size([512, 512, 3, 3]) from checkpoint, the shape in current model is torch.Size([256, 256, 3, 3]).\n\tsize mismatch for model.5.0.bn2.weight: copying a param with shape torch.Size([512]) from checkpoint, the shape in current model is torch.Size([256]).\n\tsize mismatch for model.5.0.bn2.bias: copying a param with shape torch.Size([512]) from checkpoint, the shape in current model is torch.Size([256]).\n\tsize mismatch for model.5.0.bn2.running_mean: copying a param with shape torch.Size([512]) from checkpoint, the shape in current model is torch.Size([256]).\n\tsize mismatch for model.5.0.bn2.running_var: copying a param with shape torch.Size([512]) from checkpoint, the shape in current model is torch.Size([256]).\n\tsize mismatch for model.5.0.conv3.1.weight: copying a param with shape torch.Size([2048, 512, 1, 1]) from checkpoint, the shape in current model is torch.Size([1024, 256, 1, 1]).\n\tsize mismatch for model.5.0.bn3.weight: copying a param with shape torch.Size([2048]) from checkpoint, the shape in current model is torch.Size([1024]).\n\tsize mismatch for model.5.0.bn3.bias: copying a param with shape torch.Size([2048]) from checkpoint, the shape in current model is torch.Size([1024]).\n\tsize mismatch for model.5.0.bn3.running_mean: copying a param with shape torch.Size([2048]) from checkpoint, the shape in current model is torch.Size([1024]).\n\tsize mismatch for model.5.0.bn3.running_var: copying a param with shape torch.Size([2048]) from checkpoint, the shape in current model is torch.Size([1024]).\n\tsize mismatch for model.5.0.shortcut.1.weight: copying a param with shape torch.Size([2048, 1024, 1, 1]) from checkpoint, the shape in current model is torch.Size([1024, 512, 1, 1]).\n\tsize mismatch for model.5.0.shortcut.2.weight: copying a param with shape torch.Size([2048]) from checkpoint, the shape in current model is torch.Size([1024]).\n\tsize mismatch for model.5.0.shortcut.2.bias: copying a param with shape torch.Size([2048]) from checkpoint, the shape in current model is torch.Size([1024]).\n\tsize mismatch for model.5.0.shortcut.2.running_mean: copying a param with shape torch.Size([2048]) from checkpoint, the shape in current model is torch.Size([1024]).\n\tsize mismatch for model.5.0.shortcut.2.running_var: copying a param with shape torch.Size([2048]) from checkpoint, the shape in current model is torch.Size([1024]).\n\tsize mismatch for model.5.1.conv1.weight: copying a param with shape torch.Size([512, 2048, 1, 1]) from checkpoint, the shape in current model is torch.Size([256, 1024, 1, 1]).\n\tsize mismatch for model.5.1.bn1.weight: copying a param with shape torch.Size([512]) from checkpoint, the shape in current model is torch.Size([256]).\n\tsize mismatch for model.5.1.bn1.bias: copying a param with shape torch.Size([512]) from checkpoint, the shape in current model is torch.Size([256]).\n\tsize mismatch for model.5.1.bn1.running_mean: copying a param with shape torch.Size([512]) from checkpoint, the shape in current model is torch.Size([256]).\n\tsize mismatch for model.5.1.bn1.running_var: copying a param with shape torch.Size([512]) from checkpoint, the shape in current model is torch.Size([256]).\n\tsize mismatch for model.5.1.conv2.weight: copying a param with shape torch.Size([512, 512, 3, 3]) from checkpoint, the shape in current model is torch.Size([256, 256, 3, 3]).\n\tsize mismatch for model.5.1.bn2.weight: copying a param with shape torch.Size([512]) from checkpoint, the shape in current model is torch.Size([256]).\n\tsize mismatch for model.5.1.bn2.bias: copying a param with shape torch.Size([512]) from checkpoint, the shape in current model is torch.Size([256]).\n\tsize mismatch for model.5.1.bn2.running_mean: copying a param with shape torch.Size([512]) from checkpoint, the shape in current model is torch.Size([256]).\n\tsize mismatch for model.5.1.bn2.running_var: copying a param with shape torch.Size([512]) from checkpoint, the shape in current model is torch.Size([256]).\n\tsize mismatch for model.5.1.conv3.weight: copying a param with shape torch.Size([2048, 512, 1, 1]) from checkpoint, the shape in current model is torch.Size([1024, 256, 1, 1]).\n\tsize mismatch for model.5.1.bn3.weight: copying a param with shape torch.Size([2048]) from checkpoint, the shape in current model is torch.Size([1024]).\n\tsize mismatch for model.5.1.bn3.bias: copying a param with shape torch.Size([2048]) from checkpoint, the shape in current model is torch.Size([1024]).\n\tsize mismatch for model.5.1.bn3.running_mean: copying a param with shape torch.Size([2048]) from checkpoint, the shape in current model is torch.Size([1024]).\n\tsize mismatch for model.5.1.bn3.running_var: copying a param with shape torch.Size([2048]) from checkpoint, the shape in current model is torch.Size([1024]).\n\tsize mismatch for model.5.2.conv1.weight: copying a param with shape torch.Size([512, 2048, 1, 1]) from checkpoint, the shape in current model is torch.Size([256, 1024, 1, 1]).\n\tsize mismatch for model.5.2.bn1.weight: copying a param with shape torch.Size([512]) from checkpoint, the shape in current model is torch.Size([256]).\n\tsize mismatch for model.5.2.bn1.bias: copying a param with shape torch.Size([512]) from checkpoint, the shape in current model is torch.Size([256]).\n\tsize mismatch for model.5.2.bn1.running_mean: copying a param with shape torch.Size([512]) from checkpoint, the shape in current model is torch.Size([256]).\n\tsize mismatch for model.5.2.bn1.running_var: copying a param with shape torch.Size([512]) from checkpoint, the shape in current model is torch.Size([256]).\n\tsize mismatch for model.5.2.conv2.weight: copying a param with shape torch.Size([512, 512, 3, 3]) from checkpoint, the shape in current model is torch.Size([256, 256, 3, 3]).\n\tsize mismatch for model.5.2.bn2.weight: copying a param with shape torch.Size([512]) from checkpoint, the shape in current model is torch.Size([256]).\n\tsize mismatch for model.5.2.bn2.bias: copying a param with shape torch.Size([512]) from checkpoint, the shape in current model is torch.Size([256]).\n\tsize mismatch for model.5.2.bn2.running_mean: copying a param with shape torch.Size([512]) from checkpoint, the shape in current model is torch.Size([256]).\n\tsize mismatch for model.5.2.bn2.running_var: copying a param with shape torch.Size([512]) from checkpoint, the shape in current model is torch.Size([256]).\n\tsize mismatch for model.5.2.conv3.weight: copying a param with shape torch.Size([2048, 512, 1, 1]) from checkpoint, the shape in current model is torch.Size([1024, 256, 1, 1]).\n\tsize mismatch for model.5.2.bn3.weight: copying a param with shape torch.Size([2048]) from checkpoint, the shape in current model is torch.Size([1024]).\n\tsize mismatch for model.5.2.bn3.bias: copying a param with shape torch.Size([2048]) from checkpoint, the shape in current model is torch.Size([1024]).\n\tsize mismatch for model.5.2.bn3.running_mean: copying a param with shape torch.Size([2048]) from checkpoint, the shape in current model is torch.Size([1024]).\n\tsize mismatch for model.5.2.bn3.running_var: copying a param with shape torch.Size([2048]) from checkpoint, the shape in current model is torch.Size([1024]).\nbackbone/stripped_for_backbone/strict=False: Error(s) in loading state_dict for LipReg_aa:\n\tsize mismatch for model.3.0.conv1.weight: copying a param with shape torch.Size([128, 256, 1, 1]) from checkpoint, the shape in current model is torch.Size([64, 64, 1, 1]).\n\tsize mismatch for model.3.0.bn1.weight: copying a param with shape torch.Size([128]) from checkpoint, the shape in current model is torch.Size([64]).\n\tsize mismatch for model.3.0.bn1.bias: copying a param with shape torch.Size([128]) from checkpoint, the shape in current model is torch.Size([64]).\n\tsize mismatch for model.3.0.bn1.running_mean: copying a param with shape torch.Size([128]) from checkpoint, the shape in current model is torch.Size([64]).\n\tsize mismatch for model.3.0.bn1.running_var: copying a param with shape torch.Size([128]) from checkpoint, the shape in current model is torch.Size([64]).\n\tsize mismatch for model.3.0.conv2.weight: copying a param with shape torch.Size([128, 128, 3, 3]) from checkpoint, the shape in current model is torch.Size([64, 64, 3, 3]).\n\tsize mismatch for model.3.0.bn2.weight: copying a param with shape torch.Size([128]) from checkpoint, the shape in current model is torch.Size([64]).\n\tsize mismatch for model.3.0.bn2.bias: copying a param with shape torch.Size([128]) from checkpoint, the shape in current model is torch.Size([64]).\n\tsize mismatch for model.3.0.bn2.running_mean: copying a param with shape torch.Size([128]) from checkpoint, the shape in current model is torch.Size([64]).\n\tsize mismatch for model.3.0.bn2.running_var: copying a param with shape torch.Size([128]) from checkpoint, the shape in current model is torch.Size([64]).\n\tsize mismatch for model.3.0.bn3.weight: copying a param with shape torch.Size([512]) from checkpoint, the shape in current model is torch.Size([256]).\n\tsize mismatch for model.3.0.bn3.bias: copying a param with shape torch.Size([512]) from checkpoint, the shape in current model is torch.Size([256]).\n\tsize mismatch for model.3.0.bn3.running_mean: copying a param with shape torch.Size([512]) from checkpoint, the shape in current model is torch.Size([256]).\n\tsize mismatch for model.3.0.bn3.running_var: copying a param with shape torch.Size([512]) from checkpoint, the shape in current model is torch.Size([256]).\n\tsize mismatch for model.3.0.shortcut.1.weight: copying a param with shape torch.Size([512, 256, 1, 1]) from checkpoint, the shape in current model is torch.Size([256]).\n\tsize mismatch for model.3.1.conv1.weight: copying a param with shape torch.Size([128, 512, 1, 1]) from checkpoint, the shape in current model is torch.Size([64, 256, 1, 1]).\n\tsize mismatch for model.3.1.bn1.weight: copying a param with shape torch.Size([128]) from checkpoint, the shape in current model is torch.Size([64]).\n\tsize mismatch for model.3.1.bn1.bias: copying a param with shape torch.Size([128]) from checkpoint, the shape in current model is torch.Size([64]).\n\tsize mismatch for model.3.1.bn1.running_mean: copying a param with shape torch.Size([128]) from checkpoint, the shape in current model is torch.Size([64]).\n\tsize mismatch for model.3.1.bn1.running_var: copying a param with shape torch.Size([128]) from checkpoint, the shape in current model is torch.Size([64]).\n\tsize mismatch for model.3.1.conv2.weight: copying a param with shape torch.Size([128, 128, 3, 3]) from checkpoint, the shape in current model is torch.Size([64, 64, 3, 3]).\n\tsize mismatch for model.3.1.bn2.weight: copying a param with shape torch.Size([128]) from checkpoint, the shape in current model is torch.Size([64]).\n\tsize mismatch for model.3.1.bn2.bias: copying a param with shape torch.Size([128]) from checkpoint, the shape in current model is torch.Size([64]).\n\tsize mismatch for model.3.1.bn2.running_mean: copying a param with shape torch.Size([128]) from checkpoint, the shape in current model is torch.Size([64]).\n\tsize mismatch for model.3.1.bn2.running_var: copying a param with shape torch.Size([128]) from checkpoint, the shape in current model is torch.Size([64]).\n\tsize mismatch for model.3.1.conv3.weight: copying a param with shape torch.Size([512, 128, 1, 1]) from checkpoint, the shape in current model is torch.Size([256, 64, 1, 1]).\n\tsize mismatch for model.3.1.bn3.weight: copying a param with shape torch.Size([512]) from checkpoint, the shape in current model is torch.Size([256]).\n\tsize mismatch for model.3.1.bn3.bias: copying a param with shape torch.Size([512]) from checkpoint, the shape in current model is torch.Size([256]).\n\tsize mismatch for model.3.1.bn3.running_mean: copying a param with shape torch.Size([512]) from checkpoint, the shape in current model is torch.Size([256]).\n\tsize mismatch for model.3.1.bn3.running_var: copying a param with shape torch.Size([512]) from checkpoint, the shape in current model is torch.Size([256]).\n\tsize mismatch for model.3.2.conv1.weight: copying a param with shape torch.Size([128, 512, 1, 1]) from checkpoint, the shape in current model is torch.Size([64, 256, 1, 1]).\n\tsize mismatch for model.3.2.bn1.weight: copying a param with shape torch.Size([128]) from checkpoint, the shape in current model is torch.Size([64]).\n\tsize mismatch for model.3.2.bn1.bias: copying a param with shape torch.Size([128]) from checkpoint, the shape in current model is torch.Size([64]).\n\tsize mismatch for model.3.2.bn1.running_mean: copying a param with shape torch.Size([128]) from checkpoint, the shape in current model is torch.Size([64]).\n\tsize mismatch for model.3.2.bn1.running_var: copying a param with shape torch.Size([128]) from checkpoint, the shape in current model is torch.Size([64]).\n\tsize mismatch for model.3.2.conv2.weight: copying a param with shape torch.Size([128, 128, 3, 3]) from checkpoint, the shape in current model is torch.Size([64, 64, 3, 3]).\n\tsize mismatch for model.3.2.bn2.weight: copying a param with shape torch.Size([128]) from checkpoint, the shape in current model is torch.Size([64]).\n\tsize mismatch for model.3.2.bn2.bias: copying a param with shape torch.Size([128]) from checkpoint, the shape in current model is torch.Size([64]).\n\tsize mismatch for model.3.2.bn2.running_mean: copying a param with shape torch.Size([128]) from checkpoint, the shape in current model is torch.Size([64]).\n\tsize mismatch for model.3.2.bn2.running_var: copying a param with shape torch.Size([128]) from checkpoint, the shape in current model is torch.Size([64]).\n\tsize mismatch for model.3.2.conv3.weight: copying a param with shape torch.Size([512, 128, 1, 1]) from checkpoint, the shape in current model is torch.Size([256, 64, 1, 1]).\n\tsize mismatch for model.3.2.bn3.weight: copying a param with shape torch.Size([512]) from checkpoint, the shape in current model is torch.Size([256]).\n\tsize mismatch for model.3.2.bn3.bias: copying a param with shape torch.Size([512]) from checkpoint, the shape in current model is torch.Size([256]).\n\tsize mismatch for model.3.2.bn3.running_mean: copying a param with shape torch.Size([512]) from checkpoint, the shape in current model is torch.Size([256]).\n\tsize mismatch for model.3.2.bn3.running_var: copying a param with shape torch.Size([512]) from checkpoint, the shape in current model is torch.Size([256]).\n\tsize mismatch for model.4.0.conv1.weight: copying a param with shape torch.Size([256, 512, 1, 1]) from checkpoint, the shape in current model is torch.Size([128, 256, 1, 1]).\n\tsize mismatch for model.4.0.bn1.weight: copying a param with shape torch.Size([256]) from checkpoint, the shape in current model is torch.Size([128]).\n\tsize mismatch for model.4.0.bn1.bias: copying a param with shape torch.Size([256]) from checkpoint, the shape in current model is torch.Size([128]).\n\tsize mismatch for model.4.0.bn1.running_mean: copying a param with shape torch.Size([256]) from checkpoint, the shape in current model is torch.Size([128]).\n\tsize mismatch for model.4.0.bn1.running_var: copying a param with shape torch.Size([256]) from checkpoint, the shape in current model is torch.Size([128]).\n\tsize mismatch for model.4.0.conv2.weight: copying a param with shape torch.Size([256, 256, 3, 3]) from checkpoint, the shape in current model is torch.Size([128, 128, 3, 3]).\n\tsize mismatch for model.4.0.bn2.weight: copying a param with shape torch.Size([256]) from checkpoint, the shape in current model is torch.Size([128]).\n\tsize mismatch for model.4.0.bn2.bias: copying a param with shape torch.Size([256]) from checkpoint, the shape in current model is torch.Size([128]).\n\tsize mismatch for model.4.0.bn2.running_mean: copying a param with shape torch.Size([256]) from checkpoint, the shape in current model is torch.Size([128]).\n\tsize mismatch for model.4.0.bn2.running_var: copying a param with shape torch.Size([256]) from checkpoint, the shape in current model is torch.Size([128]).\n\tsize mismatch for model.4.0.conv3.1.weight: copying a param with shape torch.Size([1024, 256, 1, 1]) from checkpoint, the shape in current model is torch.Size([512, 128, 1, 1]).\n\tsize mismatch for model.4.0.bn3.weight: copying a param with shape torch.Size([1024]) from checkpoint, the shape in current model is torch.Size([512]).\n\tsize mismatch for model.4.0.bn3.bias: copying a param with shape torch.Size([1024]) from checkpoint, the shape in current model is torch.Size([512]).\n\tsize mismatch for model.4.0.bn3.running_mean: copying a param with shape torch.Size([1024]) from checkpoint, the shape in current model is torch.Size([512]).\n\tsize mismatch for model.4.0.bn3.running_var: copying a param with shape torch.Size([1024]) from checkpoint, the shape in current model is torch.Size([512]).\n\tsize mismatch for model.4.0.shortcut.1.weight: copying a param with shape torch.Size([1024, 512, 1, 1]) from checkpoint, the shape in current model is torch.Size([512, 256, 1, 1]).\n\tsize mismatch for model.4.0.shortcut.2.weight: copying a param with shape torch.Size([1024]) from checkpoint, the shape in current model is torch.Size([512]).\n\tsize mismatch for model.4.0.shortcut.2.bias: copying a param with shape torch.Size([1024]) from checkpoint, the shape in current model is torch.Size([512]).\n\tsize mismatch for model.4.0.shortcut.2.running_mean: copying a param with shape torch.Size([1024]) from checkpoint, the shape in current model is torch.Size([512]).\n\tsize mismatch for model.4.0.shortcut.2.running_var: copying a param with shape torch.Size([1024]) from checkpoint, the shape in current model is torch.Size([512]).\n\tsize mismatch for model.4.1.conv1.weight: copying a param with shape torch.Size([256, 1024, 1, 1]) from checkpoint, the shape in current model is torch.Size([128, 512, 1, 1]).\n\tsize mismatch for model.4.1.bn1.weight: copying a param with shape torch.Size([256]) from checkpoint, the shape in current model is torch.Size([128]).\n\tsize mismatch for model.4.1.bn1.bias: copying a param with shape torch.Size([256]) from checkpoint, the shape in current model is torch.Size([128]).\n\tsize mismatch for model.4.1.bn1.running_mean: copying a param with shape torch.Size([256]) from checkpoint, the shape in current model is torch.Size([128]).\n\tsize mismatch for model.4.1.bn1.running_var: copying a param with shape torch.Size([256]) from checkpoint, the shape in current model is torch.Size([128]).\n\tsize mismatch for model.4.1.conv2.weight: copying a param with shape torch.Size([256, 256, 3, 3]) from checkpoint, the shape in current model is torch.Size([128, 128, 3, 3]).\n\tsize mismatch for model.4.1.bn2.weight: copying a param with shape torch.Size([256]) from checkpoint, the shape in current model is torch.Size([128]).\n\tsize mismatch for model.4.1.bn2.bias: copying a param with shape torch.Size([256]) from checkpoint, the shape in current model is torch.Size([128]).\n\tsize mismatch for model.4.1.bn2.running_mean: copying a param with shape torch.Size([256]) from checkpoint, the shape in current model is torch.Size([128]).\n\tsize mismatch for model.4.1.bn2.running_var: copying a param with shape torch.Size([256]) from checkpoint, the shape in current model is torch.Size([128]).\n\tsize mismatch for model.4.1.conv3.weight: copying a param with shape torch.Size([1024, 256, 1, 1]) from checkpoint, the shape in current model is torch.Size([512, 128, 1, 1]).\n\tsize mismatch for model.4.1.bn3.weight: copying a param with shape torch.Size([1024]) from checkpoint, the shape in current model is torch.Size([512]).\n\tsize mismatch for model.4.1.bn3.bias: copying a param with shape torch.Size([1024]) from checkpoint, the shape in current model is torch.Size([512]).\n\tsize mismatch for model.4.1.bn3.running_mean: copying a param with shape torch.Size([1024]) from checkpoint, the shape in current model is torch.Size([512]).\n\tsize mismatch for model.4.1.bn3.running_var: copying a param with shape torch.Size([1024]) from checkpoint, the shape in current model is torch.Size([512]).\n\tsize mismatch for model.4.2.conv1.weight: copying a param with shape torch.Size([256, 1024, 1, 1]) from checkpoint, the shape in current model is torch.Size([128, 512, 1, 1]).\n\tsize mismatch for model.4.2.bn1.weight: copying a param with shape torch.Size([256]) from checkpoint, the shape in current model is torch.Size([128]).\n\tsize mismatch for model.4.2.bn1.bias: copying a param with shape torch.Size([256]) from checkpoint, the shape in current model is torch.Size([128]).\n\tsize mismatch for model.4.2.bn1.running_mean: copying a param with shape torch.Size([256]) from checkpoint, the shape in current model is torch.Size([128]).\n\tsize mismatch for model.4.2.bn1.running_var: copying a param with shape torch.Size([256]) from checkpoint, the shape in current model is torch.Size([128]).\n\tsize mismatch for model.4.2.conv2.weight: copying a param with shape torch.Size([256, 256, 3, 3]) from checkpoint, the shape in current model is torch.Size([128, 128, 3, 3]).\n\tsize mismatch for model.4.2.bn2.weight: copying a param with shape torch.Size([256]) from checkpoint, the shape in current model is torch.Size([128]).\n\tsize mismatch for model.4.2.bn2.bias: copying a param with shape torch.Size([256]) from checkpoint, the shape in current model is torch.Size([128]).\n\tsize mismatch for model.4.2.bn2.running_mean: copying a param with shape torch.Size([256]) from checkpoint, the shape in current model is torch.Size([128]).\n\tsize mismatch for model.4.2.bn2.running_var: copying a param with shape torch.Size([256]) from checkpoint, the shape in current model is torch.Size([128]).\n\tsize mismatch for model.4.2.conv3.weight: copying a param with shape torch.Size([1024, 256, 1, 1]) from checkpoint, the shape in current model is torch.Size([512, 128, 1, 1]).\n\tsize mismatch for model.4.2.bn3.weight: copying a param with shape torch.Size([1024]) from checkpoint, the shape in current model is torch.Size([512]).\n\tsize mismatch for model.4.2.bn3.bias: copying a param with shape torch.Size([1024]) from checkpoint, the shape in current model is torch.Size([512]).\n\tsize mismatch for model.4.2.bn3.running_mean: copying a param with shape torch.Size([1024]) from checkpoint, the shape in current model is torch.Size([512]).\n\tsize mismatch for model.4.2.bn3.running_var: copying a param with shape torch.Size([1024]) from checkpoint, the shape in current model is torch.Size([512]).\n\tsize mismatch for model.4.3.conv1.weight: copying a param with shape torch.Size([256, 1024, 1, 1]) from checkpoint, the shape in current model is torch.Size([128, 512, 1, 1]).\n\tsize mismatch for model.4.3.bn1.weight: copying a param with shape torch.Size([256]) from checkpoint, the shape in current model is torch.Size([128]).\n\tsize mismatch for model.4.3.bn1.bias: copying a param with shape torch.Size([256]) from checkpoint, the shape in current model is torch.Size([128]).\n\tsize mismatch for model.4.3.bn1.running_mean: copying a param with shape torch.Size([256]) from checkpoint, the shape in current model is torch.Size([128]).\n\tsize mismatch for model.4.3.bn1.running_var: copying a param with shape torch.Size([256]) from checkpoint, the shape in current model is torch.Size([128]).\n\tsize mismatch for model.4.3.conv2.weight: copying a param with shape torch.Size([256, 256, 3, 3]) from checkpoint, the shape in current model is torch.Size([128, 128, 3, 3]).\n\tsize mismatch for model.4.3.bn2.weight: copying a param with shape torch.Size([256]) from checkpoint, the shape in current model is torch.Size([128]).\n\tsize mismatch for model.4.3.bn2.bias: copying a param with shape torch.Size([256]) from checkpoint, the shape in current model is torch.Size([128]).\n\tsize mismatch for model.4.3.bn2.running_mean: copying a param with shape torch.Size([256]) from checkpoint, the shape in current model is torch.Size([128]).\n\tsize mismatch for model.4.3.bn2.running_var: copying a param with shape torch.Size([256]) from checkpoint, the shape in current model is torch.Size([128]).\n\tsize mismatch for model.4.3.conv3.weight: copying a param with shape torch.Size([1024, 256, 1, 1]) from checkpoint, the shape in current model is torch.Size([512, 128, 1, 1]).\n\tsize mismatch for model.4.3.bn3.weight: copying a param with shape torch.Size([1024]) from checkpoint, the shape in current model is torch.Size([512]).\n\tsize mismatch for model.4.3.bn3.bias: copying a param with shape torch.Size([1024]) from checkpoint, the shape in current model is torch.Size([512]).\n\tsize mismatch for model.4.3.bn3.running_mean: copying a param with shape torch.Size([1024]) from checkpoint, the shape in current model is torch.Size([512]).\n\tsize mismatch for model.4.3.bn3.running_var: copying a param with shape torch.Size([1024]) from checkpoint, the shape in current model is torch.Size([512]).\n\tsize mismatch for model.5.0.conv1.weight: copying a param with shape torch.Size([512, 1024, 1, 1]) from checkpoint, the shape in current model is torch.Size([256, 512, 1, 1]).\n\tsize mismatch for model.5.0.bn1.weight: copying a param with shape torch.Size([512]) from checkpoint, the shape in current model is torch.Size([256]).\n\tsize mismatch for model.5.0.bn1.bias: copying a param with shape torch.Size([512]) from checkpoint, the shape in current model is torch.Size([256]).\n\tsize mismatch for model.5.0.bn1.running_mean: copying a param with shape torch.Size([512]) from checkpoint, the shape in current model is torch.Size([256]).\n\tsize mismatch for model.5.0.bn1.running_var: copying a param with shape torch.Size([512]) from checkpoint, the shape in current model is torch.Size([256]).\n\tsize mismatch for model.5.0.conv2.weight: copying a param with shape torch.Size([512, 512, 3, 3]) from checkpoint, the shape in current model is torch.Size([256, 256, 3, 3]).\n\tsize mismatch for model.5.0.bn2.weight: copying a param with shape torch.Size([512]) from checkpoint, the shape in current model is torch.Size([256]).\n\tsize mismatch for model.5.0.bn2.bias: copying a param with shape torch.Size([512]) from checkpoint, the shape in current model is torch.Size([256]).\n\tsize mismatch for model.5.0.bn2.running_mean: copying a param with shape torch.Size([512]) from checkpoint, the shape in current model is torch.Size([256]).\n\tsize mismatch for model.5.0.bn2.running_var: copying a param with shape torch.Size([512]) from checkpoint, the shape in current model is torch.Size([256]).\n\tsize mismatch for model.5.0.conv3.1.weight: copying a param with shape torch.Size([2048, 512, 1, 1]) from checkpoint, the shape in current model is torch.Size([1024, 256, 1, 1]).\n\tsize mismatch for model.5.0.bn3.weight: copying a param with shape torch.Size([2048]) from checkpoint, the shape in current model is torch.Size([1024]).\n\tsize mismatch for model.5.0.bn3.bias: copying a param with shape torch.Size([2048]) from checkpoint, the shape in current model is torch.Size([1024]).\n\tsize mismatch for model.5.0.bn3.running_mean: copying a param with shape torch.Size([2048]) from checkpoint, the shape in current model is torch.Size([1024]).\n\tsize mismatch for model.5.0.bn3.running_var: copying a param with shape torch.Size([2048]) from checkpoint, the shape in current model is torch.Size([1024]).\n\tsize mismatch for model.5.0.shortcut.1.weight: copying a param with shape torch.Size([2048, 1024, 1, 1]) from checkpoint, the shape in current model is torch.Size([1024, 512, 1, 1]).\n\tsize mismatch for model.5.0.shortcut.2.weight: copying a param with shape torch.Size([2048]) from checkpoint, the shape in current model is torch.Size([1024]).\n\tsize mismatch for model.5.0.shortcut.2.bias: copying a param with shape torch.Size([2048]) from checkpoint, the shape in current model is torch.Size([1024]).\n\tsize mismatch for model.5.0.shortcut.2.running_mean: copying a param with shape torch.Size([2048]) from checkpoint, the shape in current model is torch.Size([1024]).\n\tsize mismatch for model.5.0.shortcut.2.running_var: copying a param with shape torch.Size([2048]) from checkpoint, the shape in current model is torch.Size([1024]).\n\tsize mismatch for model.5.1.conv1.weight: copying a param with shape torch.Size([512, 2048, 1, 1]) from checkpoint, the shape in current model is torch.Size([256, 1024, 1, 1]).\n\tsize mismatch for model.5.1.bn1.weight: copying a param with shape torch.Size([512]) from checkpoint, the shape in current model is torch.Size([256]).\n\tsize mismatch for model.5.1.bn1.bias: copying a param with shape torch.Size([512]) from checkpoint, the shape in current model is torch.Size([256]).\n\tsize mismatch for model.5.1.bn1.running_mean: copying a param with shape torch.Size([512]) from checkpoint, the shape in current model is torch.Size([256]).\n\tsize mismatch for model.5.1.bn1.running_var: copying a param with shape torch.Size([512]) from checkpoint, the shape in current model is torch.Size([256]).\n\tsize mismatch for model.5.1.conv2.weight: copying a param with shape torch.Size([512, 512, 3, 3]) from checkpoint, the shape in current model is torch.Size([256, 256, 3, 3]).\n\tsize mismatch for model.5.1.bn2.weight: copying a param with shape torch.Size([512]) from checkpoint, the shape in current model is torch.Size([256]).\n\tsize mismatch for model.5.1.bn2.bias: copying a param with shape torch.Size([512]) from checkpoint, the shape in current model is torch.Size([256]).\n\tsize mismatch for model.5.1.bn2.running_mean: copying a param with shape torch.Size([512]) from checkpoint, the shape in current model is torch.Size([256]).\n\tsize mismatch for model.5.1.bn2.running_var: copying a param with shape torch.Size([512]) from checkpoint, the shape in current model is torch.Size([256]).\n\tsize mismatch for model.5.1.conv3.weight: copying a param with shape torch.Size([2048, 512, 1, 1]) from checkpoint, the shape in current model is torch.Size([1024, 256, 1, 1]).\n\tsize mismatch for model.5.1.bn3.weight: copying a param with shape torch.Size([2048]) from checkpoint, the shape in current model is torch.Size([1024]).\n\tsize mismatch for model.5.1.bn3.bias: copying a param with shape torch.Size([2048]) from checkpoint, the shape in current model is torch.Size([1024]).\n\tsize mismatch for model.5.1.bn3.running_mean: copying a param with shape torch.Size([2048]) from checkpoint, the shape in current model is torch.Size([1024]).\n\tsize mismatch for model.5.1.bn3.running_var: copying a param with shape torch.Size([2048]) from checkpoint, the shape in current model is torch.Size([1024]).\n\tsize mismatch for model.5.2.conv1.weight: copying a param with shape torch.Size([512, 2048, 1, 1]) from checkpoint, the shape in current model is torch.Size([256, 1024, 1, 1]).\n\tsize mismatch for model.5.2.bn1.weight: copying a param with shape torch.Size([512]) from checkpoint, the shape in current model is torch.Size([256]).\n\tsize mismatch for model.5.2.bn1.bias: copying a param with shape torch.Size([512]) from checkpoint, the shape in current model is torch.Size([256]).\n\tsize mismatch for model.5.2.bn1.running_mean: copying a param with shape torch.Size([512]) from checkpoint, the shape in current model is torch.Size([256]).\n\tsize mismatch for model.5.2.bn1.running_var: copying a param with shape torch.Size([512]) from checkpoint, the shape in current model is torch.Size([256]).\n\tsize mismatch for model.5.2.conv2.weight: copying a param with shape torch.Size([512, 512, 3, 3]) from checkpoint, the shape in current model is torch.Size([256, 256, 3, 3]).\n\tsize mismatch for model.5.2.bn2.weight: copying a param with shape torch.Size([512]) from checkpoint, the shape in current model is torch.Size([256]).\n\tsize mismatch for model.5.2.bn2.bias: copying a param with shape torch.Size([512]) from checkpoint, the shape in current model is torch.Size([256]).\n\tsize mismatch for model.5.2.bn2.running_mean: copying a param with shape torch.Size([512]) from checkpoint, the shape in current model is torch.Size([256]).\n\tsize mismatch for model.5.2.bn2.running_var: copying a param with shape torch.Size([512]) from checkpoint, the shape in current model is torch.Size([256]).\n\tsize mismatch for model.5.2.conv3.weight: copying a param with shape torch.Size([2048, 512, 1, 1]) from checkpoint, the shape in current model is torch.Size([1024, 256, 1, 1]).\n\tsize mismatch for model.5.2.bn3.weight: copying a param with shape torch.Size([2048]) from checkpoint, the shape in current model is torch.Size([1024]).\n\tsize mismatch for model.5.2.bn3.bias: copying a param with shape torch.Size([2048]) from checkpoint, the shape in current model is torch.Size([1024]).\n\tsize mismatch for model.5.2.bn3.running_mean: copying a param with shape torch.Size([2048]) from checkpoint, the shape in current model is torch.Size([1024]).\n\tsize mismatch for model.5.2.bn3.running_var: copying a param with shape torch.Size([2048]) from checkpoint, the shape in current model is torch.Size([1024]).\nbackbone/as_saved/strict=True: Error(s) in loading state_dict for LipReg_aa:\n\tMissing key(s) in state_dict: ""model.0.weight"", ""model.1.weight"", ""model.1.bias"", ""model.1.running_mean"", ""model.1.running_var"", ""model.3.0.conv1.weight"", ""model.3.0.bn1.weight"", ""model.3.0.bn1.bias"", ""model.3.0.bn1.running_mean"", ""model.3.0.bn1.running_var"", ""model.3.0.conv2.weight"", ""model.3.0.bn2.weight"", ""model.3.0.bn2.bias"", ""model.3.0.bn2.running_mean"", ""model.3.0.bn2.running_var"", ""model.3.0.conv3.weight"", ""model.3.0.bn3.weight"", ""model.3.0.bn3.bias"", ""model.3.0.bn3.running_mean"", ""model.3.0.bn3.running_var"", ""model.3.0.shortcut.0.weight"", ""model.3.0.shortcut.1.weight"", ""model.3.0.shortcut.1.bias"", ""model.3.0.shortcut.1.running_mean"", ""model.3.0.shortcut.1.running_var"", ""model.3.1.conv1.weight"", ""model.3.1.bn1.weight"", ""model.3.1.bn1.bias"", ""model.3.1.bn1.running_mean"", ""model.3.1.bn1.running_var"", ""model.3.1.conv2.weight"", ""model.3.1.bn2.weight"", ""model.3.1.bn2.bias"", ""model.3.1.bn2.running_mean"", ""model.3.1.bn2.running_var"", ""model.3.1.conv3.weight"", ""model.3.1.bn3.weight"", ""model.3.1.bn3.bias"", ""model.3.1.bn3.running_mean"", ""model.3.1.bn3.running_var"", ""model.3.2.conv1.weight"", ""model.3.2.bn1.weight"", ""model.3.2.bn1.bias"", ""model.3.2.bn1.running_mean"", ""model.3.2.bn1.running_var"", ""model.3.2.conv2.weight"", ""model.3.2.bn2.weight"", ""model.3.2.bn2.bias"", ""model.3.2.bn2.running_mean"", ""model.3.2.bn2.running_var"", ""model.3.2.conv3.weight"", ""model.3.2.bn3.weight"", ""model.3.2.bn3.bias"", ""model.3.2.bn3.running_mean"", ""model.3.2.bn3.running_var"", ""model.4.0.conv1.weight"", ""model.4.0.bn1.weight"", ""model.4.0.bn1.bias"", ""model.4.0.bn1.running_mean"", ""model.4.0.bn1.running_var"", ""model.4.0.conv2.weight"", ""model.4.0.bn2.weight"", ""model.4.0.bn2.bias"", ""model.4.0.bn2.running_mean"", ""model.4.0.bn2.running_var"", ""model.4.0.conv3.0.w"", ""model.4.0.conv3.1.weight"", ""model.4.0.bn3.weight"", ""model.4.0.bn3.bias"", ""model.4.0.bn3.running_mean"", ""model.4.0.bn3.running_var"", ""model.4.0.shortcut.0.w"", ""model.4.0.shortcut.1.weight"", ""model.4.0.shortcut.2.weight"", ""model.4.0.shortcut.2.bias"", ""model.4.0.shortcut.2.running_mean"", ""model.4.0.shortcut.2.running_var"", ""model.4.1.conv1.weight"", ""model.4.1.bn1.weight"", ""model.4.1.bn1.bias"", ""model.4.1.bn1.running_mean"", ""model.4.1.bn1.running_var"", ""model.4.1.conv2.weight"", ""model.4.1.bn2.weight"", ""model.4.1.bn2.bias"", ""model.4.1.bn2.running_mean"", ""model.4.1.bn2.running_var"", ""model.4.1.conv3.weight"", ""model.4.1.bn3.weight"", ""model.4.1.bn3.bias"", ""model.4.1.bn3.running_mean"", ""model.4.1.bn3.running_var"", ""model.4.2.conv1.weight"", ""model.4.2.bn1.weight"", ""model.4.2.bn1.bias"", ""model.4.2.bn1.running_mean"", ""model.4.2.bn1.running_var"", ""model.4.2.conv2.weight"", ""model.4.2.bn2.weight"", ""model.4.2.bn2.bias"", ""model.4.2.bn2.running_mean"", ""model.4.2.bn2.running_var"", ""model.4.2.conv3.weight"", ""model.4.2.bn3.weight"", ""model.4.2.bn3.bias"", ""model.4.2.bn3.running_mean"", ""model.4.2.bn3.running_var"", ""model.4.3.conv1.weight"", ""model.4.3.bn1.weight"", ""model.4.3.bn1.bias"", ""model.4.3.bn1.running_mean"", ""model.4.3.bn1.running_var"", ""model.4.3.conv2.weight"", ""model.4.3.bn2.weight"", ""model.4.3.bn2.bias"", ""model.4.3.bn2.running_mean"", ""model.4.3.bn2.running_var"", ""model.4.3.conv3.weight"", ""model.4.3.bn3.weight"", ""model.4.3.bn3.bias"", ""model.4.3.bn3.running_mean"", ""model.4.3.bn3.running_var"", ""model.5.0.conv1.weight"", ""model.5.0.bn1.weight"", ""model.5.0.bn1.bias"", ""model.5.0.bn1.running_mean"", ""model.5.0.bn1.running_var"", ""model.5.0.conv2.weight"", ""model.5.0.bn2.weight"", ""model.5.0.bn2.bias"", ""model.5.0.bn2.running_mean"", ""model.5.0.bn2.running_var"", ""model.5.0.conv3.0.w"", ""model.5.0.conv3.1.weight"", ""model.5.0.bn3.weight"", ""model.5.0.bn3.bias"", ""model.5.0.bn3.running_mean"", ""model.5.0.bn3.running_var"", ""model.5.0.shortcut.0.w"", ""model.5.0.shortcut.1.weight"", ""model.5.0.shortcut.2.weight"", ""model.5.0.shortcut.2.bias"", ""model.5.0.shortcut.2.running_mean"", ""model.5.0.shortcut.2.running_var"", ""model.5.1.conv1.weight"", ""model.5.1.bn1.weight"", ""model.5.1.bn1.bias"", ""model.5.1.bn1.running_mean"", ""model.5.1.bn1.running_var"", ""model.5.1.conv2.weight"", ""model.5.1.bn2.weight"", ""model.5.1.bn2.bias"", ""model.5.1.bn2.running_mean"", ""model.5.1.bn2.running_var"", ""model.5.1.conv3.weight"", ""model.5.1.bn3.weight"", ""model.5.1.bn3.bias"", ""model.5.1.bn3.running_mean"", ""model.5.1.bn3.running_var"", ""model.5.2.conv1.weight"", ""model.5.2.bn1.weight"", ""model.5.2.bn1.bias"", ""model.5.2.bn1.running_mean"", ""model.5.2.bn1.running_var"", ""model.5.2.conv2.weight"", ""model.5.2.bn2.weight"", ""model.5.2.bn2.bias"", ""model.5.2.bn2.running_mean"", ""model.5.2.bn2.running_var"", ""model.5.2.conv3.weight"", ""model.5.2.bn3.weight"", ""model.5.2.bn3.bias"", ""model.5.2.bn3.running_mean"", ""model.5.2.bn3.running_var"", ""model.5.3.conv1.weight"", ""model.5.3.bn1.weight"", ""model.5.3.bn1.bias"", ""model.5.3.bn1.running_mean"", ""model.5.3.bn1.running_var"", ""model.5.3.conv2.weight"", ""model.5.3.bn2.weight"", ""model.5.3.bn2.bias"", ""model.5.3.bn2.running_mean"", ""model.5.3.bn2.running_var"", ""model.5.3.conv3.weight"", ""model.5.3.bn3.weight"", ""model.5.3.bn3.bias"", ""model.5.3.bn3.running_mean"", ""model.5.3.bn3.running_var"", ""model.5.4.conv1.weight"", ""model.5.4.bn1.weight"", ""model.5.4.bn1.bias"", ""model.5.4.bn1.running_mean"", ""model.5.4.bn1.running_var"", ""model.5.4.conv2.weight"", ""model.5.4.bn2.weight"", ""model.5.4.bn2.bias"", ""model.5.4.bn2.running_mean"", ""model.5.4.bn2.running_var"", ""model.5.4.conv3.weight"", ""model.5.4.bn3.weight"", ""model.5.4.bn3.bias"", ""model.5.4.bn3.running_mean"", ""model.5.4.bn3.running_var"", ""model.5.5.conv1.weight"", ""model.5.5.bn1.weight"", ""model.5.5.bn1.bias"", ""model.5.5.bn1.running_mean"", ""model.5.5.bn1.running_var"", ""model.5.5.conv2.weight"", ""model.5.5.bn2.weight"", ""model.5.5.bn2.bias"", ""model.5.5.bn2.running_mean"", ""model.5.5.bn2.running_var"", ""model.5.5.conv3.weight"", ""model.5.5.bn3.weight"", ""model.5.5.bn3.bias"", ""model.5.5.bn3.running_mean"", ""model.5.5.bn3.running_var"", ""model.6.0.conv1.weight"", ""model.6.0.bn1.weight"", ""model.6.0.bn1.bias"", ""model.6.0.bn1.running_mean"", ""model.6.0.bn1.running_var"", ""model.6.0.conv2.weight"", ""model.6.0.bn2.weight"", ""model.6.0.bn2.bias"", ""model.6.0.bn2.running_mean"", ""model.6.0.bn2.running_var"", ""model.6.0.conv3.0.w"", ""model.6.0.conv3.1.weight"", ""model.6.0.bn3.weight"", ""model.6.0.bn3.bias"", ""model.6.0.bn3.running_mean"", ""model.6.0.bn3.running_var"", ""model.6.0.shortcut.0.w"", ""model.6.0.shortcut.1.weight"", ""model.6.0.shortcut.2.weight"", ""model.6.0.shortcut.2.bias"", ""model.6.0.shortcut.2.running_mean"", ""model.6.0.shortcut.2.running_var"", ""model.6.1.conv1.weight"", ""model.6.1.bn1.weight"", ""model.6.1.bn1.bias"", ""model.6.1.bn1.running_mean"", ""model.6.1.bn1.running_var"", ""model.6.1.conv2.weight"", ""model.6.1.bn2.weight"", ""model.6.1.bn2.bias"", ""model.6.1.bn2.running_mean"", ""model.6.1.bn2.running_var"", ""model.6.1.conv3.weight"", ""model.6.1.bn3.weight"", ""model.6.1.bn3.bias"", ""model.6.1.bn3.running_mean"", ""model.6.1.bn3.running_var"", ""model.6.2.conv1.weight"", ""model.6.2.bn1.weight"", ""model.6.2.bn1.bias"", ""model.6.2.bn1.running_mean"", ""model.6.2.bn1.running_var"", ""model.6.2.conv2.weight"", ""model.6.2.bn2.weight"", ""model.6.2.bn2.bias"", ""model.6.2.bn2.running_mean"", ""model.6.2.bn2.running_var"", ""model.6.2.conv3.weight"", ""model.6.2.bn3.weight"", ""model.6.2.bn3.bias"", ""model.6.2.bn3.running_mean"", ""model.6.2.bn3.running_var"", ""fc.weight"", ""fc.bias"". \n\tUnexpected key(s) in state_dict: ""normalize.mean"", ""normalize.std"", ""model.model.0.weight"", ""model.model.1.weight"", ""model.model.1.bias"", ""model.model.1.running_mean"", ""model.model.1.running_var"", ""model.model.1.num_batches_tracked"", ""model.model.2.0.conv1.weight"", ""model.model.2.0.bn1.weight"", ""model.model.2.0.bn1.bias"", ""model.model.2.0.bn1.running_mean"", ""model.model.2.0.bn1.running_var"", ""model.model.2.0.bn1.num_batches_tracked"", ""model.model.2.0.conv2.weight"", ""model.model.2.0.bn2.weight"", ""model.model.2.0.bn2.bias"", ""model.model.2.0.bn2.running_mean"", ""model.model.2.0.bn2.running_var"", ""model.model.2.0.bn2.num_batches_tracked"", ""model.model.2.0.conv3.weight"", ""model.model.2.0.bn3.weight"", ""model.model.2.0.bn3.bias"", ""model.model.2.0.bn3.running_mean"", ""model.model.2.0.bn3.running_var"", ""model.model.2.0.bn3.num_batches_tracked"", ""model.model.2.0.shortcut.0.weight"", ""model.model.2.0.shortcut.1.weight"", ""model.model.2.0.shortcut.1.bias"", ""model.model.2.0.shortcut.1.running_mean"", ""model.model.2.0.shortcut.1.running_var"", ""model.model.2.0.shortcut.1.num_batches_tracked"", ""model.model.2.1.conv1.weight"", ""model.model.2.1.bn1.weight"", ""model.model.2.1.bn1.bias"", ""model.model.2.1.bn1.running_mean"", ""model.model.2.1.bn1.running_var"", ""model.model.2.1.bn1.num_batches_tracked"", ""model.model.2.1.conv2.weight"", ""model.model.2.1.bn2.weight"", ""model.model.2.1.bn2.bias"", ""model.model.2.1.bn2.running_mean"", ""model.model.2.1.bn2.running_var"", ""model.model.2.1.bn2.num_batches_tracked"", ""model.model.2.1.conv3.weight"", ""model.model.2.1.bn3.weight"", ""model.model.2.1.bn3.bias"", ""model.model.2.1.bn3.running_mean"", ""model.model.2.1.bn3.running_var"", ""model.model.2.1.bn3.num_batches_tracked"", ""model.model.2.2.conv1.weight"", ""model.model.2.2.bn1.weight"", ""model.model.2.2.bn1.bias"", ""model.model.2.2.bn1.running_mean"", ""model.model.2.2.bn1.running_var"", ""model.model.2.2.bn1.num_batches_tracked"", ""model.model.2.2.conv2.weight"", ""model.model.2.2.bn2.weight"", ""model.model.2.2.bn2.bias"", ""model.model.2.2.bn2.running_mean"", ""model.model.2.2.bn2.running_var"", ""model.model.2.2.bn2.num_batches_tracked"", ""model.model.2.2.conv3.weight"", ""model.model.2.2.bn3.weight"", ""model.model.2.2.bn3.bias"", ""model.model.2.2.bn3.running_mean"", ""model.model.2.2.bn3.running_var"", ""model.model.2.2.bn3.num_batches_tracked"", ""model.model.3.0.conv1.weight"", ""model.model.3.0.bn1.weight"", ""model.model.3.0.bn1.bias"", ""model.model.3.0.bn1.running_mean"", ""model.model.3.0.bn1.running_var"", ""model.model.3.0.bn1.num_batches_tracked"", ""model.model.3.0.conv2.weight"", ""model.model.3.0.bn2.weight"", ""model.model.3.0.bn2.bias"", ""model.model.3.0.bn2.running_mean"", ""model.model.3.0.bn2.running_var"", ""model.model.3.0.bn2.num_batches_tracked"", ""model.model.3.0.conv3.0.w"", ""model.model.3.0.conv3.1.weight"", ""model.model.3.0.bn3.weight"", ""model.model.3.0.bn3.bias"", ""model.model.3.0.bn3.running_mean"", ""model.model.3.0.bn3.running_var"", ""model.model.3.0.bn3.num_batches_tracked"", ""model.model.3.0.shortcut.0.w"", ""model.model.3.0.shortcut.1.weight"", ""model.model.3.0.shortcut.2.weight"", ""model.model.3.0.shortcut.2.bias"", ""model.model.3.0.shortcut.2.running_mean"", ""model.model.3.0.shortcut.2.running_var"", ""model.model.3.0.shortcut.2.num_batches_tracked"", ""model.model.3.1.conv1.weight"", ""model.model.3.1.bn1.weight"", ""model.model.3.1.bn1.bias"", ""model.model.3.1.bn1.running_mean"", ""model.model.3.1.bn1.running_var"", ""model.model.3.1.bn1.num_batches_tracked"", ""model.model.3.1.conv2.weight"", ""model.model.3.1.bn2.weight"", ""model.model.3.1.bn2.bias"", ""model.model.3.1.bn2.running_mean"", ""model.model.3.1.bn2.running_var"", ""model.model.3.1.bn2.num_batches_tracked"", ""model.model.3.1.conv3.weight"", ""model.model.3.1.bn3.weight"", ""model.model.3.1.bn3.bias"", ""model.model.3.1.bn3.running_mean"", ""model.model.3.1.bn3.running_var"", ""model.model.3.1.bn3.num_batches_tracked"", ""model.model.3.2.conv1.weight"", ""model.model.3.2.bn1.weight"", ""model.model.3.2.bn1.bias"", ""model.model.3.2.bn1.running_mean"", ""model.model.3.2.bn1.running_var"", ""model.model.3.2.bn1.num_batches_tracked"", ""model.model.3.2.conv2.weight"", ""model.model.3.2.bn2.weight"", ""model.model.3.2.bn2.bias"", ""model.model.3.2.bn2.running_mean"", ""model.model.3.2.bn2.running_var"", ""model.model.3.2.bn2.num_batches_tracked"", ""model.model.3.2.conv3.weight"", ""model.model.3.2.bn3.weight"", ""model.model.3.2.bn3.bias"", ""model.model.3.2.bn3.running_mean"", ""model.model.3.2.bn3.running_var"", ""model.model.3.2.bn3.num_batches_tracked"", ""model.model.3.3.conv1.weight"", ""model.model.3.3.bn1.weight"", ""model.model.3.3.bn1.bias"", ""model.model.3.3.bn1.running_mean"", ""model.model.3.3.bn1.running_var"", ""model.model.3.3.bn1.num_batches_tracked"", ""model.model.3.3.conv2.weight"", ""model.model.3.3.bn2.weight"", ""model.model.3.3.bn2.bias"", ""model.model.3.3.bn2.running_mean"", ""model.model.3.3.bn2.running_var"", ""model.model.3.3.bn2.num_batches_tracked"", ""model.model.3.3.conv3.weight"", ""model.model.3.3.bn3.weight"", ""model.model.3.3.bn3.bias"", ""model.model.3.3.bn3.running_mean"", ""model.model.3.3.bn3.running_var"", ""model.model.3.3.bn3.num_batches_tracked"", ""model.model.4.0.conv1.weight"", ""model.model.4.0.bn1.weight"", ""model.model.4.0.bn1.bias"", ""model.model.4.0.bn1.running_mean"", ""model.model.4.0.bn1.running_var"", ""model.model.4.0.bn1.num_batches_tracked"", ""model.model.4.0.conv2.weight"", ""model.model.4.0.bn2.weight"", ""model.model.4.0.bn2.bias"", ""model.model.4.0.bn2.running_mean"", ""model.model.4.0.bn2.running_var"", ""model.model.4.0.bn2.num_batches_tracked"", ""model.model.4.0.conv3.0.w"", ""model.model.4.0.conv3.1.weight"", ""model.model.4.0.bn3.weight"", ""model.model.4.0.bn3.bias"", ""model.model.4.0.bn3.running_mean"", ""model.model.4.0.bn3.running_var"", ""model.model.4.0.bn3.num_batches_tracked"", ""model.model.4.0.shortcut.0.w"", ""model.model.4.0.shortcut.1.weight"", ""model.model.4.0.shortcut.2.weight"", ""model.model.4.0.shortcut.2.bias"", ""model.model.4.0.shortcut.2.running_mean"", ""model.model.4.0.shortcut.2.running_var"", ""model.model.4.0.shortcut.2.num_batches_tracked"", ""model.model.4.1.conv1.weight"", ""model.model.4.1.bn1.weight"", ""model.model.4.1.bn1.bias"", ""model.model.4.1.bn1.running_mean"", ""model.model.4.1.bn1.running_var"", ""model.model.4.1.bn1.num_batches_tracked"", ""model.model.4.1.conv2.weight"", ""model.model.4.1.bn2.weight"", ""model.model.4.1.bn2.bias"", ""model.model.4.1.bn2.running_mean"", ""model.model.4.1.bn2.running_var"", ""model.model.4.1.bn2.num_batches_tracked"", ""model.model.4.1.conv3.weight"", ""model.model.4.1.bn3.weight"", ""model.model.4.1.bn3.bias"", ""model.model.4.1.bn3.running_mean"", ""model.model.4.1.bn3.running_var"", ""model.model.4.1.bn3.num_batches_tracked"", ""model.model.4.2.conv1.weight"", ""model.model.4.2.bn1.weight"", ""model.model.4.2.bn1.bias"", ""model.model.4.2.bn1.running_mean"", ""model.model.4.2.bn1.running_var"", ""model.model.4.2.bn1.num_batches_tracked"", ""model.model.4.2.conv2.weight"", ""model.model.4.2.bn2.weight"", ""model.model.4.2.bn2.bias"", ""model.model.4.2.bn2.running_mean"", ""model.model.4.2.bn2.running_var"", ""model.model.4.2.bn2.num_batches_tracked"", ""model.model.4.2.conv3.weight"", ""model.model.4.2.bn3.weight"", ""model.model.4.2.bn3.bias"", ""model.model.4.2.bn3.running_mean"", ""model.model.4.2.bn3.running_var"", ""model.model.4.2.bn3.num_batches_tracked"", ""model.model.4.3.conv1.weight"", ""model.model.4.3.bn1.weight"", ""model.model.4.3.bn1.bias"", ""model.model.4.3.bn1.running_mean"", ""model.model.4.3.bn1.running_var"", ""model.model.4.3.bn1.num_batches_tracked"", ""model.model.4.3.conv2.weight"", ""model.model.4.3.bn2.weight"", ""model.model.4.3.bn2.bias"", ""model.model.4.3.bn2.running_mean"", ""model.model.4.3.bn2.running_var"", ""model.model.4.3.bn2.num_batches_tracked"", ""model.model.4.3.conv3.weight"", ""model.model.4.3.bn3.weight"", ""model.model.4.3.bn3.bias"", ""model.model.4.3.bn3.running_mean"", ""model.model.4.3.bn3.running_var"", ""model.model.4.3.bn3.num_batches_tracked"", ""model.model.4.4.conv1.weight"", ""model.model.4.4.bn1.weight"", ""model.model.4.4.bn1.bias"", ""model.model.4.4.bn1.running_mean"", ""model.model.4.4.bn1.running_var"", ""model.model.4.4.bn1.num_batches_tracked"", ""model.model.4.4.conv2.weight"", ""model.model.4.4.bn2.weight"", ""model.model.4.4.bn2.bias"", ""model.model.4.4.bn2.running_mean"", ""model.model.4.4.bn2.running_var"", ""model.model.4.4.bn2.num_batches_tracked"", ""model.model.4.4.conv3.weight"", ""model.model.4.4.bn3.weight"", ""model.model.4.4.bn3.bias"", ""model.model.4.4.bn3.running_mean"", ""model.model.4.4.bn3.running_var"", ""model.model.4.4.bn3.num_batches_tracked"", ""model.model.4.5.conv1.weight"", ""model.model.4.5.bn1.weight"", ""model.model.4.5.bn1.bias"", ""model.model.4.5.bn1.running_mean"", ""model.model.4.5.bn1.running_var"", ""model.model.4.5.bn1.num_batches_tracked"", ""model.model.4.5.conv2.weight"", ""model.model.4.5.bn2.weight"", ""model.model.4.5.bn2.bias"", ""model.model.4.5.bn2.running_mean"", ""model.model.4.5.bn2.running_var"", ""model.model.4.5.bn2.num_batches_tracked"", ""model.model.4.5.conv3.weight"", ""model.model.4.5.bn3.weight"", ""model.model.4.5.bn3.bias"", ""model.model.4.5.bn3.running_mean"", ""model.model.4.5.bn3.running_var"", ""model.model.4.5.bn3.num_batches_tracked"", ""model.model.5.0.conv1.weight"", ""model.model.5.0.bn1.weight"", ""model.model.5.0.bn1.bias"", ""model.model.5.0.bn1.running_mean"", ""model.model.5.0.bn1.running_var"", ""model.model.5.0.bn1.num_batches_tracked"", ""model.model.5.0.conv2.weight"", ""model.model.5.0.bn2.weight"", ""model.model.5.0.bn2.bias"", ""model.model.5.0.bn2.running_mean"", ""model.model.5.0.bn2.running_var"", ""model.model.5.0.bn2.num_batches_tracked"", ""model.model.5.0.conv3.0.w"", ""model.model.5.0.conv3.1.weight"", ""model.model.5.0.bn3.weight"", ""model.model.5.0.bn3.bias"", ""model.model.5.0.bn3.running_mean"", ""model.model.5.0.bn3.running_var"", ""model.model.5.0.bn3.num_batches_tracked"", ""model.model.5.0.shortcut.0.w"", ""model.model.5.0.shortcut.1.weight"", ""model.model.5.0.shortcut.2.weight"", ""model.model.5.0.shortcut.2.bias"", ""model.model.5.0.shortcut.2.running_mean"", ""model.model.5.0.shortcut.2.running_var"", ""model.model.5.0.shortcut.2.num_batches_tracked"", ""model.model.5.1.conv1.weight"", ""model.model.5.1.bn1.weight"", ""model.model.5.1.bn1.bias"", ""model.model.5.1.bn1.running_mean"", ""model.model.5.1.bn1.running_var"", ""model.model.5.1.bn1.num_batches_tracked"", ""model.model.5.1.conv2.weight"", ""model.model.5.1.bn2.weight"", ""model.model.5.1.bn2.bias"", ""model.model.5.1.bn2.running_mean"", ""model.model.5.1.bn2.running_var"", ""model.model.5.1.bn2.num_batches_tracked"", ""model.model.5.1.conv3.weight"", ""model.model.5.1.bn3.weight"", ""model.model.5.1.bn3.bias"", ""model.model.5.1.bn3.running_mean"", ""model.model.5.1.bn3.running_var"", ""model.model.5.1.bn3.num_batches_tracked"", ""model.model.5.2.conv1.weight"", ""model.model.5.2.bn1.weight"", ""model.model.5.2.bn1.bias"", ""model.model.5.2.bn1.running_mean"", ""model.model.5.2.bn1.running_var"", ""model.model.5.2.bn1.num_batches_tracked"", ""model.model.5.2.conv2.weight"", ""model.model.5.2.bn2.weight"", ""model.model.5.2.bn2.bias"", ""model.model.5.2.bn2.running_mean"", ""model.model.5.2.bn2.running_var"", ""model.model.5.2.bn2.num_batches_tracked"", ""model.model.5.2.conv3.weight"", ""model.model.5.2.bn3.weight"", ""model.model.5.2.bn3.bias"", ""model.model.5.2.bn3.running_mean"", ""model.model.5.2.bn3.running_var"", ""model.model.5.2.bn3.num_batches_tracked"", ""model.fc.weight"", ""model.fc.bias"". \nbackbone/as_saved/strict=False: missing=[\'model.0.weight\', \'model.1.weight\', \'model.1.bias\', \'model.1.running_mean\', \'model.1.running_var\', \'model.3.0.conv1.weight\', \'model.3.0.bn1.weight\', \'model.3.0.bn1.bias\'], unexpected=[\'normalize.mean\', \'normalize.std\', \'model.model.0.weight\', \'model.model.1.weight\', \'model.model.1.bias\', \'model.model.1.running_mean\', \'model.model.1.running_var\', \'model.model.1.num_batches_tracked\']')"
models/cifar10/Linf/ResNet_LipReg_AA.pt,lipreg_aa,fgsm,8.0,8.0,zero,0.931700,0.365800,9317,3658,10000,wrapper,as_saved,,,328,cuda,5.824,ok,
models/cifar10/Linf/ResNet_LipReg_AA.pt,lipreg_aa,fgsm,4.0,4.0,zero,0.931700,0.554200,9317,5542,10000,wrapper,as_saved,,,328,cuda,5.728,ok,
models/cifar10/Linf/WideResNet-AT.pt,wideresnet,fgsm,8.0,8.0,zero,0.905800,0.470000,9058,4700,10000,wrapper,as_saved,,,553,cuda,34.252,ok,
models/cifar10/Linf/WideResNet-AT.pt,wideresnet,fgsm,4.0,4.0,zero,0.905800,0.675000,9058,6750,10000,wrapper,as_saved,,,553,cuda,34.262,ok,
models/cifar10/Linf/WideResNet_LipReg-AT.pt,wideresnet_lipreg_aa,fgsm,8.0,8.0,zero,0.895700,0.493600,8957,4936,10000,wrapper,as_saved,,,557,cuda,79.161,ok,
models/cifar10/Linf/WideResNet_LipReg-AT.pt,wideresnet_lipreg_aa,fgsm,4.0,4.0,zero,0.895700,0.680700,8957,6807,10000,wrapper,as_saved,,,557,cuda,79.174,ok,
models/cifar10/Linf/WideResNet_LipReg-TRADES.pt,wideresnet_lipreg_aa,fgsm,8.0,8.0,zero,0.911800,0.121200,9118,1212,10000,wrapper,as_saved,,,557,cuda,79.061,ok,
models/cifar10/Linf/WideResNet_LipReg-TRADES.pt,wideresnet_lipreg_aa,fgsm,4.0,4.0,zero,0.911800,0.342000,9118,3420,10000,wrapper,as_saved,,,557,cuda,79.095,ok,
models/cifar10/Linf/WideResNet_LipReg.pt,wideresnet_lipreg_aa,fgsm,8.0,8.0,zero,0.895700,0.493600,8957,4936,10000,wrapper,as_saved,,,557,cuda,79.189,ok,
models/cifar10/Linf/WideResNet_LipReg.pt,wideresnet_lipreg_aa,fgsm,4.0,4.0,zero,0.895700,0.680700,8957,6807,10000,wrapper,as_saved,,,557,cuda,79.202,ok,
