checkpoint,arch,attack,eps,alpha,mode,clean_accuracy,robust_accuracy,clean_correct,robust_correct,total,load_target,load_variant,missing_keys,unexpected_keys,state_dict_keys,device,seconds,status,error
models/cifar100/Linf/ResNet-AT.pt,resnet50,fgsm,8.0,8.0,zero,0.591100,0.227700,5911,2277,10000,wrapper,as_saved,,,322,cuda,4.552,ok,
models/cifar100/Linf/ResNet-AT.pt,resnet50,fgsm,4.0,4.0,zero,0.591100,0.369500,5911,3695,10000,wrapper,as_saved,,,322,cuda,4.451,ok,
models/cifar100/Linf/ResNet-AT_v2.pt,resnet50,fgsm,8.0,8.0,zero,0.637200,0.212600,6372,2126,10000,wrapper,as_saved,,,322,cuda,4.441,ok,
models/cifar100/Linf/ResNet-AT_v2.pt,resnet50,fgsm,4.0,4.0,zero,0.637200,0.349500,6372,3495,10000,wrapper,as_saved,,,322,cuda,4.482,ok,
models/cifar100/Linf/ResNet-TRADES.pt,resnet50,fgsm,8.0,8.0,zero,0.702400,0.073800,7024,738,10000,wrapper,as_saved,,,322,cuda,4.437,ok,
models/cifar100/Linf/ResNet-TRADES.pt,resnet50,fgsm,4.0,4.0,zero,0.702400,0.101600,7024,1016,10000,wrapper,as_saved,,,322,cuda,4.399,ok,
models/cifar100/Linf/ResNet.pt,resnet50,fgsm,8.0,8.0,zero,0.724800,0.130000,7248,1300,10000,wrapper,as_saved,,,322,cuda,4.444,ok,
models/cifar100/Linf/ResNet.pt,resnet50,fgsm,4.0,4.0,zero,0.724800,0.197900,7248,1979,10000,wrapper,as_saved,,,322,cuda,4.401,ok,
models/cifar100/Linf/ResNet_AA-AT.pt,resnet50_aa,fgsm,8.0,8.0,zero,0.614500,0.244200,6145,2442,10000,wrapper,as_saved,,,328,cuda,5.473,ok,
models/cifar100/Linf/ResNet_AA-AT.pt,resnet50_aa,fgsm,4.0,4.0,zero,0.614500,0.385400,6145,3854,10000,wrapper,as_saved,,,328,cuda,5.439,ok,
models/cifar100/Linf/ResNet_AA.pt,resnet50_aa,fgsm,8.0,8.0,zero,0.750200,0.124900,7502,1249,10000,wrapper,as_saved,,,328,cuda,5.445,ok,
models/cifar100/Linf/ResNet_AA.pt,resnet50_aa,fgsm,4.0,4.0,zero,0.750200,0.190400,7502,1904,10000,wrapper,as_saved,,,328,cuda,5.435,ok,
models/cifar100/Linf/ResNet_LipReg-AT.pt,lipreg,fgsm,8.0,8.0,zero,0.485900,0.121700,4859,1217,10000,wrapper,as_saved,,,322,cuda,4.778,ok,
models/cifar100/Linf/ResNet_LipReg-AT.pt,lipreg,fgsm,4.0,4.0,zero,0.485900,0.224100,4859,2241,10000,wrapper,as_saved,,,322,cuda,4.805,ok,
models/cifar100/Linf/ResNet_LipReg.pt,lipreg,fgsm,8.0,8.0,zero,0.638400,0.196700,6384,1967,10000,wrapper,as_saved,,,322,cuda,4.775,ok,
models/cifar100/Linf/ResNet_LipReg.pt,lipreg,fgsm,4.0,4.0,zero,0.638400,0.300700,6384,3007,10000,wrapper,as_saved,,,322,cuda,4.748,ok,
models/cifar100/Linf/ResNet_LipReg_AA-AT.pt,lipreg_aa,fgsm,8.0,8.0,zero,0.522900,0.153100,5229,1531,10000,wrapper,as_saved,,,328,cuda,5.713,ok,
models/cifar100/Linf/ResNet_LipReg_AA-AT.pt,lipreg_aa,fgsm,4.0,4.0,zero,0.522900,0.284300,5229,2843,10000,wrapper,as_saved,,,328,cuda,5.712,ok,
models/cifar100/Linf/ResNet_LipReg_AA-AT_v2.pt,lipreg_aa,,,,,,,,,,,,,,,cuda,1.286,load_failed,"RuntimeError('Could not load ResNet_LipReg_AA-AT_v2.pt as lipreg_aa. Last attempts:\nwrapper/prefixed_for_wrapper/strict=True: Error(s) in loading state_dict for Sequential:\n\tMissing key(s) in state_dict: ""model.model.3.0.conv3.weight"", ""model.model.3.0.shortcut.0.weight"", ""model.model.3.0.shortcut.1.bias"", ""model.model.3.0.shortcut.1.running_mean"", ""model.model.3.0.shortcut.1.running_var"", ""model.model.5.3.conv1.weight"", ""model.model.5.3.bn1.weight"", ""model.model.5.3.bn1.bias"", ""model.model.5.3.bn1.running_mean"", ""model.model.5.3.bn1.running_var"", ""model.model.5.3.conv2.weight"", ""model.model.5.3.bn2.weight"", ""model.model.5.3.bn2.bias"", ""model.model.5.3.bn2.running_mean"", ""model.model.5.3.bn2.running_var"", ""model.model.5.3.conv3.weight"", ""model.model.5.3.bn3.weight"", ""model.model.5.3.bn3.bias"", ""model.model.5.3.bn3.running_mean"", ""model.model.5.3.bn3.running_var"", ""model.model.5.4.conv1.weight"", ""model.model.5.4.bn1.weight"", ""model.model.5.4.bn1.bias"", ""model.model.5.4.bn1.running_mean"", ""model.model.5.4.bn1.running_var"", ""model.model.5.4.conv2.weight"", ""model.model.5.4.bn2.weight"", ""model.model.5.4.bn2.bias"", ""model.model.5.4.bn2.running_mean"", ""model.model.5.4.bn2.running_var"", ""model.model.5.4.conv3.weight"", ""model.model.5.4.bn3.weight"", ""model.model.5.4.bn3.bias"", ""model.model.5.4.bn3.running_mean"", ""model.model.5.4.bn3.running_var"", ""model.model.5.5.conv1.weight"", ""model.model.5.5.bn1.weight"", ""model.model.5.5.bn1.bias"", ""model.model.5.5.bn1.running_mean"", ""model.model.5.5.bn1.running_var"", ""model.model.5.5.conv2.weight"", ""model.model.5.5.bn2.weight"", ""model.model.5.5.bn2.bias"", ""model.model.5.5.bn2.running_mean"", ""model.model.5.5.bn2.running_var"", ""model.model.5.5.conv3.weight"", ""model.model.5.5.bn3.weight"", ""model.model.5.5.bn3.bias"", ""model.model.5.5.bn3.running_mean"", ""model.model.5.5.bn3.running_var"", ""model.model.6.0.conv1.weight"", ""model.model.6.0.bn1.weight"", ""model.model.6.0.bn1.bias"", ""model.model.6.0.bn1.running_mean"", ""model.model.6.0.bn1.running_var"", ""model.model.6.0.conv2.weight"", ""model.model.6.0.bn2.weight"", ""model.model.6.0.bn2.bias"", ""model.model.6.0.bn2.running_mean"", ""model.model.6.0.bn2.running_var"", ""model.model.6.0.conv3.0.w"", ""model.model.6.0.conv3.1.weight"", ""model.model.6.0.bn3.weight"", ""model.model.6.0.bn3.bias"", ""model.model.6.0.bn3.running_mean"", ""model.model.6.0.bn3.running_var"", ""model.model.6.0.shortcut.0.w"", ""model.model.6.0.shortcut.1.weight"", ""model.model.6.0.shortcut.2.weight"", ""model.model.6.0.shortcut.2.bias"", ""model.model.6.0.shortcut.2.running_mean"", ""model.model.6.0.shortcut.2.running_var"", ""model.model.6.1.conv1.weight"", ""model.model.6.1.bn1.weight"", ""model.model.6.1.bn1.bias"", ""model.model.6.1.bn1.running_mean"", ""model.model.6.1.bn1.running_var"", ""model.model.6.1.conv2.weight"", ""model.model.6.1.bn2.weight"", ""model.model.6.1.bn2.bias"", ""model.model.6.1.bn2.running_mean"", ""model.model.6.1.bn2.running_var"", ""model.model.6.1.conv3.weight"", ""model.model.6.1.bn3.weight"", ""model.model.6.1.bn3.bias"", ""model.model.6.1.bn3.running_mean"", ""model.model.6.1.bn3.running_var"", ""model.model.6.2.conv1.weight"", ""model.model.6.2.bn1.weight"", ""model.model.6.2.bn1.bias"", ""model.model.6.2.bn1.running_mean"", ""model.model.6.2.bn1.running_var"", ""model.model.6.2.conv2.weight"", ""model.model.6.2.bn2.weight"", ""model.model.6.2.bn2.bias"", ""model.model.6.2.bn2.running_mean"", ""model.model.6.2.bn2.running_var"", ""model.model.6.2.conv3.weight"", ""model.model.6.2.bn3.weight"", ""model.model.6.2.bn3.bias"", ""model.model.6.2.bn3.running_mean"", ""model.model.6.2.bn3.running_var"". \n\tUnexpected key(s) in state_dict: ""model.model.2.0.conv1.weight"", ""model.model.2.0.bn1.weight"", ""model.model.2.0.bn1.bias"", ""model.model.2.0.bn1.running_mean"", ""model.model.2.0.bn1.running_var"", ""model.model.2.0.bn1.num_batches_tracked"", ""model.model.2.0.conv2.weight"", ""model.model.2.0.bn2.weight"", ""model.model.2.0.bn2.bias"", ""model.model.2.0.bn2.running_mean"", ""model.model.2.0.bn2.running_var"", ""model.model.2.0.bn2.num_batches_tracked"", ""model.model.2.0.conv3.weight"", ""model.model.2.0.bn3.weight"", ""model.model.2.0.bn3.bias"", ""model.model.2.0.bn3.running_mean"", ""model.model.2.0.bn3.running_var"", ""model.model.2.0.bn3.num_batches_tracked"", ""model.model.2.0.shortcut.0.weight"", ""model.model.2.0.shortcut.1.weight"", ""model.model.2.0.shortcut.1.bias"", ""model.model.2.0.shortcut.1.running_mean"", ""model.model.2.0.shortcut.1.running_var"", ""model.model.2.0.shortcut.1.num_batches_tracked"", ""model.model.2.1.conv1.weight"", ""model.model.2.1.bn1.weight"", ""model.model.2.1.bn1.bias"", ""model.model.2.1.bn1.running_mean"", ""model.model.2.1.bn1.running_var"", ""model.model.2.1.bn1.num_batches_tracked"", ""model.model.2.1.conv2.weight"", ""model.model.2.1.bn2.weight"", ""model.model.2.1.bn2.bias"", ""model.model.2.1.bn2.running_mean"", ""model.model.2.1.bn2.running_var"", ""model.model.2.1.bn2.num_batches_tracked"", ""model.model.2.1.conv3.weight"", ""model.model.2.1.bn3.weight"", ""model.model.2.1.bn3.bias"", ""model.model.2.1.bn3.running_mean"", ""model.model.2.1.bn3.running_var"", ""model.model.2.1.bn3.num_batches_tracked"", ""model.model.2.2.conv1.weight"", ""model.model.2.2.bn1.weight"", ""model.model.2.2.bn1.bias"", ""model.model.2.2.bn1.running_mean"", ""model.model.2.2.bn1.running_var"", ""model.model.2.2.bn1.num_batches_tracked"", ""model.model.2.2.conv2.weight"", ""model.model.2.2.bn2.weight"", ""model.model.2.2.bn2.bias"", ""model.model.2.2.bn2.running_mean"", ""model.model.2.2.bn2.running_var"", ""model.model.2.2.bn2.num_batches_tracked"", ""model.model.2.2.conv3.weight"", ""model.model.2.2.bn3.weight"", ""model.model.2.2.bn3.bias"", ""model.model.2.2.bn3.running_mean"", ""model.model.2.2.bn3.running_var"", ""model.model.2.2.bn3.num_batches_tracked"", ""model.model.3.3.conv1.weight"", ""model.model.3.3.bn1.weight"", ""model.model.3.3.bn1.bias"", ""model.model.3.3.bn1.running_mean"", ""model.model.3.3.bn1.running_var"", ""model.model.3.3.bn1.num_batches_tracked"", ""model.model.3.3.conv2.weight"", ""model.model.3.3.bn2.weight"", ""model.model.3.3.bn2.bias"", ""model.model.3.3.bn2.running_mean"", ""model.model.3.3.bn2.running_var"", ""model.model.3.3.bn2.num_batches_tracked"", ""model.model.3.3.conv3.weight"", ""model.model.3.3.bn3.weight"", ""model.model.3.3.bn3.bias"", ""model.model.3.3.bn3.running_mean"", ""model.model.3.3.bn3.running_var"", ""model.model.3.3.bn3.num_batches_tracked"", ""model.model.3.0.conv3.0.w"", ""model.model.3.0.conv3.1.weight"", ""model.model.3.0.shortcut.2.weight"", ""model.model.3.0.shortcut.2.bias"", ""model.model.3.0.shortcut.2.running_mean"", ""model.model.3.0.shortcut.2.running_var"", ""model.model.3.0.shortcut.2.num_batches_tracked"", ""model.model.3.0.shortcut.0.w"", ""model.model.4.4.conv1.weight"", ""model.model.4.4.bn1.weight"", ""model.model.4.4.bn1.bias"", ""model.model.4.4.bn1.running_mean"", ""model.model.4.4.bn1.running_var"", ""model.model.4.4.bn1.num_batches_tracked"", ""model.model.4.4.conv2.weight"", ""model.model.4.4.bn2.weight"", ""model.model.4.4.bn2.bias"", ""model.model.4.4.bn2.running_mean"", ""model.model.4.4.bn2.running_var"", ""model.model.4.4.bn2.num_batches_tracked"", ""model.model.4.4.conv3.weight"", ""model.model.4.4.bn3.weight"", ""model.model.4.4.bn3.bias"", ""model.model.4.4.bn3.running_mean"", ""model.model.4.4.bn3.running_var"", ""model.model.4.4.bn3.num_batches_tracked"", ""model.model.4.5.conv1.weight"", ""model.model.4.5.bn1.weight"", ""model.model.4.5.bn1.bias"", ""model.model.4.5.bn1.running_mean"", ""model.model.4.5.bn1.running_var"", ""model.model.4.5.bn1.num_batches_tracked"", ""model.model.4.5.conv2.weight"", ""model.model.4.5.bn2.weight"", ""model.model.4.5.bn2.bias"", ""model.model.4.5.bn2.running_mean"", ""model.model.4.5.bn2.running_var"", ""model.model.4.5.bn2.num_batches_tracked"", ""model.model.4.5.conv3.weight"", ""model.model.4.5.bn3.weight"", ""model.model.4.5.bn3.bias"", ""model.model.4.5.bn3.running_mean"", ""model.model.4.5.bn3.running_var"", ""model.model.4.5.bn3.num_batches_tracked"". \n\tsize mismatch for model.model.3.0.conv1.weight: copying a param with shape torch.Size([128, 256, 1, 1]) from checkpoint, the shape in current model is torch.Size([64, 64, 1, 1]).\n\tsize mismatch for model.model.3.0.bn1.weight: copying a param with shape torch.Size([128]) from checkpoint, the shape in current model is torch.Size([64]).\n\tsize mismatch for model.model.3.0.bn1.bias: copying a param with shape torch.Size([128]) from checkpoint, the shape in current model is torch.Size([64]).\n\tsize mismatch for model.model.3.0.bn1.running_mean: copying a param with shape torch.Size([128]) from checkpoint, the shape in current model is torch.Size([64]).\n\tsize mismatch for model.model.3.0.bn1.running_var: copying a param with shape torch.Size([128]) from checkpoint, the shape in current model is torch.Size([64]).\n\tsize mismatch for model.model.3.0.conv2.weight: copying a param with shape torch.Size([128, 128, 3, 3]) from checkpoint, the shape in current model is torch.Size([64, 64, 3, 3]).\n\tsize mismatch for model.model.3.0.bn2.weight: copying a param with shape torch.Size([128]) from checkpoint, the shape in current model is torch.Size([64]).\n\tsize mismatch for model.model.3.0.bn2.bias: copying a param with shape torch.Size([128]) from checkpoint, the shape in current model is torch.Size([64]).\n\tsize mismatch for model.model.3.0.bn2.running_mean: copying a param with shape torch.Size([128]) from checkpoint, the shape in current model is torch.Size([64]).\n\tsize mismatch for model.model.3.0.bn2.running_var: copying a param with shape torch.Size([128]) from checkpoint, the shape in current model is torch.Size([64]).\n\tsize mismatch for model.model.3.0.bn3.weight: copying a param with shape torch.Size([512]) from checkpoint, the shape in current model is torch.Size([256]).\n\tsize mismatch for model.model.3.0.bn3.bias: copying a param with shape torch.Size([512]) from checkpoint, the shape in current model is torch.Size([256]).\n\tsize mismatch for model.model.3.0.bn3.running_mean: copying a param with shape torch.Size([512]) from checkpoint, the shape in current model is torch.Size([256]).\n\tsize mismatch for model.model.3.0.bn3.running_var: copying a param with shape torch.Size([512]) from checkpoint, the shape in current model is torch.Size([256]).\n\tsize mismatch for model.model.3.0.shortcut.1.weight: copying a param with shape torch.Size([512, 256, 1, 1]) from checkpoint, the shape in current model is torch.Size([256]).\n\tsize mismatch for model.model.3.1.conv1.weight: copying a param with shape torch.Size([128, 512, 1, 1]) from checkpoint, the shape in current model is torch.Size([64, 256, 1, 1]).\n\tsize mismatch for model.model.3.1.bn1.weight: copying a param with shape torch.Size([128]) from checkpoint, the shape in current model is torch.Size([64]).\n\tsize mismatch for model.model.3.1.bn1.bias: copying a param with shape torch.Size([128]) from checkpoint, the shape in current model is torch.Size([64]).\n\tsize mismatch for model.model.3.1.bn1.running_mean: copying a param with shape torch.Size([128]) from checkpoint, the shape in current model is torch.Size([64]).\n\tsize mismatch for model.model.3.1.bn1.running_var: copying a param with shape torch.Size([128]) from checkpoint, the shape in current model is torch.Size([64]).\n\tsize mismatch for model.model.3.1.conv2.weight: copying a param with shape torch.Size([128, 128, 3, 3]) from checkpoint, the shape in current model is torch.Size([64, 64, 3, 3]).\n\tsize mismatch for model.model.3.1.bn2.weight: copying a param with shape torch.Size([128]) from checkpoint, the shape in current model is torch.Size([64]).\n\tsize mismatch for model.model.3.1.bn2.bias: copying a param with shape torch.Size([128]) from checkpoint, the shape in current model is torch.Size([64]).\n\tsize mismatch for model.model.3.1.bn2.running_mean: copying a param with shape torch.Size([128]) from checkpoint, the shape in current model is torch.Size([64]).\n\tsize mismatch for model.model.3.1.bn2.running_var: copying a param with shape torch.Size([128]) from checkpoint, the shape in current model is torch.Size([64]).\n\tsize mismatch for model.model.3.1.conv3.weight: copying a param with shape torch.Size([512, 128, 1, 1]) from checkpoint, the shape in current model is torch.Size([256, 64, 1, 1]).\n\tsize mismatch for model.model.3.1.bn3.weight: copying a param with shape torch.Size([512]) from checkpoint, the shape in current model is torch.Size([256]).\n\tsize mismatch for model.model.3.1.bn3.bias: copying a param with shape torch.Size([512]) from checkpoint, the shape in current model is torch.Size([256]).\n\tsize mismatch for model.model.3.1.bn3.running_mean: copying a param with shape torch.Size([512]) from checkpoint, the shape in current model is torch.Size([256]).\n\tsize mismatch for model.model.3.1.bn3.running_var: copying a param with shape torch.Size([512]) from checkpoint, the shape in current model is torch.Size([256]).\n\tsize mismatch for model.model.3.2.conv1.weight: copying a param with shape torch.Size([128, 512, 1, 1]) from checkpoint, the shape in current model is torch.Size([64, 256, 1, 1]).\n\tsize mismatch for model.model.3.2.bn1.weight: copying a param with shape torch.Size([128]) from checkpoint, the shape in current model is torch.Size([64]).\n\tsize mismatch for model.model.3.2.bn1.bias: copying a param with shape torch.Size([128]) from checkpoint, the shape in current model is torch.Size([64]).\n\tsize mismatch for model.model.3.2.bn1.running_mean: copying a param with shape torch.Size([128]) from checkpoint, the shape in current model is torch.Size([64]).\n\tsize mismatch for model.model.3.2.bn1.running_var: copying a param with shape torch.Size([128]) from checkpoint, the shape in current model is torch.Size([64]).\n\tsize mismatch for model.model.3.2.conv2.weight: copying a param with shape torch.Size([128, 128, 3, 3]) from checkpoint, the shape in current model is torch.Size([64, 64, 3, 3]).\n\tsize mismatch for model.model.3.2.bn2.weight: copying a param with shape torch.Size([128]) from checkpoint, the shape in current model is torch.Size([64]).\n\tsize mismatch for model.model.3.2.bn2.bias: copying a param with shape torch.Size([128]) from checkpoint, the shape in current model is torch.Size([64]).\n\tsize mismatch for model.model.3.2.bn2.running_mean: copying a param with shape torch.Size([128]) from checkpoint, the shape in current model is torch.Size([64]).\n\tsize mismatch for model.model.3.2.bn2.running_var: copying a param with shape torch.Size([128]) from checkpoint, the shape in current model is torch.Size([64]).\n\tsize mismatch for model.model.3.2.conv3.weight: copying a param with shape torch.Size([512, 128, 1, 1]) from checkpoint, the shape in current model is torch.Size([256, 64, 1, 1]).\n\tsize mismatch for model.model.3.2.bn3.weight: copying a param with shape torch.Size([512]) from checkpoint, the shape in current model is torch.Size([256]).\n\tsize mismatch for model.model.3.2.bn3.bias: copying a param with shape torch.Size([512]) from checkpoint, the shape in current model is torch.Size([256]).\n\tsize mismatch for model.model.3.2.bn3.running_mean: copying a param with shape torch.Size([512]) from checkpoint, the shape in current model is torch.Size([256]).\n\tsize mismatch for model.model.3.2.bn3.running_var: copying a param with shape torch.Size([512]) from checkpoint, the shape in current model is torch.Size([256]).\n\tsize mismatch for model.model.4.0.conv1.weight: copying a param with shape torch.Size([256, 512, 1, 1]) from checkpoint, the shape in current model is torch.Size([128, 256, 1, 1]).\n\tsize mismatch for model.model.4.0.bn1.weight: copying a param with shape torch.Size([256]) from checkpoint, the shape in current model is torch.Size([128]).\n\tsize mismatch for model.model.4.0.bn1.bias: copying a param with shape torch.Size([256]) from checkpoint, the shape in current model is torch.Size([128]).\n\tsize mismatch for model.model.4.0.bn1.running_mean: copying a param with shape torch.Size([256]) from checkpoint, the shape in current model is torch.Size([128]).\n\tsize mismatch for model.model.4.0.bn1.running_var: copying a param with shape torch.Size([256]) from checkpoint, the shape in current model is torch.Size([128]).\n\tsize mismatch for model.model.4.0.conv2.weight: copying a param with shape torch.Size([256, 256, 3, 3]) from checkpoint, the shape in current model is torch.Size([128, 128, 3, 3]).\n\tsize mismatch for model.model.4.0.bn2.weight: copying a param with shape torch.Size([256]) from checkpoint, the shape in current model is torch.Size([128]).\n\tsize mismatch for model.model.4.0.bn2.bias: copying a param with shape torch.Size([256]) from checkpoint, the shape in current model is torch.Size([128]).\n\tsize mismatch for model.model.4.0.bn2.running_mean: copying a param with shape torch.Size([256]) from checkpoint, the shape in current model is torch.Size([128]).\n\tsize mismatch for model.model.4.0.bn2.running_var: copying a param with shape torch.Size([256]) from checkpoint, the shape in current model is torch.Size([128]).\n\tsize mismatch for model.model.4.0.conv3.1.weight: copying a param with shape torch.Size([1024, 256, 1, 1]) from checkpoint, the shape in current model is torch.Size([512, 128, 1, 1]).\n\tsize mismatch for model.model.4.0.bn3.weight: copying a param with shape torch.Size([1024]) from checkpoint, the shape in current model is torch.Size([512]).\n\tsize mismatch for model.model.4.0.bn3.bias: copying a param with shape torch.Size([1024]) from checkpoint, the shape in current model is torch.Size([512]).\n\tsize mismatch for model.model.4.0.bn3.running_mean: copying a param with shape torch.Size([1024]) from checkpoint, the shape in current model is torch.Size([512]).\n\tsize mismatch for model.model.4.0.bn3.running_var: copying a param with shape torch.Size([1024]) from checkpoint, the shape in current model is torch.Size([512]).\n\tsize mismatch for model.model.4.0.shortcut.1.weight: copying a param with shape torch.Size([1024, 512, 1, 1]) from checkpoint, the shape in current model is torch.Size([512, 256, 1, 1]).\n\tsize mismatch for model.model.4.0.shortcut.2.weight: copying a param with shape torch.Size([1024]) from checkpoint, the shape in current model is torch.Size([512]).\n\tsize mismatch for model.model.4.0.shortcut.2.bias: copying a param with shape torch.Size([1024]) from checkpoint, the shape in current model is torch.Size([512]).\n\tsize mismatch for model.model.4.0.shortcut.2.running_mean: copying a param with shape torch.Size([1024]) from checkpoint, the shape in current model is torch.Size([512]).\n\tsize mismatch for model.model.4.0.shortcut.2.running_var: copying a param with shape torch.Size([1024]) from checkpoint, the shape in current model is torch.Size([512]).\n\tsize mismatch for model.model.4.1.conv1.weight: copying a param with shape torch.Size([256, 1024, 1, 1]) from checkpoint, the shape in current model is torch.Size([128, 512, 1, 1]).\n\tsize mismatch for model.model.4.1.bn1.weight: copying a param with shape torch.Size([256]) from checkpoint, the shape in current model is torch.Size([128]).\n\tsize mismatch for model.model.4.1.bn1.bias: copying a param with shape torch.Size([256]) from checkpoint, the shape in current model is torch.Size([128]).\n\tsize mismatch for model.model.4.1.bn1.running_mean: copying a param with shape torch.Size([256]) from checkpoint, the shape in current model is torch.Size([128]).\n\tsize mismatch for model.model.4.1.bn1.running_var: copying a param with shape torch.Size([256]) from checkpoint, the shape in current model is torch.Size([128]).\n\tsize mismatch for model.model.4.1.conv2.weight: copying a param with shape torch.Size([256, 256, 3, 3]) from checkpoint, the shape in current model is torch.Size([128, 128, 3, 3]).\n\tsize mismatch for model.model.4.1.bn2.weight: copying a param with shape torch.Size([256]) from checkpoint, the shape in current model is torch.Size([128]).\n\tsize mismatch for model.model.4.1.bn2.bias: copying a param with shape torch.Size([256]) from checkpoint, the shape in current model is torch.Size([128]).\n\tsize mismatch for model.model.4.1.bn2.running_mean: copying a param with shape torch.Size([256]) from checkpoint, the shape in current model is torch.Size([128]).\n\tsize mismatch for model.model.4.1.bn2.running_var: copying a param with shape torch.Size([256]) from checkpoint, the shape in current model is torch.Size([128]).\n\tsize mismatch for model.model.4.1.conv3.weight: copying a param with shape torch.Size([1024, 256, 1, 1]) from checkpoint, the shape in current model is torch.Size([512, 128, 1, 1]).\n\tsize mismatch for model.model.4.1.bn3.weight: copying a param with shape torch.Size([1024]) from checkpoint, the shape in current model is torch.Size([512]).\n\tsize mismatch for model.model.4.1.bn3.bias: copying a param with shape torch.Size([1024]) from checkpoint, the shape in current model is torch.Size([512]).\n\tsize mismatch for model.model.4.1.bn3.running_mean: copying a param with shape torch.Size([1024]) from checkpoint, the shape in current model is torch.Size([512]).\n\tsize mismatch for model.model.4.1.bn3.running_var: copying a param with shape torch.Size([1024]) from checkpoint, the shape in current model is torch.Size([512]).\n\tsize mismatch for model.model.4.2.conv1.weight: copying a param with shape torch.Size([256, 1024, 1, 1]) from checkpoint, the shape in current model is torch.Size([128, 512, 1, 1]).\n\tsize mismatch for model.model.4.2.bn1.weight: copying a param with shape torch.Size([256]) from checkpoint, the shape in current model is torch.Size([128]).\n\tsize mismatch for model.model.4.2.bn1.bias: copying a param with shape torch.Size([256]) from checkpoint, the shape in current model is torch.Size([128]).\n\tsize mismatch for model.model.4.2.bn1.running_mean: copying a param with shape torch.Size([256]) from checkpoint, the shape in current model is torch.Size([128]).\n\tsize mismatch for model.model.4.2.bn1.running_var: copying a param with shape torch.Size([256]) from checkpoint, the shape in current model is torch.Size([128]).\n\tsize mismatch for model.model.4.2.conv2.weight: copying a param with shape torch.Size([256, 256, 3, 3]) from checkpoint, the shape in current model is torch.Size([128, 128, 3, 3]).\n\tsize mismatch for model.model.4.2.bn2.weight: copying a param with shape torch.Size([256]) from checkpoint, the shape in current model is torch.Size([128]).\n\tsize mismatch for model.model.4.2.bn2.bias: copying a param with shape torch.Size([256]) from checkpoint, the shape in current model is torch.Size([128]).\n\tsize mismatch for model.model.4.2.bn2.running_mean: copying a param with shape torch.Size([256]) from checkpoint, the shape in current model is torch.Size([128]).\n\tsize mismatch for model.model.4.2.bn2.running_var: copying a param with shape torch.Size([256]) from checkpoint, the shape in current model is torch.Size([128]).\n\tsize mismatch for model.model.4.2.conv3.weight: copying a param with shape torch.Size([1024, 256, 1, 1]) from checkpoint, the shape in current model is torch.Size([512, 128, 1, 1]).\n\tsize mismatch for model.model.4.2.bn3.weight: copying a param with shape torch.Size([1024]) from checkpoint, the shape in current model is torch.Size([512]).\n\tsize mismatch for model.model.4.2.bn3.bias: copying a param with shape torch.Size([1024]) from checkpoint, the shape in current model is torch.Size([512]).\n\tsize mismatch for model.model.4.2.bn3.running_mean: copying a param with shape torch.Size([1024]) from checkpoint, the shape in current model is torch.Size([512]).\n\tsize mismatch for model.model.4.2.bn3.running_var: copying a param with shape torch.Size([1024]) from checkpoint, the shape in current model is torch.Size([512]).\n\tsize mismatch for model.model.4.3.conv1.weight: copying a param with shape torch.Size([256, 1024, 1, 1]) from checkpoint, the shape in current model is torch.Size([128, 512, 1, 1]).\n\tsize mismatch for model.model.4.3.bn1.weight: copying a param with shape torch.Size([256]) from checkpoint, the shape in current model is torch.Size([128]).\n\tsize mismatch for model.model.4.3.bn1.bias: copying a param with shape torch.Size([256]) from checkpoint, the shape in current model is torch.Size([128]).\n\tsize mismatch for model.model.4.3.bn1.running_mean: copying a param with shape torch.Size([256]) from checkpoint, the shape in current model is torch.Size([128]).\n\tsize mismatch for model.model.4.3.bn1.running_var: copying a param with shape torch.Size([256]) from checkpoint, the shape in current model is torch.Size([128]).\n\tsize mismatch for model.model.4.3.conv2.weight: copying a param with shape torch.Size([256, 256, 3, 3]) from checkpoint, the shape in current model is torch.Size([128, 128, 3, 3]).\n\tsize mismatch for model.model.4.3.bn2.weight: copying a param with shape torch.Size([256]) from checkpoint, the shape in current model is torch.Size([128]).\n\tsize mismatch for model.model.4.3.bn2.bias: copying a param with shape torch.Size([256]) from checkpoint, the shape in current model is torch.Size([128]).\n\tsize mismatch for model.model.4.3.bn2.running_mean: copying a param with shape torch.Size([256]) from checkpoint, the shape in current model is torch.Size([128]).\n\tsize mismatch for model.model.4.3.bn2.running_var: copying a param with shape torch.Size([256]) from checkpoint, the shape in current model is torch.Size([128]).\n\tsize mismatch for model.model.4.3.conv3.weight: copying a param with shape torch.Size([1024, 256, 1, 1]) from checkpoint, the shape in current model is torch.Size([512, 128, 1, 1]).\n\tsize mismatch for model.model.4.3.bn3.weight: copying a param with shape torch.Size([1024]) from checkpoint, the shape in current model is torch.Size([512]).\n\tsize mismatch for model.model.4.3.bn3.bias: copying a param with shape torch.Size([1024]) from checkpoint, the shape in current model is torch.Size([512]).\n\tsize mismatch for model.model.4.3.bn3.running_mean: copying a param with shape torch.Size([1024]) from checkpoint, the shape in current model is torch.Size([512]).\n\tsize mismatch for model.model.4.3.bn3.running_var: copying a param with shape torch.Size([1024]) from checkpoint, the shape in current model is torch.Size([512]).\n\tsize mismatch for model.model.5.0.conv1.weight: copying a param with shape torch.Size([512, 1024, 1, 1]) from checkpoint, the shape in current model is torch.Size([256, 512, 1, 1]).\n\tsize mismatch for model.model.5.0.bn1.weight: copying a param with shape torch.Size([512]) from checkpoint, the shape in current model is torch.Size([256]).\n\tsize mismatch for model.model.5.0.bn1.bias: copying a param with shape torch.Size([512]) from checkpoint, the shape in current model is torch.Size([256]).\n\tsize mismatch for model.model.5.0.bn1.running_mean: copying a param with shape torch.Size([512]) from checkpoint, the shape in current model is torch.Size([256]).\n\tsize mismatch for model.model.5.0.bn1.running_var: copying a param with shape torch.Size([512]) from checkpoint, the shape in current model is torch.Size([256]).\n\tsize mismatch for model.model.5.0.conv2.weight: copying a param with shape torch.Size([512, 512, 3, 3]) from checkpoint, the shape in current model is torch.Size([256, 256, 3, 3]).\n\tsize mismatch for model.model.5.0.bn2.weight: copying a param with shape torch.Size([512]) from checkpoint, the shape in current model is torch.Size([256]).\n\tsize mismatch for model.model.5.0.bn2.bias: copying a param with shape torch.Size([512]) from checkpoint, the shape in current model is torch.Size([256]).\n\tsize mismatch for model.model.5.0.bn2.running_mean: copying a param with shape torch.Size([512]) from checkpoint, the shape in current model is torch.Size([256]).\n\tsize mismatch for model.model.5.0.bn2.running_var: copying a param with shape torch.Size([512]) from checkpoint, the shape in current model is torch.Size([256]).\n\tsize mismatch for model.model.5.0.conv3.1.weight: copying a param with shape torch.Size([2048, 512, 1, 1]) from checkpoint, the shape in current model is torch.Size([1024, 256, 1, 1]).\n\tsize mismatch for model.model.5.0.bn3.weight: copying a param with shape torch.Size([2048]) from checkpoint, the shape in current model is torch.Size([1024]).\n\tsize mismatch for model.model.5.0.bn3.bias: copying a param with shape torch.Size([2048]) from checkpoint, the shape in current model is torch.Size([1024]).\n\tsize mismatch for model.model.5.0.bn3.running_mean: copying a param with shape torch.Size([2048]) from checkpoint, the shape in current model is torch.Size([1024]).\n\tsize mismatch for model.model.5.0.bn3.running_var: copying a param with shape torch.Size([2048]) from checkpoint, the shape in current model is torch.Size([1024]).\n\tsize mismatch for model.model.5.0.shortcut.1.weight: copying a param with shape torch.Size([2048, 1024, 1, 1]) from checkpoint, the shape in current model is torch.Size([1024, 512, 1, 1]).\n\tsize mismatch for model.model.5.0.shortcut.2.weight: copying a param with shape torch.Size([2048]) from checkpoint, the shape in current model is torch.Size([1024]).\n\tsize mismatch for model.model.5.0.shortcut.2.bias: copying a param with shape torch.Size([2048]) from checkpoint, the shape in current model is torch.Size([1024]).\n\tsize mismatch for model.model.5.0.shortcut.2.running_mean: copying a param with shape torch.Size([2048]) from checkpoint, the shape in current model is torch.Size([1024]).\n\tsize mismatch for model.model.5.0.shortcut.2.running_var: copying a param with shape torch.Size([2048]) from checkpoint, the shape in current model is torch.Size([1024]).\n\tsize mismatch for model.model.5.1.conv1.weight: copying a param with shape torch.Size([512, 2048, 1, 1]) from checkpoint, the shape in current model is torch.Size([256, 1024, 1, 1]).\n\tsize mismatch for model.model.5.1.bn1.weight: copying a param with shape torch.Size([512]) from checkpoint, the shape in current model is torch.Size([256]).\n\tsize mismatch for model.model.5.1.bn1.bias: copying a param with shape torch.Size([512]) from checkpoint, the shape in current model is torch.Size([256]).\n\tsize mismatch for model.model.5.1.bn1.running_mean: copying a param with shape torch.Size([512]) from checkpoint, the shape in current model is torch.Size([256]).\n\tsize mismatch for model.model.5.1.bn1.running_var: copying a param with shape torch.Size([512]) from checkpoint, the shape in current model is torch.Size([256]).\n\tsize mismatch for model.model.5.1.conv2.weight: copying a param with shape torch.Size([512, 512, 3, 3]) from checkpoint, the shape in current model is torch.Size([256, 256, 3, 3]).\n\tsize mismatch for model.model.5.1.bn2.weight: copying a param with shape torch.Size([512]) from checkpoint, the shape in current model is torch.Size([256]).\n\tsize mismatch for model.model.5.1.bn2.bias: copying a param with shape torch.Size([512]) from checkpoint, the shape in current model is torch.Size([256]).\n\tsize mismatch for model.model.5.1.bn2.running_mean: copying a param with shape torch.Size([512]) from checkpoint, the shape in current model is torch.Size([256]).\n\tsize mismatch for model.model.5.1.bn2.running_var: copying a param with shape torch.Size([512]) from checkpoint, the shape in current model is torch.Size([256]).\n\tsize mismatch for model.model.5.1.conv3.weight: copying a param with shape torch.Size([2048, 512, 1, 1]) from checkpoint, the shape in current model is torch.Size([1024, 256, 1, 1]).\n\tsize mismatch for model.model.5.1.bn3.weight: copying a param with shape torch.Size([2048]) from checkpoint, the shape in current model is torch.Size([1024]).\n\tsize mismatch for model.model.5.1.bn3.bias: copying a param with shape torch.Size([2048]) from checkpoint, the shape in current model is torch.Size([1024]).\n\tsize mismatch for model.model.5.1.bn3.running_mean: copying a param with shape torch.Size([2048]) from checkpoint, the shape in current model is torch.Size([1024]).\n\tsize mismatch for model.model.5.1.bn3.running_var: copying a param with shape torch.Size([2048]) from checkpoint, the shape in current model is torch.Size([1024]).\n\tsize mismatch for model.model.5.2.conv1.weight: copying a param with shape torch.Size([512, 2048, 1, 1]) from checkpoint, the shape in current model is torch.Size([256, 1024, 1, 1]).\n\tsize mismatch for model.model.5.2.bn1.weight: copying a param with shape torch.Size([512]) from checkpoint, the shape in current model is torch.Size([256]).\n\tsize mismatch for model.model.5.2.bn1.bias: copying a param with shape torch.Size([512]) from checkpoint, the shape in current model is torch.Size([256]).\n\tsize mismatch for model.model.5.2.bn1.running_mean: copying a param with shape torch.Size([512]) from checkpoint, the shape in current model is torch.Size([256]).\n\tsize mismatch for model.model.5.2.bn1.running_var: copying a param with shape torch.Size([512]) from checkpoint, the shape in current model is torch.Size([256]).\n\tsize mismatch for model.model.5.2.conv2.weight: copying a param with shape torch.Size([512, 512, 3, 3]) from checkpoint, the shape in current model is torch.Size([256, 256, 3, 3]).\n\tsize mismatch for model.model.5.2.bn2.weight: copying a param with shape torch.Size([512]) from checkpoint, the shape in current model is torch.Size([256]).\n\tsize mismatch for model.model.5.2.bn2.bias: copying a param with shape torch.Size([512]) from checkpoint, the shape in current model is torch.Size([256]).\n\tsize mismatch for model.model.5.2.bn2.running_mean: copying a param with shape torch.Size([512]) from checkpoint, the shape in current model is torch.Size([256]).\n\tsize mismatch for model.model.5.2.bn2.running_var: copying a param with shape torch.Size([512]) from checkpoint, the shape in current model is torch.Size([256]).\n\tsize mismatch for model.model.5.2.conv3.weight: copying a param with shape torch.Size([2048, 512, 1, 1]) from checkpoint, the shape in current model is torch.Size([1024, 256, 1, 1]).\n\tsize mismatch for model.model.5.2.bn3.weight: copying a param with shape torch.Size([2048]) from checkpoint, the shape in current model is torch.Size([1024]).\n\tsize mismatch for model.model.5.2.bn3.bias: copying a param with shape torch.Size([2048]) from checkpoint, the shape in current model is torch.Size([1024]).\n\tsize mismatch for model.model.5.2.bn3.running_mean: copying a param with shape torch.Size([2048]) from checkpoint, the shape in current model is torch.Size([1024]).\n\tsize mismatch for model.model.5.2.bn3.running_var: copying a param with shape torch.Size([2048]) from checkpoint, the shape in current model is torch.Size([1024]).\nwrapper/prefixed_for_wrapper/strict=False: Error(s) in loading state_dict for Sequential:\n\tsize mismatch for model.model.3.0.conv1.weight: copying a param with shape torch.Size([128, 256, 1, 1]) from checkpoint, the shape in current model is torch.Size([64, 64, 1, 1]).\n\tsize mismatch for model.model.3.0.bn1.weight: copying a param with shape torch.Size([128]) from checkpoint, the shape in current model is torch.Size([64]).\n\tsize mismatch for model.model.3.0.bn1.bias: copying a param with shape torch.Size([128]) from checkpoint, the shape in current model is torch.Size([64]).\n\tsize mismatch for model.model.3.0.bn1.running_mean: copying a param with shape torch.Size([128]) from checkpoint, the shape in current model is torch.Size([64]).\n\tsize mismatch for model.model.3.0.bn1.running_var: copying a param with shape torch.Size([128]) from checkpoint, the shape in current model is torch.Size([64]).\n\tsize mismatch for model.model.3.0.conv2.weight: copying a param with shape torch.Size([128, 128, 3, 3]) from checkpoint, the shape in current model is torch.Size([64, 64, 3, 3]).\n\tsize mismatch for model.model.3.0.bn2.weight: copying a param with shape torch.Size([128]) from checkpoint, the shape in current model is torch.Size([64]).\n\tsize mismatch for model.model.3.0.bn2.bias: copying a param with shape torch.Size([128]) from checkpoint, the shape in current model is torch.Size([64]).\n\tsize mismatch for model.model.3.0.bn2.running_mean: copying a param with shape torch.Size([128]) from checkpoint, the shape in current model is torch.Size([64]).\n\tsize mismatch for model.model.3.0.bn2.running_var: copying a param with shape torch.Size([128]) from checkpoint, the shape in current model is torch.Size([64]).\n\tsize mismatch for model.model.3.0.bn3.weight: copying a param with shape torch.Size([512]) from checkpoint, the shape in current model is torch.Size([256]).\n\tsize mismatch for model.model.3.0.bn3.bias: copying a param with shape torch.Size([512]) from checkpoint, the shape in current model is torch.Size([256]).\n\tsize mismatch for model.model.3.0.bn3.running_mean: copying a param with shape torch.Size([512]) from checkpoint, the shape in current model is torch.Size([256]).\n\tsize mismatch for model.model.3.0.bn3.running_var: copying a param with shape torch.Size([512]) from checkpoint, the shape in current model is torch.Size([256]).\n\tsize mismatch for model.model.3.0.shortcut.1.weight: copying a param with shape torch.Size([512, 256, 1, 1]) from checkpoint, the shape in current model is torch.Size([256]).\n\tsize mismatch for model.model.3.1.conv1.weight: copying a param with shape torch.Size([128, 512, 1, 1]) from checkpoint, the shape in current model is torch.Size([64, 256, 1, 1]).\n\tsize mismatch for model.model.3.1.bn1.weight: copying a param with shape torch.Size([128]) from checkpoint, the shape in current model is torch.Size([64]).\n\tsize mismatch for model.model.3.1.bn1.bias: copying a param with shape torch.Size([128]) from checkpoint, the shape in current model is torch.Size([64]).\n\tsize mismatch for model.model.3.1.bn1.running_mean: copying a param with shape torch.Size([128]) from checkpoint, the shape in current model is torch.Size([64]).\n\tsize mismatch for model.model.3.1.bn1.running_var: copying a param with shape torch.Size([128]) from checkpoint, the shape in current model is torch.Size([64]).\n\tsize mismatch for model.model.3.1.conv2.weight: copying a param with shape torch.Size([128, 128, 3, 3]) from checkpoint, the shape in current model is torch.Size([64, 64, 3, 3]).\n\tsize mismatch for model.model.3.1.bn2.weight: copying a param with shape torch.Size([128]) from checkpoint, the shape in current model is torch.Size([64]).\n\tsize mismatch for model.model.3.1.bn2.bias: copying a param with shape torch.Size([128]) from checkpoint, the shape in current model is torch.Size([64]).\n\tsize mismatch for model.model.3.1.bn2.running_mean: copying a param with shape torch.Size([128]) from checkpoint, the shape in current model is torch.Size([64]).\n\tsize mismatch for model.model.3.1.bn2.running_var: copying a param with shape torch.Size([128]) from checkpoint, the shape in current model is torch.Size([64]).\n\tsize mismatch for model.model.3.1.conv3.weight: copying a param with shape torch.Size([512, 128, 1, 1]) from checkpoint, the shape in current model is torch.Size([256, 64, 1, 1]).\n\tsize mismatch for model.model.3.1.bn3.weight: copying a param with shape torch.Size([512]) from checkpoint, the shape in current model is torch.Size([256]).\n\tsize mismatch for model.model.3.1.bn3.bias: copying a param with shape torch.Size([512]) from checkpoint, the shape in current model is torch.Size([256]).\n\tsize mismatch for model.model.3.1.bn3.running_mean: copying a param with shape torch.Size([512]) from checkpoint, the shape in current model is torch.Size([256]).\n\tsize mismatch for model.model.3.1.bn3.running_var: copying a param with shape torch.Size([512]) from checkpoint, the shape in current model is torch.Size([256]).\n\tsize mismatch for model.model.3.2.conv1.weight: copying a param with shape torch.Size([128, 512, 1, 1]) from checkpoint, the shape in current model is torch.Size([64, 256, 1, 1]).\n\tsize mismatch for model.model.3.2.bn1.weight: copying a param with shape torch.Size([128]) from checkpoint, the shape in current model is torch.Size([64]).\n\tsize mismatch for model.model.3.2.bn1.bias: copying a param with shape torch.Size([128]) from checkpoint, the shape in current model is torch.Size([64]).\n\tsize mismatch for model.model.3.2.bn1.running_mean: copying a param with shape torch.Size([128]) from checkpoint, the shape in current model is torch.Size([64]).\n\tsize mismatch for model.model.3.2.bn1.running_var: copying a param with shape torch.Size([128]) from checkpoint, the shape in current model is torch.Size([64]).\n\tsize mismatch for model.model.3.2.conv2.weight: copying a param with shape torch.Size([128, 128, 3, 3]) from checkpoint, the shape in current model is torch.Size([64, 64, 3, 3]).\n\tsize mismatch for model.model.3.2.bn2.weight: copying a param with shape torch.Size([128]) from checkpoint, the shape in current model is torch.Size([64]).\n\tsize mismatch for model.model.3.2.bn2.bias: copying a param with shape torch.Size([128]) from checkpoint, the shape in current model is torch.Size([64]).\n\tsize mismatch for model.model.3.2.bn2.running_mean: copying a param with shape torch.Size([128]) from checkpoint, the shape in current model is torch.Size([64]).\n\tsize mismatch for model.model.3.2.bn2.running_var: copying a param with shape torch.Size([128]) from checkpoint, the shape in current model is torch.Size([64]).\n\tsize mismatch for model.model.3.2.conv3.weight: copying a param with shape torch.Size([512, 128, 1, 1]) from checkpoint, the shape in current model is torch.Size([256, 64, 1, 1]).\n\tsize mismatch for model.model.3.2.bn3.weight: copying a param with shape torch.Size([512]) from checkpoint, the shape in current model is torch.Size([256]).\n\tsize mismatch for model.model.3.2.bn3.bias: copying a param with shape torch.Size([512]) from checkpoint, the shape in current model is torch.Size([256]).\n\tsize mismatch for model.model.3.2.bn3.running_mean: copying a param with shape torch.Size([512]) from checkpoint, the shape in current model is torch.Size([256]).\n\tsize mismatch for model.model.3.2.bn3.running_var: copying a param with shape torch.Size([512]) from checkpoint, the shape in current model is torch.Size([256]).\n\tsize mismatch for model.model.4.0.conv1.weight: copying a param with shape torch.Size([256, 512, 1, 1]) from checkpoint, the shape in current model is torch.Size([128, 256, 1, 1]).\n\tsize mismatch for model.model.4.0.bn1.weight: copying a param with shape torch.Size([256]) from checkpoint, the shape in current model is torch.Size([128]).\n\tsize mismatch for model.model.4.0.bn1.bias: copying a param with shape torch.Size([256]) from checkpoint, the shape in current model is torch.Size([128]).\n\tsize mismatch for model.model.4.0.bn1.running_mean: copying a param with shape torch.Size([256]) from checkpoint, the shape in current model is torch.Size([128]).\n\tsize mismatch for model.model.4.0.bn1.running_var: copying a param with shape torch.Size([256]) from checkpoint, the shape in current model is torch.Size([128]).\n\tsize mismatch for model.model.4.0.conv2.weight: copying a param with shape torch.Size([256, 256, 3, 3]) from checkpoint, the shape in current model is torch.Size([128, 128, 3, 3]).\n\tsize mismatch for model.model.4.0.bn2.weight: copying a param with shape torch.Size([256]) from checkpoint, the shape in current model is torch.Size([128]).\n\tsize mismatch for model.model.4.0.bn2.bias: copying a param with shape torch.Size([256]) from checkpoint, the shape in current model is torch.Size([128]).\n\tsize mismatch for model.model.4.0.bn2.running_mean: copying a param with shape torch.Size([256]) from checkpoint, the shape in current model is torch.Size([128]).\n\tsize mismatch for model.model.4.0.bn2.running_var: copying a param with shape torch.Size([256]) from checkpoint, the shape in current model is torch.Size([128]).\n\tsize mismatch for model.model.4.0.conv3.1.weight: copying a param with shape torch.Size([1024, 256, 1, 1]) from checkpoint, the shape in current model is torch.Size([512, 128, 1, 1]).\n\tsize mismatch for model.model.4.0.bn3.weight: copying a param with shape torch.Size([1024]) from checkpoint, the shape in current model is torch.Size([512]).\n\tsize mismatch for model.model.4.0.bn3.bias: copying a param with shape torch.Size([1024]) from checkpoint, the shape in current model is torch.Size([512]).\n\tsize mismatch for model.model.4.0.bn3.running_mean: copying a param with shape torch.Size([1024]) from checkpoint, the shape in current model is torch.Size([512]).\n\tsize mismatch for model.model.4.0.bn3.running_var: copying a param with shape torch.Size([1024]) from checkpoint, the shape in current model is torch.Size([512]).\n\tsize mismatch for model.model.4.0.shortcut.1.weight: copying a param with shape torch.Size([1024, 512, 1, 1]) from checkpoint, the shape in current model is torch.Size([512, 256, 1, 1]).\n\tsize mismatch for model.model.4.0.shortcut.2.weight: copying a param with shape torch.Size([1024]) from checkpoint, the shape in current model is torch.Size([512]).\n\tsize mismatch for model.model.4.0.shortcut.2.bias: copying a param with shape torch.Size([1024]) from checkpoint, the shape in current model is torch.Size([512]).\n\tsize mismatch for model.model.4.0.shortcut.2.running_mean: copying a param with shape torch.Size([1024]) from checkpoint, the shape in current model is torch.Size([512]).\n\tsize mismatch for model.model.4.0.shortcut.2.running_var: copying a param with shape torch.Size([1024]) from checkpoint, the shape in current model is torch.Size([512]).\n\tsize mismatch for model.model.4.1.conv1.weight: copying a param with shape torch.Size([256, 1024, 1, 1]) from checkpoint, the shape in current model is torch.Size([128, 512, 1, 1]).\n\tsize mismatch for model.model.4.1.bn1.weight: copying a param with shape torch.Size([256]) from checkpoint, the shape in current model is torch.Size([128]).\n\tsize mismatch for model.model.4.1.bn1.bias: copying a param with shape torch.Size([256]) from checkpoint, the shape in current model is torch.Size([128]).\n\tsize mismatch for model.model.4.1.bn1.running_mean: copying a param with shape torch.Size([256]) from checkpoint, the shape in current model is torch.Size([128]).\n\tsize mismatch for model.model.4.1.bn1.running_var: copying a param with shape torch.Size([256]) from checkpoint, the shape in current model is torch.Size([128]).\n\tsize mismatch for model.model.4.1.conv2.weight: copying a param with shape torch.Size([256, 256, 3, 3]) from checkpoint, the shape in current model is torch.Size([128, 128, 3, 3]).\n\tsize mismatch for model.model.4.1.bn2.weight: copying a param with shape torch.Size([256]) from checkpoint, the shape in current model is torch.Size([128]).\n\tsize mismatch for model.model.4.1.bn2.bias: copying a param with shape torch.Size([256]) from checkpoint, the shape in current model is torch.Size([128]).\n\tsize mismatch for model.model.4.1.bn2.running_mean: copying a param with shape torch.Size([256]) from checkpoint, the shape in current model is torch.Size([128]).\n\tsize mismatch for model.model.4.1.bn2.running_var: copying a param with shape torch.Size([256]) from checkpoint, the shape in current model is torch.Size([128]).\n\tsize mismatch for model.model.4.1.conv3.weight: copying a param with shape torch.Size([1024, 256, 1, 1]) from checkpoint, the shape in current model is torch.Size([512, 128, 1, 1]).\n\tsize mismatch for model.model.4.1.bn3.weight: copying a param with shape torch.Size([1024]) from checkpoint, the shape in current model is torch.Size([512]).\n\tsize mismatch for model.model.4.1.bn3.bias: copying a param with shape torch.Size([1024]) from checkpoint, the shape in current model is torch.Size([512]).\n\tsize mismatch for model.model.4.1.bn3.running_mean: copying a param with shape torch.Size([1024]) from checkpoint, the shape in current model is torch.Size([512]).\n\tsize mismatch for model.model.4.1.bn3.running_var: copying a param with shape torch.Size([1024]) from checkpoint, the shape in current model is torch.Size([512]).\n\tsize mismatch for model.model.4.2.conv1.weight: copying a param with shape torch.Size([256, 1024, 1, 1]) from checkpoint, the shape in current model is torch.Size([128, 512, 1, 1]).\n\tsize mismatch for model.model.4.2.bn1.weight: copying a param with shape torch.Size([256]) from checkpoint, the shape in current model is torch.Size([128]).\n\tsize mismatch for model.model.4.2.bn1.bias: copying a param with shape torch.Size([256]) from checkpoint, the shape in current model is torch.Size([128]).\n\tsize mismatch for model.model.4.2.bn1.running_mean: copying a param with shape torch.Size([256]) from checkpoint, the shape in current model is torch.Size([128]).\n\tsize mismatch for model.model.4.2.bn1.running_var: copying a param with shape torch.Size([256]) from checkpoint, the shape in current model is torch.Size([128]).\n\tsize mismatch for model.model.4.2.conv2.weight: copying a param with shape torch.Size([256, 256, 3, 3]) from checkpoint, the shape in current model is torch.Size([128, 128, 3, 3]).\n\tsize mismatch for model.model.4.2.bn2.weight: copying a param with shape torch.Size([256]) from checkpoint, the shape in current model is torch.Size([128]).\n\tsize mismatch for model.model.4.2.bn2.bias: copying a param with shape torch.Size([256]) from checkpoint, the shape in current model is torch.Size([128]).\n\tsize mismatch for model.model.4.2.bn2.running_mean: copying a param with shape torch.Size([256]) from checkpoint, the shape in current model is torch.Size([128]).\n\tsize mismatch for model.model.4.2.bn2.running_var: copying a param with shape torch.Size([256]) from checkpoint, the shape in current model is torch.Size([128]).\n\tsize mismatch for model.model.4.2.conv3.weight: copying a param with shape torch.Size([1024, 256, 1, 1]) from checkpoint, the shape in current model is torch.Size([512, 128, 1, 1]).\n\tsize mismatch for model.model.4.2.bn3.weight: copying a param with shape torch.Size([1024]) from checkpoint, the shape in current model is torch.Size([512]).\n\tsize mismatch for model.model.4.2.bn3.bias: copying a param with shape torch.Size([1024]) from checkpoint, the shape in current model is torch.Size([512]).\n\tsize mismatch for model.model.4.2.bn3.running_mean: copying a param with shape torch.Size([1024]) from checkpoint, the shape in current model is torch.Size([512]).\n\tsize mismatch for model.model.4.2.bn3.running_var: copying a param with shape torch.Size([1024]) from checkpoint, the shape in current model is torch.Size([512]).\n\tsize mismatch for model.model.4.3.conv1.weight: copying a param with shape torch.Size([256, 1024, 1, 1]) from checkpoint, the shape in current model is torch.Size([128, 512, 1, 1]).\n\tsize mismatch for model.model.4.3.bn1.weight: copying a param with shape torch.Size([256]) from checkpoint, the shape in current model is torch.Size([128]).\n\tsize mismatch for model.model.4.3.bn1.bias: copying a param with shape torch.Size([256]) from checkpoint, the shape in current model is torch.Size([128]).\n\tsize mismatch for model.model.4.3.bn1.running_mean: copying a param with shape torch.Size([256]) from checkpoint, the shape in current model is torch.Size([128]).\n\tsize mismatch for model.model.4.3.bn1.running_var: copying a param with shape torch.Size([256]) from checkpoint, the shape in current model is torch.Size([128]).\n\tsize mismatch for model.model.4.3.conv2.weight: copying a param with shape torch.Size([256, 256, 3, 3]) from checkpoint, the shape in current model is torch.Size([128, 128, 3, 3]).\n\tsize mismatch for model.model.4.3.bn2.weight: copying a param with shape torch.Size([256]) from checkpoint, the shape in current model is torch.Size([128]).\n\tsize mismatch for model.model.4.3.bn2.bias: copying a param with shape torch.Size([256]) from checkpoint, the shape in current model is torch.Size([128]).\n\tsize mismatch for model.model.4.3.bn2.running_mean: copying a param with shape torch.Size([256]) from checkpoint, the shape in current model is torch.Size([128]).\n\tsize mismatch for model.model.4.3.bn2.running_var: copying a param with shape torch.Size([256]) from checkpoint, the shape in current model is torch.Size([128]).\n\tsize mismatch for model.model.4.3.conv3.weight: copying a param with shape torch.Size([1024, 256, 1, 1]) from checkpoint, the shape in current model is torch.Size([512, 128, 1, 1]).\n\tsize mismatch for model.model.4.3.bn3.weight: copying a param with shape torch.Size([1024]) from checkpoint, the shape in current model is torch.Size([512]).\n\tsize mismatch for model.model.4.3.bn3.bias: copying a param with shape torch.Size([1024]) from checkpoint, the shape in current model is torch.Size([512]).\n\tsize mismatch for model.model.4.3.bn3.running_mean: copying a param with shape torch.Size([1024]) from checkpoint, the shape in current model is torch.Size([512]).\n\tsize mismatch for model.model.4.3.bn3.running_var: copying a param with shape torch.Size([1024]) from checkpoint, the shape in current model is torch.Size([512]).\n\tsize mismatch for model.model.5.0.conv1.weight: copying a param with shape torch.Size([512, 1024, 1, 1]) from checkpoint, the shape in current model is torch.Size([256, 512, 1, 1]).\n\tsize mismatch for model.model.5.0.bn1.weight: copying a param with shape torch.Size([512]) from checkpoint, the shape in current model is torch.Size([256]).\n\tsize mismatch for model.model.5.0.bn1.bias: copying a param with shape torch.Size([512]) from checkpoint, the shape in current model is torch.Size([256]).\n\tsize mismatch for model.model.5.0.bn1.running_mean: copying a param with shape torch.Size([512]) from checkpoint, the shape in current model is torch.Size([256]).\n\tsize mismatch for model.model.5.0.bn1.running_var: copying a param with shape torch.Size([512]) from checkpoint, the shape in current model is torch.Size([256]).\n\tsize mismatch for model.model.5.0.conv2.weight: copying a param with shape torch.Size([512, 512, 3, 3]) from checkpoint, the shape in current model is torch.Size([256, 256, 3, 3]).\n\tsize mismatch for model.model.5.0.bn2.weight: copying a param with shape torch.Size([512]) from checkpoint, the shape in current model is torch.Size([256]).\n\tsize mismatch for model.model.5.0.bn2.bias: copying a param with shape torch.Size([512]) from checkpoint, the shape in current model is torch.Size([256]).\n\tsize mismatch for model.model.5.0.bn2.running_mean: copying a param with shape torch.Size([512]) from checkpoint, the shape in current model is torch.Size([256]).\n\tsize mismatch for model.model.5.0.bn2.running_var: copying a param with shape torch.Size([512]) from checkpoint, the shape in current model is torch.Size([256]).\n\tsize mismatch for model.model.5.0.conv3.1.weight: copying a param with shape torch.Size([2048, 512, 1, 1]) from checkpoint, the shape in current model is torch.Size([1024, 256, 1, 1]).\n\tsize mismatch for model.model.5.0.bn3.weight: copying a param with shape torch.Size([2048]) from checkpoint, the shape in current model is torch.Size([1024]).\n\tsize mismatch for model.model.5.0.bn3.bias: copying a param with shape torch.Size([2048]) from checkpoint, the shape in current model is torch.Size([1024]).\n\tsize mismatch for model.model.5.0.bn3.running_mean: copying a param with shape torch.Size([2048]) from checkpoint, the shape in current model is torch.Size([1024]).\n\tsize mismatch for model.model.5.0.bn3.running_var: copying a param with shape torch.Size([2048]) from checkpoint, the shape in current model is torch.Size([1024]).\n\tsize mismatch for model.model.5.0.shortcut.1.weight: copying a param with shape torch.Size([2048, 1024, 1, 1]) from checkpoint, the shape in current model is torch.Size([1024, 512, 1, 1]).\n\tsize mismatch for model.model.5.0.shortcut.2.weight: copying a param with shape torch.Size([2048]) from checkpoint, the shape in current model is torch.Size([1024]).\n\tsize mismatch for model.model.5.0.shortcut.2.bias: copying a param with shape torch.Size([2048]) from checkpoint, the shape in current model is torch.Size([1024]).\n\tsize mismatch for model.model.5.0.shortcut.2.running_mean: copying a param with shape torch.Size([2048]) from checkpoint, the shape in current model is torch.Size([1024]).\n\tsize mismatch for model.model.5.0.shortcut.2.running_var: copying a param with shape torch.Size([2048]) from checkpoint, the shape in current model is torch.Size([1024]).\n\tsize mismatch for model.model.5.1.conv1.weight: copying a param with shape torch.Size([512, 2048, 1, 1]) from checkpoint, the shape in current model is torch.Size([256, 1024, 1, 1]).\n\tsize mismatch for model.model.5.1.bn1.weight: copying a param with shape torch.Size([512]) from checkpoint, the shape in current model is torch.Size([256]).\n\tsize mismatch for model.model.5.1.bn1.bias: copying a param with shape torch.Size([512]) from checkpoint, the shape in current model is torch.Size([256]).\n\tsize mismatch for model.model.5.1.bn1.running_mean: copying a param with shape torch.Size([512]) from checkpoint, the shape in current model is torch.Size([256]).\n\tsize mismatch for model.model.5.1.bn1.running_var: copying a param with shape torch.Size([512]) from checkpoint, the shape in current model is torch.Size([256]).\n\tsize mismatch for model.model.5.1.conv2.weight: copying a param with shape torch.Size([512, 512, 3, 3]) from checkpoint, the shape in current model is torch.Size([256, 256, 3, 3]).\n\tsize mismatch for model.model.5.1.bn2.weight: copying a param with shape torch.Size([512]) from checkpoint, the shape in current model is torch.Size([256]).\n\tsize mismatch for model.model.5.1.bn2.bias: copying a param with shape torch.Size([512]) from checkpoint, the shape in current model is torch.Size([256]).\n\tsize mismatch for model.model.5.1.bn2.running_mean: copying a param with shape torch.Size([512]) from checkpoint, the shape in current model is torch.Size([256]).\n\tsize mismatch for model.model.5.1.bn2.running_var: copying a param with shape torch.Size([512]) from checkpoint, the shape in current model is torch.Size([256]).\n\tsize mismatch for model.model.5.1.conv3.weight: copying a param with shape torch.Size([2048, 512, 1, 1]) from checkpoint, the shape in current model is torch.Size([1024, 256, 1, 1]).\n\tsize mismatch for model.model.5.1.bn3.weight: copying a param with shape torch.Size([2048]) from checkpoint, the shape in current model is torch.Size([1024]).\n\tsize mismatch for model.model.5.1.bn3.bias: copying a param with shape torch.Size([2048]) from checkpoint, the shape in current model is torch.Size([1024]).\n\tsize mismatch for model.model.5.1.bn3.running_mean: copying a param with shape torch.Size([2048]) from checkpoint, the shape in current model is torch.Size([1024]).\n\tsize mismatch for model.model.5.1.bn3.running_var: copying a param with shape torch.Size([2048]) from checkpoint, the shape in current model is torch.Size([1024]).\n\tsize mismatch for model.model.5.2.conv1.weight: copying a param with shape torch.Size([512, 2048, 1, 1]) from checkpoint, the shape in current model is torch.Size([256, 1024, 1, 1]).\n\tsize mismatch for model.model.5.2.bn1.weight: copying a param with shape torch.Size([512]) from checkpoint, the shape in current model is torch.Size([256]).\n\tsize mismatch for model.model.5.2.bn1.bias: copying a param with shape torch.Size([512]) from checkpoint, the shape in current model is torch.Size([256]).\n\tsize mismatch for model.model.5.2.bn1.running_mean: copying a param with shape torch.Size([512]) from checkpoint, the shape in current model is torch.Size([256]).\n\tsize mismatch for model.model.5.2.bn1.running_var: copying a param with shape torch.Size([512]) from checkpoint, the shape in current model is torch.Size([256]).\n\tsize mismatch for model.model.5.2.conv2.weight: copying a param with shape torch.Size([512, 512, 3, 3]) from checkpoint, the shape in current model is torch.Size([256, 256, 3, 3]).\n\tsize mismatch for model.model.5.2.bn2.weight: copying a param with shape torch.Size([512]) from checkpoint, the shape in current model is torch.Size([256]).\n\tsize mismatch for model.model.5.2.bn2.bias: copying a param with shape torch.Size([512]) from checkpoint, the shape in current model is torch.Size([256]).\n\tsize mismatch for model.model.5.2.bn2.running_mean: copying a param with shape torch.Size([512]) from checkpoint, the shape in current model is torch.Size([256]).\n\tsize mismatch for model.model.5.2.bn2.running_var: copying a param with shape torch.Size([512]) from checkpoint, the shape in current model is torch.Size([256]).\n\tsize mismatch for model.model.5.2.conv3.weight: copying a param with shape torch.Size([2048, 512, 1, 1]) from checkpoint, the shape in current model is torch.Size([1024, 256, 1, 1]).\n\tsize mismatch for model.model.5.2.bn3.weight: copying a param with shape torch.Size([2048]) from checkpoint, the shape in current model is torch.Size([1024]).\n\tsize mismatch for model.model.5.2.bn3.bias: copying a param with shape torch.Size([2048]) from checkpoint, the shape in current model is torch.Size([1024]).\n\tsize mismatch for model.model.5.2.bn3.running_mean: copying a param with shape torch.Size([2048]) from checkpoint, the shape in current model is torch.Size([1024]).\n\tsize mismatch for model.model.5.2.bn3.running_var: copying a param with shape torch.Size([2048]) from checkpoint, the shape in current model is torch.Size([1024]).\nbackbone/stripped_for_backbone/strict=True: Error(s) in loading state_dict for LipReg_aa:\n\tMissing key(s) in state_dict: ""model.3.0.conv3.weight"", ""model.3.0.shortcut.0.weight"", ""model.3.0.shortcut.1.bias"", ""model.3.0.shortcut.1.running_mean"", ""model.3.0.shortcut.1.running_var"", ""model.5.3.conv1.weight"", ""model.5.3.bn1.weight"", ""model.5.3.bn1.bias"", ""model.5.3.bn1.running_mean"", ""model.5.3.bn1.running_var"", ""model.5.3.conv2.weight"", ""model.5.3.bn2.weight"", ""model.5.3.bn2.bias"", ""model.5.3.bn2.running_mean"", ""model.5.3.bn2.running_var"", ""model.5.3.conv3.weight"", ""model.5.3.bn3.weight"", ""model.5.3.bn3.bias"", ""model.5.3.bn3.running_mean"", ""model.5.3.bn3.running_var"", ""model.5.4.conv1.weight"", ""model.5.4.bn1.weight"", ""model.5.4.bn1.bias"", ""model.5.4.bn1.running_mean"", ""model.5.4.bn1.running_var"", ""model.5.4.conv2.weight"", ""model.5.4.bn2.weight"", ""model.5.4.bn2.bias"", ""model.5.4.bn2.running_mean"", ""model.5.4.bn2.running_var"", ""model.5.4.conv3.weight"", ""model.5.4.bn3.weight"", ""model.5.4.bn3.bias"", ""model.5.4.bn3.running_mean"", ""model.5.4.bn3.running_var"", ""model.5.5.conv1.weight"", ""model.5.5.bn1.weight"", ""model.5.5.bn1.bias"", ""model.5.5.bn1.running_mean"", ""model.5.5.bn1.running_var"", ""model.5.5.conv2.weight"", ""model.5.5.bn2.weight"", ""model.5.5.bn2.bias"", ""model.5.5.bn2.running_mean"", ""model.5.5.bn2.running_var"", ""model.5.5.conv3.weight"", ""model.5.5.bn3.weight"", ""model.5.5.bn3.bias"", ""model.5.5.bn3.running_mean"", ""model.5.5.bn3.running_var"", ""model.6.0.conv1.weight"", ""model.6.0.bn1.weight"", ""model.6.0.bn1.bias"", ""model.6.0.bn1.running_mean"", ""model.6.0.bn1.running_var"", ""model.6.0.conv2.weight"", ""model.6.0.bn2.weight"", ""model.6.0.bn2.bias"", ""model.6.0.bn2.running_mean"", ""model.6.0.bn2.running_var"", ""model.6.0.conv3.0.w"", ""model.6.0.conv3.1.weight"", ""model.6.0.bn3.weight"", ""model.6.0.bn3.bias"", ""model.6.0.bn3.running_mean"", ""model.6.0.bn3.running_var"", ""model.6.0.shortcut.0.w"", ""model.6.0.shortcut.1.weight"", ""model.6.0.shortcut.2.weight"", ""model.6.0.shortcut.2.bias"", ""model.6.0.shortcut.2.running_mean"", ""model.6.0.shortcut.2.running_var"", ""model.6.1.conv1.weight"", ""model.6.1.bn1.weight"", ""model.6.1.bn1.bias"", ""model.6.1.bn1.running_mean"", ""model.6.1.bn1.running_var"", ""model.6.1.conv2.weight"", ""model.6.1.bn2.weight"", ""model.6.1.bn2.bias"", ""model.6.1.bn2.running_mean"", ""model.6.1.bn2.running_var"", ""model.6.1.conv3.weight"", ""model.6.1.bn3.weight"", ""model.6.1.bn3.bias"", ""model.6.1.bn3.running_mean"", ""model.6.1.bn3.running_var"", ""model.6.2.conv1.weight"", ""model.6.2.bn1.weight"", ""model.6.2.bn1.bias"", ""model.6.2.bn1.running_mean"", ""model.6.2.bn1.running_var"", ""model.6.2.conv2.weight"", ""model.6.2.bn2.weight"", ""model.6.2.bn2.bias"", ""model.6.2.bn2.running_mean"", ""model.6.2.bn2.running_var"", ""model.6.2.conv3.weight"", ""model.6.2.bn3.weight"", ""model.6.2.bn3.bias"", ""model.6.2.bn3.running_mean"", ""model.6.2.bn3.running_var"". \n\tUnexpected key(s) in state_dict: ""model.2.0.conv1.weight"", ""model.2.0.bn1.weight"", ""model.2.0.bn1.bias"", ""model.2.0.bn1.running_mean"", ""model.2.0.bn1.running_var"", ""model.2.0.bn1.num_batches_tracked"", ""model.2.0.conv2.weight"", ""model.2.0.bn2.weight"", ""model.2.0.bn2.bias"", ""model.2.0.bn2.running_mean"", ""model.2.0.bn2.running_var"", ""model.2.0.bn2.num_batches_tracked"", ""model.2.0.conv3.weight"", ""model.2.0.bn3.weight"", ""model.2.0.bn3.bias"", ""model.2.0.bn3.running_mean"", ""model.2.0.bn3.running_var"", ""model.2.0.bn3.num_batches_tracked"", ""model.2.0.shortcut.0.weight"", ""model.2.0.shortcut.1.weight"", ""model.2.0.shortcut.1.bias"", ""model.2.0.shortcut.1.running_mean"", ""model.2.0.shortcut.1.running_var"", ""model.2.0.shortcut.1.num_batches_tracked"", ""model.2.1.conv1.weight"", ""model.2.1.bn1.weight"", ""model.2.1.bn1.bias"", ""model.2.1.bn1.running_mean"", ""model.2.1.bn1.running_var"", ""model.2.1.bn1.num_batches_tracked"", ""model.2.1.conv2.weight"", ""model.2.1.bn2.weight"", ""model.2.1.bn2.bias"", ""model.2.1.bn2.running_mean"", ""model.2.1.bn2.running_var"", ""model.2.1.bn2.num_batches_tracked"", ""model.2.1.conv3.weight"", ""model.2.1.bn3.weight"", ""model.2.1.bn3.bias"", ""model.2.1.bn3.running_mean"", ""model.2.1.bn3.running_var"", ""model.2.1.bn3.num_batches_tracked"", ""model.2.2.conv1.weight"", ""model.2.2.bn1.weight"", ""model.2.2.bn1.bias"", ""model.2.2.bn1.running_mean"", ""model.2.2.bn1.running_var"", ""model.2.2.bn1.num_batches_tracked"", ""model.2.2.conv2.weight"", ""model.2.2.bn2.weight"", ""model.2.2.bn2.bias"", ""model.2.2.bn2.running_mean"", ""model.2.2.bn2.running_var"", ""model.2.2.bn2.num_batches_tracked"", ""model.2.2.conv3.weight"", ""model.2.2.bn3.weight"", ""model.2.2.bn3.bias"", ""model.2.2.bn3.running_mean"", ""model.2.2.bn3.running_var"", ""model.2.2.bn3.num_batches_tracked"", ""model.3.3.conv1.weight"", ""model.3.3.bn1.weight"", ""model.3.3.bn1.bias"", ""model.3.3.bn1.running_mean"", ""model.3.3.bn1.running_var"", ""model.3.3.bn1.num_batches_tracked"", ""model.3.3.conv2.weight"", ""model.3.3.bn2.weight"", ""model.3.3.bn2.bias"", ""model.3.3.bn2.running_mean"", ""model.3.3.bn2.running_var"", ""model.3.3.bn2.num_batches_tracked"", ""model.3.3.conv3.weight"", ""model.3.3.bn3.weight"", ""model.3.3.bn3.bias"", ""model.3.3.bn3.running_mean"", ""model.3.3.bn3.running_var"", ""model.3.3.bn3.num_batches_tracked"", ""model.3.0.conv3.0.w"", ""model.3.0.conv3.1.weight"", ""model.3.0.shortcut.2.weight"", ""model.3.0.shortcut.2.bias"", ""model.3.0.shortcut.2.running_mean"", ""model.3.0.shortcut.2.running_var"", ""model.3.0.shortcut.2.num_batches_tracked"", ""model.3.0.shortcut.0.w"", ""model.4.4.conv1.weight"", ""model.4.4.bn1.weight"", ""model.4.4.bn1.bias"", ""model.4.4.bn1.running_mean"", ""model.4.4.bn1.running_var"", ""model.4.4.bn1.num_batches_tracked"", ""model.4.4.conv2.weight"", ""model.4.4.bn2.weight"", ""model.4.4.bn2.bias"", ""model.4.4.bn2.running_mean"", ""model.4.4.bn2.running_var"", ""model.4.4.bn2.num_batches_tracked"", ""model.4.4.conv3.weight"", ""model.4.4.bn3.weight"", ""model.4.4.bn3.bias"", ""model.4.4.bn3.running_mean"", ""model.4.4.bn3.running_var"", ""model.4.4.bn3.num_batches_tracked"", ""model.4.5.conv1.weight"", ""model.4.5.bn1.weight"", ""model.4.5.bn1.bias"", ""model.4.5.bn1.running_mean"", ""model.4.5.bn1.running_var"", ""model.4.5.bn1.num_batches_tracked"", ""model.4.5.conv2.weight"", ""model.4.5.bn2.weight"", ""model.4.5.bn2.bias"", ""model.4.5.bn2.running_mean"", ""model.4.5.bn2.running_var"", ""model.4.5.bn2.num_batches_tracked"", ""model.4.5.conv3.weight"", ""model.4.5.bn3.weight"", ""model.4.5.bn3.bias"", ""model.4.5.bn3.running_mean"", ""model.4.5.bn3.running_var"", ""model.4.5.bn3.num_batches_tracked"". \n\tsize mismatch for model.3.0.conv1.weight: copying a param with shape torch.Size([128, 256, 1, 1]) from checkpoint, the shape in current model is torch.Size([64, 64, 1, 1]).\n\tsize mismatch for model.3.0.bn1.weight: copying a param with shape torch.Size([128]) from checkpoint, the shape in current model is torch.Size([64]).\n\tsize mismatch for model.3.0.bn1.bias: copying a param with shape torch.Size([128]) from checkpoint, the shape in current model is torch.Size([64]).\n\tsize mismatch for model.3.0.bn1.running_mean: copying a param with shape torch.Size([128]) from checkpoint, the shape in current model is torch.Size([64]).\n\tsize mismatch for model.3.0.bn1.running_var: copying a param with shape torch.Size([128]) from checkpoint, the shape in current model is torch.Size([64]).\n\tsize mismatch for model.3.0.conv2.weight: copying a param with shape torch.Size([128, 128, 3, 3]) from checkpoint, the shape in current model is torch.Size([64, 64, 3, 3]).\n\tsize mismatch for model.3.0.bn2.weight: copying a param with shape torch.Size([128]) from checkpoint, the shape in current model is torch.Size([64]).\n\tsize mismatch for model.3.0.bn2.bias: copying a param with shape torch.Size([128]) from checkpoint, the shape in current model is torch.Size([64]).\n\tsize mismatch for model.3.0.bn2.running_mean: copying a param with shape torch.Size([128]) from checkpoint, the shape in current model is torch.Size([64]).\n\tsize mismatch for model.3.0.bn2.running_var: copying a param with shape torch.Size([128]) from checkpoint, the shape in current model is torch.Size([64]).\n\tsize mismatch for model.3.0.bn3.weight: copying a param with shape torch.Size([512]) from checkpoint, the shape in current model is torch.Size([256]).\n\tsize mismatch for model.3.0.bn3.bias: copying a param with shape torch.Size([512]) from checkpoint, the shape in current model is torch.Size([256]).\n\tsize mismatch for model.3.0.bn3.running_mean: copying a param with shape torch.Size([512]) from checkpoint, the shape in current model is torch.Size([256]).\n\tsize mismatch for model.3.0.bn3.running_var: copying a param with shape torch.Size([512]) from checkpoint, the shape in current model is torch.Size([256]).\n\tsize mismatch for model.3.0.shortcut.1.weight: copying a param with shape torch.Size([512, 256, 1, 1]) from checkpoint, the shape in current model is torch.Size([256]).\n\tsize mismatch for model.3.1.conv1.weight: copying a param with shape torch.Size([128, 512, 1, 1]) from checkpoint, the shape in current model is torch.Size([64, 256, 1, 1]).\n\tsize mismatch for model.3.1.bn1.weight: copying a param with shape torch.Size([128]) from checkpoint, the shape in current model is torch.Size([64]).\n\tsize mismatch for model.3.1.bn1.bias: copying a param with shape torch.Size([128]) from checkpoint, the shape in current model is torch.Size([64]).\n\tsize mismatch for model.3.1.bn1.running_mean: copying a param with shape torch.Size([128]) from checkpoint, the shape in current model is torch.Size([64]).\n\tsize mismatch for model.3.1.bn1.running_var: copying a param with shape torch.Size([128]) from checkpoint, the shape in current model is torch.Size([64]).\n\tsize mismatch for model.3.1.conv2.weight: copying a param with shape torch.Size([128, 128, 3, 3]) from checkpoint, the shape in current model is torch.Size([64, 64, 3, 3]).\n\tsize mismatch for model.3.1.bn2.weight: copying a param with shape torch.Size([128]) from checkpoint, the shape in current model is torch.Size([64]).\n\tsize mismatch for model.3.1.bn2.bias: copying a param with shape torch.Size([128]) from checkpoint, the shape in current model is torch.Size([64]).\n\tsize mismatch for model.3.1.bn2.running_mean: copying a param with shape torch.Size([128]) from checkpoint, the shape in current model is torch.Size([64]).\n\tsize mismatch for model.3.1.bn2.running_var: copying a param with shape torch.Size([128]) from checkpoint, the shape in current model is torch.Size([64]).\n\tsize mismatch for model.3.1.conv3.weight: copying a param with shape torch.Size([512, 128, 1, 1]) from checkpoint, the shape in current model is torch.Size([256, 64, 1, 1]).\n\tsize mismatch for model.3.1.bn3.weight: copying a param with shape torch.Size([512]) from checkpoint, the shape in current model is torch.Size([256]).\n\tsize mismatch for model.3.1.bn3.bias: copying a param with shape torch.Size([512]) from checkpoint, the shape in current model is torch.Size([256]).\n\tsize mismatch for model.3.1.bn3.running_mean: copying a param with shape torch.Size([512]) from checkpoint, the shape in current model is torch.Size([256]).\n\tsize mismatch for model.3.1.bn3.running_var: copying a param with shape torch.Size([512]) from checkpoint, the shape in current model is torch.Size([256]).\n\tsize mismatch for model.3.2.conv1.weight: copying a param with shape torch.Size([128, 512, 1, 1]) from checkpoint, the shape in current model is torch.Size([64, 256, 1, 1]).\n\tsize mismatch for model.3.2.bn1.weight: copying a param with shape torch.Size([128]) from checkpoint, the shape in current model is torch.Size([64]).\n\tsize mismatch for model.3.2.bn1.bias: copying a param with shape torch.Size([128]) from checkpoint, the shape in current model is torch.Size([64]).\n\tsize mismatch for model.3.2.bn1.running_mean: copying a param with shape torch.Size([128]) from checkpoint, the shape in current model is torch.Size([64]).\n\tsize mismatch for model.3.2.bn1.running_var: copying a param with shape torch.Size([128]) from checkpoint, the shape in current model is torch.Size([64]).\n\tsize mismatch for model.3.2.conv2.weight: copying a param with shape torch.Size([128, 128, 3, 3]) from checkpoint, the shape in current model is torch.Size([64, 64, 3, 3]).\n\tsize mismatch for model.3.2.bn2.weight: copying a param with shape torch.Size([128]) from checkpoint, the shape in current model is torch.Size([64]).\n\tsize mismatch for model.3.2.bn2.bias: copying a param with shape torch.Size([128]) from checkpoint, the shape in current model is torch.Size([64]).\n\tsize mismatch for model.3.2.bn2.running_mean: copying a param with shape torch.Size([128]) from checkpoint, the shape in current model is torch.Size([64]).\n\tsize mismatch for model.3.2.bn2.running_var: copying a param with shape torch.Size([128]) from checkpoint, the shape in current model is torch.Size([64]).\n\tsize mismatch for model.3.2.conv3.weight: copying a param with shape torch.Size([512, 128, 1, 1]) from checkpoint, the shape in current model is torch.Size([256, 64, 1, 1]).\n\tsize mismatch for model.3.2.bn3.weight: copying a param with shape torch.Size([512]) from checkpoint, the shape in current model is torch.Size([256]).\n\tsize mismatch for model.3.2.bn3.bias: copying a param with shape torch.Size([512]) from checkpoint, the shape in current model is torch.Size([256]).\n\tsize mismatch for model.3.2.bn3.running_mean: copying a param with shape torch.Size([512]) from checkpoint, the shape in current model is torch.Size([256]).\n\tsize mismatch for model.3.2.bn3.running_var: copying a param with shape torch.Size([512]) from checkpoint, the shape in current model is torch.Size([256]).\n\tsize mismatch for model.4.0.conv1.weight: copying a param with shape torch.Size([256, 512, 1, 1]) from checkpoint, the shape in current model is torch.Size([128, 256, 1, 1]).\n\tsize mismatch for model.4.0.bn1.weight: copying a param with shape torch.Size([256]) from checkpoint, the shape in current model is torch.Size([128]).\n\tsize mismatch for model.4.0.bn1.bias: copying a param with shape torch.Size([256]) from checkpoint, the shape in current model is torch.Size([128]).\n\tsize mismatch for model.4.0.bn1.running_mean: copying a param with shape torch.Size([256]) from checkpoint, the shape in current model is torch.Size([128]).\n\tsize mismatch for model.4.0.bn1.running_var: copying a param with shape torch.Size([256]) from checkpoint, the shape in current model is torch.Size([128]).\n\tsize mismatch for model.4.0.conv2.weight: copying a param with shape torch.Size([256, 256, 3, 3]) from checkpoint, the shape in current model is torch.Size([128, 128, 3, 3]).\n\tsize mismatch for model.4.0.bn2.weight: copying a param with shape torch.Size([256]) from checkpoint, the shape in current model is torch.Size([128]).\n\tsize mismatch for model.4.0.bn2.bias: copying a param with shape torch.Size([256]) from checkpoint, the shape in current model is torch.Size([128]).\n\tsize mismatch for model.4.0.bn2.running_mean: copying a param with shape torch.Size([256]) from checkpoint, the shape in current model is torch.Size([128]).\n\tsize mismatch for model.4.0.bn2.running_var: copying a param with shape torch.Size([256]) from checkpoint, the shape in current model is torch.Size([128]).\n\tsize mismatch for model.4.0.conv3.1.weight: copying a param with shape torch.Size([1024, 256, 1, 1]) from checkpoint, the shape in current model is torch.Size([512, 128, 1, 1]).\n\tsize mismatch for model.4.0.bn3.weight: copying a param with shape torch.Size([1024]) from checkpoint, the shape in current model is torch.Size([512]).\n\tsize mismatch for model.4.0.bn3.bias: copying a param with shape torch.Size([1024]) from checkpoint, the shape in current model is torch.Size([512]).\n\tsize mismatch for model.4.0.bn3.running_mean: copying a param with shape torch.Size([1024]) from checkpoint, the shape in current model is torch.Size([512]).\n\tsize mismatch for model.4.0.bn3.running_var: copying a param with shape torch.Size([1024]) from checkpoint, the shape in current model is torch.Size([512]).\n\tsize mismatch for model.4.0.shortcut.1.weight: copying a param with shape torch.Size([1024, 512, 1, 1]) from checkpoint, the shape in current model is torch.Size([512, 256, 1, 1]).\n\tsize mismatch for model.4.0.shortcut.2.weight: copying a param with shape torch.Size([1024]) from checkpoint, the shape in current model is torch.Size([512]).\n\tsize mismatch for model.4.0.shortcut.2.bias: copying a param with shape torch.Size([1024]) from checkpoint, the shape in current model is torch.Size([512]).\n\tsize mismatch for model.4.0.shortcut.2.running_mean: copying a param with shape torch.Size([1024]) from checkpoint, the shape in current model is torch.Size([512]).\n\tsize mismatch for model.4.0.shortcut.2.running_var: copying a param with shape torch.Size([1024]) from checkpoint, the shape in current model is torch.Size([512]).\n\tsize mismatch for model.4.1.conv1.weight: copying a param with shape torch.Size([256, 1024, 1, 1]) from checkpoint, the shape in current model is torch.Size([128, 512, 1, 1]).\n\tsize mismatch for model.4.1.bn1.weight: copying a param with shape torch.Size([256]) from checkpoint, the shape in current model is torch.Size([128]).\n\tsize mismatch for model.4.1.bn1.bias: copying a param with shape torch.Size([256]) from checkpoint, the shape in current model is torch.Size([128]).\n\tsize mismatch for model.4.1.bn1.running_mean: copying a param with shape torch.Size([256]) from checkpoint, the shape in current model is torch.Size([128]).\n\tsize mismatch for model.4.1.bn1.running_var: copying a param with shape torch.Size([256]) from checkpoint, the shape in current model is torch.Size([128]).\n\tsize mismatch for model.4.1.conv2.weight: copying a param with shape torch.Size([256, 256, 3, 3]) from checkpoint, the shape in current model is torch.Size([128, 128, 3, 3]).\n\tsize mismatch for model.4.1.bn2.weight: copying a param with shape torch.Size([256]) from checkpoint, the shape in current model is torch.Size([128]).\n\tsize mismatch for model.4.1.bn2.bias: copying a param with shape torch.Size([256]) from checkpoint, the shape in current model is torch.Size([128]).\n\tsize mismatch for model.4.1.bn2.running_mean: copying a param with shape torch.Size([256]) from checkpoint, the shape in current model is torch.Size([128]).\n\tsize mismatch for model.4.1.bn2.running_var: copying a param with shape torch.Size([256]) from checkpoint, the shape in current model is torch.Size([128]).\n\tsize mismatch for model.4.1.conv3.weight: copying a param with shape torch.Size([1024, 256, 1, 1]) from checkpoint, the shape in current model is torch.Size([512, 128, 1, 1]).\n\tsize mismatch for model.4.1.bn3.weight: copying a param with shape torch.Size([1024]) from checkpoint, the shape in current model is torch.Size([512]).\n\tsize mismatch for model.4.1.bn3.bias: copying a param with shape torch.Size([1024]) from checkpoint, the shape in current model is torch.Size([512]).\n\tsize mismatch for model.4.1.bn3.running_mean: copying a param with shape torch.Size([1024]) from checkpoint, the shape in current model is torch.Size([512]).\n\tsize mismatch for model.4.1.bn3.running_var: copying a param with shape torch.Size([1024]) from checkpoint, the shape in current model is torch.Size([512]).\n\tsize mismatch for model.4.2.conv1.weight: copying a param with shape torch.Size([256, 1024, 1, 1]) from checkpoint, the shape in current model is torch.Size([128, 512, 1, 1]).\n\tsize mismatch for model.4.2.bn1.weight: copying a param with shape torch.Size([256]) from checkpoint, the shape in current model is torch.Size([128]).\n\tsize mismatch for model.4.2.bn1.bias: copying a param with shape torch.Size([256]) from checkpoint, the shape in current model is torch.Size([128]).\n\tsize mismatch for model.4.2.bn1.running_mean: copying a param with shape torch.Size([256]) from checkpoint, the shape in current model is torch.Size([128]).\n\tsize mismatch for model.4.2.bn1.running_var: copying a param with shape torch.Size([256]) from checkpoint, the shape in current model is torch.Size([128]).\n\tsize mismatch for model.4.2.conv2.weight: copying a param with shape torch.Size([256, 256, 3, 3]) from checkpoint, the shape in current model is torch.Size([128, 128, 3, 3]).\n\tsize mismatch for model.4.2.bn2.weight: copying a param with shape torch.Size([256]) from checkpoint, the shape in current model is torch.Size([128]).\n\tsize mismatch for model.4.2.bn2.bias: copying a param with shape torch.Size([256]) from checkpoint, the shape in current model is torch.Size([128]).\n\tsize mismatch for model.4.2.bn2.running_mean: copying a param with shape torch.Size([256]) from checkpoint, the shape in current model is torch.Size([128]).\n\tsize mismatch for model.4.2.bn2.running_var: copying a param with shape torch.Size([256]) from checkpoint, the shape in current model is torch.Size([128]).\n\tsize mismatch for model.4.2.conv3.weight: copying a param with shape torch.Size([1024, 256, 1, 1]) from checkpoint, the shape in current model is torch.Size([512, 128, 1, 1]).\n\tsize mismatch for model.4.2.bn3.weight: copying a param with shape torch.Size([1024]) from checkpoint, the shape in current model is torch.Size([512]).\n\tsize mismatch for model.4.2.bn3.bias: copying a param with shape torch.Size([1024]) from checkpoint, the shape in current model is torch.Size([512]).\n\tsize mismatch for model.4.2.bn3.running_mean: copying a param with shape torch.Size([1024]) from checkpoint, the shape in current model is torch.Size([512]).\n\tsize mismatch for model.4.2.bn3.running_var: copying a param with shape torch.Size([1024]) from checkpoint, the shape in current model is torch.Size([512]).\n\tsize mismatch for model.4.3.conv1.weight: copying a param with shape torch.Size([256, 1024, 1, 1]) from checkpoint, the shape in current model is torch.Size([128, 512, 1, 1]).\n\tsize mismatch for model.4.3.bn1.weight: copying a param with shape torch.Size([256]) from checkpoint, the shape in current model is torch.Size([128]).\n\tsize mismatch for model.4.3.bn1.bias: copying a param with shape torch.Size([256]) from checkpoint, the shape in current model is torch.Size([128]).\n\tsize mismatch for model.4.3.bn1.running_mean: copying a param with shape torch.Size([256]) from checkpoint, the shape in current model is torch.Size([128]).\n\tsize mismatch for model.4.3.bn1.running_var: copying a param with shape torch.Size([256]) from checkpoint, the shape in current model is torch.Size([128]).\n\tsize mismatch for model.4.3.conv2.weight: copying a param with shape torch.Size([256, 256, 3, 3]) from checkpoint, the shape in current model is torch.Size([128, 128, 3, 3]).\n\tsize mismatch for model.4.3.bn2.weight: copying a param with shape torch.Size([256]) from checkpoint, the shape in current model is torch.Size([128]).\n\tsize mismatch for model.4.3.bn2.bias: copying a param with shape torch.Size([256]) from checkpoint, the shape in current model is torch.Size([128]).\n\tsize mismatch for model.4.3.bn2.running_mean: copying a param with shape torch.Size([256]) from checkpoint, the shape in current model is torch.Size([128]).\n\tsize mismatch for model.4.3.bn2.running_var: copying a param with shape torch.Size([256]) from checkpoint, the shape in current model is torch.Size([128]).\n\tsize mismatch for model.4.3.conv3.weight: copying a param with shape torch.Size([1024, 256, 1, 1]) from checkpoint, the shape in current model is torch.Size([512, 128, 1, 1]).\n\tsize mismatch for model.4.3.bn3.weight: copying a param with shape torch.Size([1024]) from checkpoint, the shape in current model is torch.Size([512]).\n\tsize mismatch for model.4.3.bn3.bias: copying a param with shape torch.Size([1024]) from checkpoint, the shape in current model is torch.Size([512]).\n\tsize mismatch for model.4.3.bn3.running_mean: copying a param with shape torch.Size([1024]) from checkpoint, the shape in current model is torch.Size([512]).\n\tsize mismatch for model.4.3.bn3.running_var: copying a param with shape torch.Size([1024]) from checkpoint, the shape in current model is torch.Size([512]).\n\tsize mismatch for model.5.0.conv1.weight: copying a param with shape torch.Size([512, 1024, 1, 1]) from checkpoint, the shape in current model is torch.Size([256, 512, 1, 1]).\n\tsize mismatch for model.5.0.bn1.weight: copying a param with shape torch.Size([512]) from checkpoint, the shape in current model is torch.Size([256]).\n\tsize mismatch for model.5.0.bn1.bias: copying a param with shape torch.Size([512]) from checkpoint, the shape in current model is torch.Size([256]).\n\tsize mismatch for model.5.0.bn1.running_mean: copying a param with shape torch.Size([512]) from checkpoint, the shape in current model is torch.Size([256]).\n\tsize mismatch for model.5.0.bn1.running_var: copying a param with shape torch.Size([512]) from checkpoint, the shape in current model is torch.Size([256]).\n\tsize mismatch for model.5.0.conv2.weight: copying a param with shape torch.Size([512, 512, 3, 3]) from checkpoint, the shape in current model is torch.Size([256, 256, 3, 3]).\n\tsize mismatch for model.5.0.bn2.weight: copying a param with shape torch.Size([512]) from checkpoint, the shape in current model is torch.Size([256]).\n\tsize mismatch for model.5.0.bn2.bias: copying a param with shape torch.Size([512]) from checkpoint, the shape in current model is torch.Size([256]).\n\tsize mismatch for model.5.0.bn2.running_mean: copying a param with shape torch.Size([512]) from checkpoint, the shape in current model is torch.Size([256]).\n\tsize mismatch for model.5.0.bn2.running_var: copying a param with shape torch.Size([512]) from checkpoint, the shape in current model is torch.Size([256]).\n\tsize mismatch for model.5.0.conv3.1.weight: copying a param with shape torch.Size([2048, 512, 1, 1]) from checkpoint, the shape in current model is torch.Size([1024, 256, 1, 1]).\n\tsize mismatch for model.5.0.bn3.weight: copying a param with shape torch.Size([2048]) from checkpoint, the shape in current model is torch.Size([1024]).\n\tsize mismatch for model.5.0.bn3.bias: copying a param with shape torch.Size([2048]) from checkpoint, the shape in current model is torch.Size([1024]).\n\tsize mismatch for model.5.0.bn3.running_mean: copying a param with shape torch.Size([2048]) from checkpoint, the shape in current model is torch.Size([1024]).\n\tsize mismatch for model.5.0.bn3.running_var: copying a param with shape torch.Size([2048]) from checkpoint, the shape in current model is torch.Size([1024]).\n\tsize mismatch for model.5.0.shortcut.1.weight: copying a param with shape torch.Size([2048, 1024, 1, 1]) from checkpoint, the shape in current model is torch.Size([1024, 512, 1, 1]).\n\tsize mismatch for model.5.0.shortcut.2.weight: copying a param with shape torch.Size([2048]) from checkpoint, the shape in current model is torch.Size([1024]).\n\tsize mismatch for model.5.0.shortcut.2.bias: copying a param with shape torch.Size([2048]) from checkpoint, the shape in current model is torch.Size([1024]).\n\tsize mismatch for model.5.0.shortcut.2.running_mean: copying a param with shape torch.Size([2048]) from checkpoint, the shape in current model is torch.Size([1024]).\n\tsize mismatch for model.5.0.shortcut.2.running_var: copying a param with shape torch.Size([2048]) from checkpoint, the shape in current model is torch.Size([1024]).\n\tsize mismatch for model.5.1.conv1.weight: copying a param with shape torch.Size([512, 2048, 1, 1]) from checkpoint, the shape in current model is torch.Size([256, 1024, 1, 1]).\n\tsize mismatch for model.5.1.bn1.weight: copying a param with shape torch.Size([512]) from checkpoint, the shape in current model is torch.Size([256]).\n\tsize mismatch for model.5.1.bn1.bias: copying a param with shape torch.Size([512]) from checkpoint, the shape in current model is torch.Size([256]).\n\tsize mismatch for model.5.1.bn1.running_mean: copying a param with shape torch.Size([512]) from checkpoint, the shape in current model is torch.Size([256]).\n\tsize mismatch for model.5.1.bn1.running_var: copying a param with shape torch.Size([512]) from checkpoint, the shape in current model is torch.Size([256]).\n\tsize mismatch for model.5.1.conv2.weight: copying a param with shape torch.Size([512, 512, 3, 3]) from checkpoint, the shape in current model is torch.Size([256, 256, 3, 3]).\n\tsize mismatch for model.5.1.bn2.weight: copying a param with shape torch.Size([512]) from checkpoint, the shape in current model is torch.Size([256]).\n\tsize mismatch for model.5.1.bn2.bias: copying a param with shape torch.Size([512]) from checkpoint, the shape in current model is torch.Size([256]).\n\tsize mismatch for model.5.1.bn2.running_mean: copying a param with shape torch.Size([512]) from checkpoint, the shape in current model is torch.Size([256]).\n\tsize mismatch for model.5.1.bn2.running_var: copying a param with shape torch.Size([512]) from checkpoint, the shape in current model is torch.Size([256]).\n\tsize mismatch for model.5.1.conv3.weight: copying a param with shape torch.Size([2048, 512, 1, 1]) from checkpoint, the shape in current model is torch.Size([1024, 256, 1, 1]).\n\tsize mismatch for model.5.1.bn3.weight: copying a param with shape torch.Size([2048]) from checkpoint, the shape in current model is torch.Size([1024]).\n\tsize mismatch for model.5.1.bn3.bias: copying a param with shape torch.Size([2048]) from checkpoint, the shape in current model is torch.Size([1024]).\n\tsize mismatch for model.5.1.bn3.running_mean: copying a param with shape torch.Size([2048]) from checkpoint, the shape in current model is torch.Size([1024]).\n\tsize mismatch for model.5.1.bn3.running_var: copying a param with shape torch.Size([2048]) from checkpoint, the shape in current model is torch.Size([1024]).\n\tsize mismatch for model.5.2.conv1.weight: copying a param with shape torch.Size([512, 2048, 1, 1]) from checkpoint, the shape in current model is torch.Size([256, 1024, 1, 1]).\n\tsize mismatch for model.5.2.bn1.weight: copying a param with shape torch.Size([512]) from checkpoint, the shape in current model is torch.Size([256]).\n\tsize mismatch for model.5.2.bn1.bias: copying a param with shape torch.Size([512]) from checkpoint, the shape in current model is torch.Size([256]).\n\tsize mismatch for model.5.2.bn1.running_mean: copying a param with shape torch.Size([512]) from checkpoint, the shape in current model is torch.Size([256]).\n\tsize mismatch for model.5.2.bn1.running_var: copying a param with shape torch.Size([512]) from checkpoint, the shape in current model is torch.Size([256]).\n\tsize mismatch for model.5.2.conv2.weight: copying a param with shape torch.Size([512, 512, 3, 3]) from checkpoint, the shape in current model is torch.Size([256, 256, 3, 3]).\n\tsize mismatch for model.5.2.bn2.weight: copying a param with shape torch.Size([512]) from checkpoint, the shape in current model is torch.Size([256]).\n\tsize mismatch for model.5.2.bn2.bias: copying a param with shape torch.Size([512]) from checkpoint, the shape in current model is torch.Size([256]).\n\tsize mismatch for model.5.2.bn2.running_mean: copying a param with shape torch.Size([512]) from checkpoint, the shape in current model is torch.Size([256]).\n\tsize mismatch for model.5.2.bn2.running_var: copying a param with shape torch.Size([512]) from checkpoint, the shape in current model is torch.Size([256]).\n\tsize mismatch for model.5.2.conv3.weight: copying a param with shape torch.Size([2048, 512, 1, 1]) from checkpoint, the shape in current model is torch.Size([1024, 256, 1, 1]).\n\tsize mismatch for model.5.2.bn3.weight: copying a param with shape torch.Size([2048]) from checkpoint, the shape in current model is torch.Size([1024]).\n\tsize mismatch for model.5.2.bn3.bias: copying a param with shape torch.Size([2048]) from checkpoint, the shape in current model is torch.Size([1024]).\n\tsize mismatch for model.5.2.bn3.running_mean: copying a param with shape torch.Size([2048]) from checkpoint, the shape in current model is torch.Size([1024]).\n\tsize mismatch for model.5.2.bn3.running_var: copying a param with shape torch.Size([2048]) from checkpoint, the shape in current model is torch.Size([1024]).\nbackbone/stripped_for_backbone/strict=False: Error(s) in loading state_dict for LipReg_aa:\n\tsize mismatch for model.3.0.conv1.weight: copying a param with shape torch.Size([128, 256, 1, 1]) from checkpoint, the shape in current model is torch.Size([64, 64, 1, 1]).\n\tsize mismatch for model.3.0.bn1.weight: copying a param with shape torch.Size([128]) from checkpoint, the shape in current model is torch.Size([64]).\n\tsize mismatch for model.3.0.bn1.bias: copying a param with shape torch.Size([128]) from checkpoint, the shape in current model is torch.Size([64]).\n\tsize mismatch for model.3.0.bn1.running_mean: copying a param with shape torch.Size([128]) from checkpoint, the shape in current model is torch.Size([64]).\n\tsize mismatch for model.3.0.bn1.running_var: copying a param with shape torch.Size([128]) from checkpoint, the shape in current model is torch.Size([64]).\n\tsize mismatch for model.3.0.conv2.weight: copying a param with shape torch.Size([128, 128, 3, 3]) from checkpoint, the shape in current model is torch.Size([64, 64, 3, 3]).\n\tsize mismatch for model.3.0.bn2.weight: copying a param with shape torch.Size([128]) from checkpoint, the shape in current model is torch.Size([64]).\n\tsize mismatch for model.3.0.bn2.bias: copying a param with shape torch.Size([128]) from checkpoint, the shape in current model is torch.Size([64]).\n\tsize mismatch for model.3.0.bn2.running_mean: copying a param with shape torch.Size([128]) from checkpoint, the shape in current model is torch.Size([64]).\n\tsize mismatch for model.3.0.bn2.running_var: copying a param with shape torch.Size([128]) from checkpoint, the shape in current model is torch.Size([64]).\n\tsize mismatch for model.3.0.bn3.weight: copying a param with shape torch.Size([512]) from checkpoint, the shape in current model is torch.Size([256]).\n\tsize mismatch for model.3.0.bn3.bias: copying a param with shape torch.Size([512]) from checkpoint, the shape in current model is torch.Size([256]).\n\tsize mismatch for model.3.0.bn3.running_mean: copying a param with shape torch.Size([512]) from checkpoint, the shape in current model is torch.Size([256]).\n\tsize mismatch for model.3.0.bn3.running_var: copying a param with shape torch.Size([512]) from checkpoint, the shape in current model is torch.Size([256]).\n\tsize mismatch for model.3.0.shortcut.1.weight: copying a param with shape torch.Size([512, 256, 1, 1]) from checkpoint, the shape in current model is torch.Size([256]).\n\tsize mismatch for model.3.1.conv1.weight: copying a param with shape torch.Size([128, 512, 1, 1]) from checkpoint, the shape in current model is torch.Size([64, 256, 1, 1]).\n\tsize mismatch for model.3.1.bn1.weight: copying a param with shape torch.Size([128]) from checkpoint, the shape in current model is torch.Size([64]).\n\tsize mismatch for model.3.1.bn1.bias: copying a param with shape torch.Size([128]) from checkpoint, the shape in current model is torch.Size([64]).\n\tsize mismatch for model.3.1.bn1.running_mean: copying a param with shape torch.Size([128]) from checkpoint, the shape in current model is torch.Size([64]).\n\tsize mismatch for model.3.1.bn1.running_var: copying a param with shape torch.Size([128]) from checkpoint, the shape in current model is torch.Size([64]).\n\tsize mismatch for model.3.1.conv2.weight: copying a param with shape torch.Size([128, 128, 3, 3]) from checkpoint, the shape in current model is torch.Size([64, 64, 3, 3]).\n\tsize mismatch for model.3.1.bn2.weight: copying a param with shape torch.Size([128]) from checkpoint, the shape in current model is torch.Size([64]).\n\tsize mismatch for model.3.1.bn2.bias: copying a param with shape torch.Size([128]) from checkpoint, the shape in current model is torch.Size([64]).\n\tsize mismatch for model.3.1.bn2.running_mean: copying a param with shape torch.Size([128]) from checkpoint, the shape in current model is torch.Size([64]).\n\tsize mismatch for model.3.1.bn2.running_var: copying a param with shape torch.Size([128]) from checkpoint, the shape in current model is torch.Size([64]).\n\tsize mismatch for model.3.1.conv3.weight: copying a param with shape torch.Size([512, 128, 1, 1]) from checkpoint, the shape in current model is torch.Size([256, 64, 1, 1]).\n\tsize mismatch for model.3.1.bn3.weight: copying a param with shape torch.Size([512]) from checkpoint, the shape in current model is torch.Size([256]).\n\tsize mismatch for model.3.1.bn3.bias: copying a param with shape torch.Size([512]) from checkpoint, the shape in current model is torch.Size([256]).\n\tsize mismatch for model.3.1.bn3.running_mean: copying a param with shape torch.Size([512]) from checkpoint, the shape in current model is torch.Size([256]).\n\tsize mismatch for model.3.1.bn3.running_var: copying a param with shape torch.Size([512]) from checkpoint, the shape in current model is torch.Size([256]).\n\tsize mismatch for model.3.2.conv1.weight: copying a param with shape torch.Size([128, 512, 1, 1]) from checkpoint, the shape in current model is torch.Size([64, 256, 1, 1]).\n\tsize mismatch for model.3.2.bn1.weight: copying a param with shape torch.Size([128]) from checkpoint, the shape in current model is torch.Size([64]).\n\tsize mismatch for model.3.2.bn1.bias: copying a param with shape torch.Size([128]) from checkpoint, the shape in current model is torch.Size([64]).\n\tsize mismatch for model.3.2.bn1.running_mean: copying a param with shape torch.Size([128]) from checkpoint, the shape in current model is torch.Size([64]).\n\tsize mismatch for model.3.2.bn1.running_var: copying a param with shape torch.Size([128]) from checkpoint, the shape in current model is torch.Size([64]).\n\tsize mismatch for model.3.2.conv2.weight: copying a param with shape torch.Size([128, 128, 3, 3]) from checkpoint, the shape in current model is torch.Size([64, 64, 3, 3]).\n\tsize mismatch for model.3.2.bn2.weight: copying a param with shape torch.Size([128]) from checkpoint, the shape in current model is torch.Size([64]).\n\tsize mismatch for model.3.2.bn2.bias: copying a param with shape torch.Size([128]) from checkpoint, the shape in current model is torch.Size([64]).\n\tsize mismatch for model.3.2.bn2.running_mean: copying a param with shape torch.Size([128]) from checkpoint, the shape in current model is torch.Size([64]).\n\tsize mismatch for model.3.2.bn2.running_var: copying a param with shape torch.Size([128]) from checkpoint, the shape in current model is torch.Size([64]).\n\tsize mismatch for model.3.2.conv3.weight: copying a param with shape torch.Size([512, 128, 1, 1]) from checkpoint, the shape in current model is torch.Size([256, 64, 1, 1]).\n\tsize mismatch for model.3.2.bn3.weight: copying a param with shape torch.Size([512]) from checkpoint, the shape in current model is torch.Size([256]).\n\tsize mismatch for model.3.2.bn3.bias: copying a param with shape torch.Size([512]) from checkpoint, the shape in current model is torch.Size([256]).\n\tsize mismatch for model.3.2.bn3.running_mean: copying a param with shape torch.Size([512]) from checkpoint, the shape in current model is torch.Size([256]).\n\tsize mismatch for model.3.2.bn3.running_var: copying a param with shape torch.Size([512]) from checkpoint, the shape in current model is torch.Size([256]).\n\tsize mismatch for model.4.0.conv1.weight: copying a param with shape torch.Size([256, 512, 1, 1]) from checkpoint, the shape in current model is torch.Size([128, 256, 1, 1]).\n\tsize mismatch for model.4.0.bn1.weight: copying a param with shape torch.Size([256]) from checkpoint, the shape in current model is torch.Size([128]).\n\tsize mismatch for model.4.0.bn1.bias: copying a param with shape torch.Size([256]) from checkpoint, the shape in current model is torch.Size([128]).\n\tsize mismatch for model.4.0.bn1.running_mean: copying a param with shape torch.Size([256]) from checkpoint, the shape in current model is torch.Size([128]).\n\tsize mismatch for model.4.0.bn1.running_var: copying a param with shape torch.Size([256]) from checkpoint, the shape in current model is torch.Size([128]).\n\tsize mismatch for model.4.0.conv2.weight: copying a param with shape torch.Size([256, 256, 3, 3]) from checkpoint, the shape in current model is torch.Size([128, 128, 3, 3]).\n\tsize mismatch for model.4.0.bn2.weight: copying a param with shape torch.Size([256]) from checkpoint, the shape in current model is torch.Size([128]).\n\tsize mismatch for model.4.0.bn2.bias: copying a param with shape torch.Size([256]) from checkpoint, the shape in current model is torch.Size([128]).\n\tsize mismatch for model.4.0.bn2.running_mean: copying a param with shape torch.Size([256]) from checkpoint, the shape in current model is torch.Size([128]).\n\tsize mismatch for model.4.0.bn2.running_var: copying a param with shape torch.Size([256]) from checkpoint, the shape in current model is torch.Size([128]).\n\tsize mismatch for model.4.0.conv3.1.weight: copying a param with shape torch.Size([1024, 256, 1, 1]) from checkpoint, the shape in current model is torch.Size([512, 128, 1, 1]).\n\tsize mismatch for model.4.0.bn3.weight: copying a param with shape torch.Size([1024]) from checkpoint, the shape in current model is torch.Size([512]).\n\tsize mismatch for model.4.0.bn3.bias: copying a param with shape torch.Size([1024]) from checkpoint, the shape in current model is torch.Size([512]).\n\tsize mismatch for model.4.0.bn3.running_mean: copying a param with shape torch.Size([1024]) from checkpoint, the shape in current model is torch.Size([512]).\n\tsize mismatch for model.4.0.bn3.running_var: copying a param with shape torch.Size([1024]) from checkpoint, the shape in current model is torch.Size([512]).\n\tsize mismatch for model.4.0.shortcut.1.weight: copying a param with shape torch.Size([1024, 512, 1, 1]) from checkpoint, the shape in current model is torch.Size([512, 256, 1, 1]).\n\tsize mismatch for model.4.0.shortcut.2.weight: copying a param with shape torch.Size([1024]) from checkpoint, the shape in current model is torch.Size([512]).\n\tsize mismatch for model.4.0.shortcut.2.bias: copying a param with shape torch.Size([1024]) from checkpoint, the shape in current model is torch.Size([512]).\n\tsize mismatch for model.4.0.shortcut.2.running_mean: copying a param with shape torch.Size([1024]) from checkpoint, the shape in current model is torch.Size([512]).\n\tsize mismatch for model.4.0.shortcut.2.running_var: copying a param with shape torch.Size([1024]) from checkpoint, the shape in current model is torch.Size([512]).\n\tsize mismatch for model.4.1.conv1.weight: copying a param with shape torch.Size([256, 1024, 1, 1]) from checkpoint, the shape in current model is torch.Size([128, 512, 1, 1]).\n\tsize mismatch for model.4.1.bn1.weight: copying a param with shape torch.Size([256]) from checkpoint, the shape in current model is torch.Size([128]).\n\tsize mismatch for model.4.1.bn1.bias: copying a param with shape torch.Size([256]) from checkpoint, the shape in current model is torch.Size([128]).\n\tsize mismatch for model.4.1.bn1.running_mean: copying a param with shape torch.Size([256]) from checkpoint, the shape in current model is torch.Size([128]).\n\tsize mismatch for model.4.1.bn1.running_var: copying a param with shape torch.Size([256]) from checkpoint, the shape in current model is torch.Size([128]).\n\tsize mismatch for model.4.1.conv2.weight: copying a param with shape torch.Size([256, 256, 3, 3]) from checkpoint, the shape in current model is torch.Size([128, 128, 3, 3]).\n\tsize mismatch for model.4.1.bn2.weight: copying a param with shape torch.Size([256]) from checkpoint, the shape in current model is torch.Size([128]).\n\tsize mismatch for model.4.1.bn2.bias: copying a param with shape torch.Size([256]) from checkpoint, the shape in current model is torch.Size([128]).\n\tsize mismatch for model.4.1.bn2.running_mean: copying a param with shape torch.Size([256]) from checkpoint, the shape in current model is torch.Size([128]).\n\tsize mismatch for model.4.1.bn2.running_var: copying a param with shape torch.Size([256]) from checkpoint, the shape in current model is torch.Size([128]).\n\tsize mismatch for model.4.1.conv3.weight: copying a param with shape torch.Size([1024, 256, 1, 1]) from checkpoint, the shape in current model is torch.Size([512, 128, 1, 1]).\n\tsize mismatch for model.4.1.bn3.weight: copying a param with shape torch.Size([1024]) from checkpoint, the shape in current model is torch.Size([512]).\n\tsize mismatch for model.4.1.bn3.bias: copying a param with shape torch.Size([1024]) from checkpoint, the shape in current model is torch.Size([512]).\n\tsize mismatch for model.4.1.bn3.running_mean: copying a param with shape torch.Size([1024]) from checkpoint, the shape in current model is torch.Size([512]).\n\tsize mismatch for model.4.1.bn3.running_var: copying a param with shape torch.Size([1024]) from checkpoint, the shape in current model is torch.Size([512]).\n\tsize mismatch for model.4.2.conv1.weight: copying a param with shape torch.Size([256, 1024, 1, 1]) from checkpoint, the shape in current model is torch.Size([128, 512, 1, 1]).\n\tsize mismatch for model.4.2.bn1.weight: copying a param with shape torch.Size([256]) from checkpoint, the shape in current model is torch.Size([128]).\n\tsize mismatch for model.4.2.bn1.bias: copying a param with shape torch.Size([256]) from checkpoint, the shape in current model is torch.Size([128]).\n\tsize mismatch for model.4.2.bn1.running_mean: copying a param with shape torch.Size([256]) from checkpoint, the shape in current model is torch.Size([128]).\n\tsize mismatch for model.4.2.bn1.running_var: copying a param with shape torch.Size([256]) from checkpoint, the shape in current model is torch.Size([128]).\n\tsize mismatch for model.4.2.conv2.weight: copying a param with shape torch.Size([256, 256, 3, 3]) from checkpoint, the shape in current model is torch.Size([128, 128, 3, 3]).\n\tsize mismatch for model.4.2.bn2.weight: copying a param with shape torch.Size([256]) from checkpoint, the shape in current model is torch.Size([128]).\n\tsize mismatch for model.4.2.bn2.bias: copying a param with shape torch.Size([256]) from checkpoint, the shape in current model is torch.Size([128]).\n\tsize mismatch for model.4.2.bn2.running_mean: copying a param with shape torch.Size([256]) from checkpoint, the shape in current model is torch.Size([128]).\n\tsize mismatch for model.4.2.bn2.running_var: copying a param with shape torch.Size([256]) from checkpoint, the shape in current model is torch.Size([128]).\n\tsize mismatch for model.4.2.conv3.weight: copying a param with shape torch.Size([1024, 256, 1, 1]) from checkpoint, the shape in current model is torch.Size([512, 128, 1, 1]).\n\tsize mismatch for model.4.2.bn3.weight: copying a param with shape torch.Size([1024]) from checkpoint, the shape in current model is torch.Size([512]).\n\tsize mismatch for model.4.2.bn3.bias: copying a param with shape torch.Size([1024]) from checkpoint, the shape in current model is torch.Size([512]).\n\tsize mismatch for model.4.2.bn3.running_mean: copying a param with shape torch.Size([1024]) from checkpoint, the shape in current model is torch.Size([512]).\n\tsize mismatch for model.4.2.bn3.running_var: copying a param with shape torch.Size([1024]) from checkpoint, the shape in current model is torch.Size([512]).\n\tsize mismatch for model.4.3.conv1.weight: copying a param with shape torch.Size([256, 1024, 1, 1]) from checkpoint, the shape in current model is torch.Size([128, 512, 1, 1]).\n\tsize mismatch for model.4.3.bn1.weight: copying a param with shape torch.Size([256]) from checkpoint, the shape in current model is torch.Size([128]).\n\tsize mismatch for model.4.3.bn1.bias: copying a param with shape torch.Size([256]) from checkpoint, the shape in current model is torch.Size([128]).\n\tsize mismatch for model.4.3.bn1.running_mean: copying a param with shape torch.Size([256]) from checkpoint, the shape in current model is torch.Size([128]).\n\tsize mismatch for model.4.3.bn1.running_var: copying a param with shape torch.Size([256]) from checkpoint, the shape in current model is torch.Size([128]).\n\tsize mismatch for model.4.3.conv2.weight: copying a param with shape torch.Size([256, 256, 3, 3]) from checkpoint, the shape in current model is torch.Size([128, 128, 3, 3]).\n\tsize mismatch for model.4.3.bn2.weight: copying a param with shape torch.Size([256]) from checkpoint, the shape in current model is torch.Size([128]).\n\tsize mismatch for model.4.3.bn2.bias: copying a param with shape torch.Size([256]) from checkpoint, the shape in current model is torch.Size([128]).\n\tsize mismatch for model.4.3.bn2.running_mean: copying a param with shape torch.Size([256]) from checkpoint, the shape in current model is torch.Size([128]).\n\tsize mismatch for model.4.3.bn2.running_var: copying a param with shape torch.Size([256]) from checkpoint, the shape in current model is torch.Size([128]).\n\tsize mismatch for model.4.3.conv3.weight: copying a param with shape torch.Size([1024, 256, 1, 1]) from checkpoint, the shape in current model is torch.Size([512, 128, 1, 1]).\n\tsize mismatch for model.4.3.bn3.weight: copying a param with shape torch.Size([1024]) from checkpoint, the shape in current model is torch.Size([512]).\n\tsize mismatch for model.4.3.bn3.bias: copying a param with shape torch.Size([1024]) from checkpoint, the shape in current model is torch.Size([512]).\n\tsize mismatch for model.4.3.bn3.running_mean: copying a param with shape torch.Size([1024]) from checkpoint, the shape in current model is torch.Size([512]).\n\tsize mismatch for model.4.3.bn3.running_var: copying a param with shape torch.Size([1024]) from checkpoint, the shape in current model is torch.Size([512]).\n\tsize mismatch for model.5.0.conv1.weight: copying a param with shape torch.Size([512, 1024, 1, 1]) from checkpoint, the shape in current model is torch.Size([256, 512, 1, 1]).\n\tsize mismatch for model.5.0.bn1.weight: copying a param with shape torch.Size([512]) from checkpoint, the shape in current model is torch.Size([256]).\n\tsize mismatch for model.5.0.bn1.bias: copying a param with shape torch.Size([512]) from checkpoint, the shape in current model is torch.Size([256]).\n\tsize mismatch for model.5.0.bn1.running_mean: copying a param with shape torch.Size([512]) from checkpoint, the shape in current model is torch.Size([256]).\n\tsize mismatch for model.5.0.bn1.running_var: copying a param with shape torch.Size([512]) from checkpoint, the shape in current model is torch.Size([256]).\n\tsize mismatch for model.5.0.conv2.weight: copying a param with shape torch.Size([512, 512, 3, 3]) from checkpoint, the shape in current model is torch.Size([256, 256, 3, 3]).\n\tsize mismatch for model.5.0.bn2.weight: copying a param with shape torch.Size([512]) from checkpoint, the shape in current model is torch.Size([256]).\n\tsize mismatch for model.5.0.bn2.bias: copying a param with shape torch.Size([512]) from checkpoint, the shape in current model is torch.Size([256]).\n\tsize mismatch for model.5.0.bn2.running_mean: copying a param with shape torch.Size([512]) from checkpoint, the shape in current model is torch.Size([256]).\n\tsize mismatch for model.5.0.bn2.running_var: copying a param with shape torch.Size([512]) from checkpoint, the shape in current model is torch.Size([256]).\n\tsize mismatch for model.5.0.conv3.1.weight: copying a param with shape torch.Size([2048, 512, 1, 1]) from checkpoint, the shape in current model is torch.Size([1024, 256, 1, 1]).\n\tsize mismatch for model.5.0.bn3.weight: copying a param with shape torch.Size([2048]) from checkpoint, the shape in current model is torch.Size([1024]).\n\tsize mismatch for model.5.0.bn3.bias: copying a param with shape torch.Size([2048]) from checkpoint, the shape in current model is torch.Size([1024]).\n\tsize mismatch for model.5.0.bn3.running_mean: copying a param with shape torch.Size([2048]) from checkpoint, the shape in current model is torch.Size([1024]).\n\tsize mismatch for model.5.0.bn3.running_var: copying a param with shape torch.Size([2048]) from checkpoint, the shape in current model is torch.Size([1024]).\n\tsize mismatch for model.5.0.shortcut.1.weight: copying a param with shape torch.Size([2048, 1024, 1, 1]) from checkpoint, the shape in current model is torch.Size([1024, 512, 1, 1]).\n\tsize mismatch for model.5.0.shortcut.2.weight: copying a param with shape torch.Size([2048]) from checkpoint, the shape in current model is torch.Size([1024]).\n\tsize mismatch for model.5.0.shortcut.2.bias: copying a param with shape torch.Size([2048]) from checkpoint, the shape in current model is torch.Size([1024]).\n\tsize mismatch for model.5.0.shortcut.2.running_mean: copying a param with shape torch.Size([2048]) from checkpoint, the shape in current model is torch.Size([1024]).\n\tsize mismatch for model.5.0.shortcut.2.running_var: copying a param with shape torch.Size([2048]) from checkpoint, the shape in current model is torch.Size([1024]).\n\tsize mismatch for model.5.1.conv1.weight: copying a param with shape torch.Size([512, 2048, 1, 1]) from checkpoint, the shape in current model is torch.Size([256, 1024, 1, 1]).\n\tsize mismatch for model.5.1.bn1.weight: copying a param with shape torch.Size([512]) from checkpoint, the shape in current model is torch.Size([256]).\n\tsize mismatch for model.5.1.bn1.bias: copying a param with shape torch.Size([512]) from checkpoint, the shape in current model is torch.Size([256]).\n\tsize mismatch for model.5.1.bn1.running_mean: copying a param with shape torch.Size([512]) from checkpoint, the shape in current model is torch.Size([256]).\n\tsize mismatch for model.5.1.bn1.running_var: copying a param with shape torch.Size([512]) from checkpoint, the shape in current model is torch.Size([256]).\n\tsize mismatch for model.5.1.conv2.weight: copying a param with shape torch.Size([512, 512, 3, 3]) from checkpoint, the shape in current model is torch.Size([256, 256, 3, 3]).\n\tsize mismatch for model.5.1.bn2.weight: copying a param with shape torch.Size([512]) from checkpoint, the shape in current model is torch.Size([256]).\n\tsize mismatch for model.5.1.bn2.bias: copying a param with shape torch.Size([512]) from checkpoint, the shape in current model is torch.Size([256]).\n\tsize mismatch for model.5.1.bn2.running_mean: copying a param with shape torch.Size([512]) from checkpoint, the shape in current model is torch.Size([256]).\n\tsize mismatch for model.5.1.bn2.running_var: copying a param with shape torch.Size([512]) from checkpoint, the shape in current model is torch.Size([256]).\n\tsize mismatch for model.5.1.conv3.weight: copying a param with shape torch.Size([2048, 512, 1, 1]) from checkpoint, the shape in current model is torch.Size([1024, 256, 1, 1]).\n\tsize mismatch for model.5.1.bn3.weight: copying a param with shape torch.Size([2048]) from checkpoint, the shape in current model is torch.Size([1024]).\n\tsize mismatch for model.5.1.bn3.bias: copying a param with shape torch.Size([2048]) from checkpoint, the shape in current model is torch.Size([1024]).\n\tsize mismatch for model.5.1.bn3.running_mean: copying a param with shape torch.Size([2048]) from checkpoint, the shape in current model is torch.Size([1024]).\n\tsize mismatch for model.5.1.bn3.running_var: copying a param with shape torch.Size([2048]) from checkpoint, the shape in current model is torch.Size([1024]).\n\tsize mismatch for model.5.2.conv1.weight: copying a param with shape torch.Size([512, 2048, 1, 1]) from checkpoint, the shape in current model is torch.Size([256, 1024, 1, 1]).\n\tsize mismatch for model.5.2.bn1.weight: copying a param with shape torch.Size([512]) from checkpoint, the shape in current model is torch.Size([256]).\n\tsize mismatch for model.5.2.bn1.bias: copying a param with shape torch.Size([512]) from checkpoint, the shape in current model is torch.Size([256]).\n\tsize mismatch for model.5.2.bn1.running_mean: copying a param with shape torch.Size([512]) from checkpoint, the shape in current model is torch.Size([256]).\n\tsize mismatch for model.5.2.bn1.running_var: copying a param with shape torch.Size([512]) from checkpoint, the shape in current model is torch.Size([256]).\n\tsize mismatch for model.5.2.conv2.weight: copying a param with shape torch.Size([512, 512, 3, 3]) from checkpoint, the shape in current model is torch.Size([256, 256, 3, 3]).\n\tsize mismatch for model.5.2.bn2.weight: copying a param with shape torch.Size([512]) from checkpoint, the shape in current model is torch.Size([256]).\n\tsize mismatch for model.5.2.bn2.bias: copying a param with shape torch.Size([512]) from checkpoint, the shape in current model is torch.Size([256]).\n\tsize mismatch for model.5.2.bn2.running_mean: copying a param with shape torch.Size([512]) from checkpoint, the shape in current model is torch.Size([256]).\n\tsize mismatch for model.5.2.bn2.running_var: copying a param with shape torch.Size([512]) from checkpoint, the shape in current model is torch.Size([256]).\n\tsize mismatch for model.5.2.conv3.weight: copying a param with shape torch.Size([2048, 512, 1, 1]) from checkpoint, the shape in current model is torch.Size([1024, 256, 1, 1]).\n\tsize mismatch for model.5.2.bn3.weight: copying a param with shape torch.Size([2048]) from checkpoint, the shape in current model is torch.Size([1024]).\n\tsize mismatch for model.5.2.bn3.bias: copying a param with shape torch.Size([2048]) from checkpoint, the shape in current model is torch.Size([1024]).\n\tsize mismatch for model.5.2.bn3.running_mean: copying a param with shape torch.Size([2048]) from checkpoint, the shape in current model is torch.Size([1024]).\n\tsize mismatch for model.5.2.bn3.running_var: copying a param with shape torch.Size([2048]) from checkpoint, the shape in current model is torch.Size([1024]).\nbackbone/as_saved/strict=True: Error(s) in loading state_dict for LipReg_aa:\n\tMissing key(s) in state_dict: ""model.0.weight"", ""model.1.weight"", ""model.1.bias"", ""model.1.running_mean"", ""model.1.running_var"", ""model.3.0.conv1.weight"", ""model.3.0.bn1.weight"", ""model.3.0.bn1.bias"", ""model.3.0.bn1.running_mean"", ""model.3.0.bn1.running_var"", ""model.3.0.conv2.weight"", ""model.3.0.bn2.weight"", ""model.3.0.bn2.bias"", ""model.3.0.bn2.running_mean"", ""model.3.0.bn2.running_var"", ""model.3.0.conv3.weight"", ""model.3.0.bn3.weight"", ""model.3.0.bn3.bias"", ""model.3.0.bn3.running_mean"", ""model.3.0.bn3.running_var"", ""model.3.0.shortcut.0.weight"", ""model.3.0.shortcut.1.weight"", ""model.3.0.shortcut.1.bias"", ""model.3.0.shortcut.1.running_mean"", ""model.3.0.shortcut.1.running_var"", ""model.3.1.conv1.weight"", ""model.3.1.bn1.weight"", ""model.3.1.bn1.bias"", ""model.3.1.bn1.running_mean"", ""model.3.1.bn1.running_var"", ""model.3.1.conv2.weight"", ""model.3.1.bn2.weight"", ""model.3.1.bn2.bias"", ""model.3.1.bn2.running_mean"", ""model.3.1.bn2.running_var"", ""model.3.1.conv3.weight"", ""model.3.1.bn3.weight"", ""model.3.1.bn3.bias"", ""model.3.1.bn3.running_mean"", ""model.3.1.bn3.running_var"", ""model.3.2.conv1.weight"", ""model.3.2.bn1.weight"", ""model.3.2.bn1.bias"", ""model.3.2.bn1.running_mean"", ""model.3.2.bn1.running_var"", ""model.3.2.conv2.weight"", ""model.3.2.bn2.weight"", ""model.3.2.bn2.bias"", ""model.3.2.bn2.running_mean"", ""model.3.2.bn2.running_var"", ""model.3.2.conv3.weight"", ""model.3.2.bn3.weight"", ""model.3.2.bn3.bias"", ""model.3.2.bn3.running_mean"", ""model.3.2.bn3.running_var"", ""model.4.0.conv1.weight"", ""model.4.0.bn1.weight"", ""model.4.0.bn1.bias"", ""model.4.0.bn1.running_mean"", ""model.4.0.bn1.running_var"", ""model.4.0.conv2.weight"", ""model.4.0.bn2.weight"", ""model.4.0.bn2.bias"", ""model.4.0.bn2.running_mean"", ""model.4.0.bn2.running_var"", ""model.4.0.conv3.0.w"", ""model.4.0.conv3.1.weight"", ""model.4.0.bn3.weight"", ""model.4.0.bn3.bias"", ""model.4.0.bn3.running_mean"", ""model.4.0.bn3.running_var"", ""model.4.0.shortcut.0.w"", ""model.4.0.shortcut.1.weight"", ""model.4.0.shortcut.2.weight"", ""model.4.0.shortcut.2.bias"", ""model.4.0.shortcut.2.running_mean"", ""model.4.0.shortcut.2.running_var"", ""model.4.1.conv1.weight"", ""model.4.1.bn1.weight"", ""model.4.1.bn1.bias"", ""model.4.1.bn1.running_mean"", ""model.4.1.bn1.running_var"", ""model.4.1.conv2.weight"", ""model.4.1.bn2.weight"", ""model.4.1.bn2.bias"", ""model.4.1.bn2.running_mean"", ""model.4.1.bn2.running_var"", ""model.4.1.conv3.weight"", ""model.4.1.bn3.weight"", ""model.4.1.bn3.bias"", ""model.4.1.bn3.running_mean"", ""model.4.1.bn3.running_var"", ""model.4.2.conv1.weight"", ""model.4.2.bn1.weight"", ""model.4.2.bn1.bias"", ""model.4.2.bn1.running_mean"", ""model.4.2.bn1.running_var"", ""model.4.2.conv2.weight"", ""model.4.2.bn2.weight"", ""model.4.2.bn2.bias"", ""model.4.2.bn2.running_mean"", ""model.4.2.bn2.running_var"", ""model.4.2.conv3.weight"", ""model.4.2.bn3.weight"", ""model.4.2.bn3.bias"", ""model.4.2.bn3.running_mean"", ""model.4.2.bn3.running_var"", ""model.4.3.conv1.weight"", ""model.4.3.bn1.weight"", ""model.4.3.bn1.bias"", ""model.4.3.bn1.running_mean"", ""model.4.3.bn1.running_var"", ""model.4.3.conv2.weight"", ""model.4.3.bn2.weight"", ""model.4.3.bn2.bias"", ""model.4.3.bn2.running_mean"", ""model.4.3.bn2.running_var"", ""model.4.3.conv3.weight"", ""model.4.3.bn3.weight"", ""model.4.3.bn3.bias"", ""model.4.3.bn3.running_mean"", ""model.4.3.bn3.running_var"", ""model.5.0.conv1.weight"", ""model.5.0.bn1.weight"", ""model.5.0.bn1.bias"", ""model.5.0.bn1.running_mean"", ""model.5.0.bn1.running_var"", ""model.5.0.conv2.weight"", ""model.5.0.bn2.weight"", ""model.5.0.bn2.bias"", ""model.5.0.bn2.running_mean"", ""model.5.0.bn2.running_var"", ""model.5.0.conv3.0.w"", ""model.5.0.conv3.1.weight"", ""model.5.0.bn3.weight"", ""model.5.0.bn3.bias"", ""model.5.0.bn3.running_mean"", ""model.5.0.bn3.running_var"", ""model.5.0.shortcut.0.w"", ""model.5.0.shortcut.1.weight"", ""model.5.0.shortcut.2.weight"", ""model.5.0.shortcut.2.bias"", ""model.5.0.shortcut.2.running_mean"", ""model.5.0.shortcut.2.running_var"", ""model.5.1.conv1.weight"", ""model.5.1.bn1.weight"", ""model.5.1.bn1.bias"", ""model.5.1.bn1.running_mean"", ""model.5.1.bn1.running_var"", ""model.5.1.conv2.weight"", ""model.5.1.bn2.weight"", ""model.5.1.bn2.bias"", ""model.5.1.bn2.running_mean"", ""model.5.1.bn2.running_var"", ""model.5.1.conv3.weight"", ""model.5.1.bn3.weight"", ""model.5.1.bn3.bias"", ""model.5.1.bn3.running_mean"", ""model.5.1.bn3.running_var"", ""model.5.2.conv1.weight"", ""model.5.2.bn1.weight"", ""model.5.2.bn1.bias"", ""model.5.2.bn1.running_mean"", ""model.5.2.bn1.running_var"", ""model.5.2.conv2.weight"", ""model.5.2.bn2.weight"", ""model.5.2.bn2.bias"", ""model.5.2.bn2.running_mean"", ""model.5.2.bn2.running_var"", ""model.5.2.conv3.weight"", ""model.5.2.bn3.weight"", ""model.5.2.bn3.bias"", ""model.5.2.bn3.running_mean"", ""model.5.2.bn3.running_var"", ""model.5.3.conv1.weight"", ""model.5.3.bn1.weight"", ""model.5.3.bn1.bias"", ""model.5.3.bn1.running_mean"", ""model.5.3.bn1.running_var"", ""model.5.3.conv2.weight"", ""model.5.3.bn2.weight"", ""model.5.3.bn2.bias"", ""model.5.3.bn2.running_mean"", ""model.5.3.bn2.running_var"", ""model.5.3.conv3.weight"", ""model.5.3.bn3.weight"", ""model.5.3.bn3.bias"", ""model.5.3.bn3.running_mean"", ""model.5.3.bn3.running_var"", ""model.5.4.conv1.weight"", ""model.5.4.bn1.weight"", ""model.5.4.bn1.bias"", ""model.5.4.bn1.running_mean"", ""model.5.4.bn1.running_var"", ""model.5.4.conv2.weight"", ""model.5.4.bn2.weight"", ""model.5.4.bn2.bias"", ""model.5.4.bn2.running_mean"", ""model.5.4.bn2.running_var"", ""model.5.4.conv3.weight"", ""model.5.4.bn3.weight"", ""model.5.4.bn3.bias"", ""model.5.4.bn3.running_mean"", ""model.5.4.bn3.running_var"", ""model.5.5.conv1.weight"", ""model.5.5.bn1.weight"", ""model.5.5.bn1.bias"", ""model.5.5.bn1.running_mean"", ""model.5.5.bn1.running_var"", ""model.5.5.conv2.weight"", ""model.5.5.bn2.weight"", ""model.5.5.bn2.bias"", ""model.5.5.bn2.running_mean"", ""model.5.5.bn2.running_var"", ""model.5.5.conv3.weight"", ""model.5.5.bn3.weight"", ""model.5.5.bn3.bias"", ""model.5.5.bn3.running_mean"", ""model.5.5.bn3.running_var"", ""model.6.0.conv1.weight"", ""model.6.0.bn1.weight"", ""model.6.0.bn1.bias"", ""model.6.0.bn1.running_mean"", ""model.6.0.bn1.running_var"", ""model.6.0.conv2.weight"", ""model.6.0.bn2.weight"", ""model.6.0.bn2.bias"", ""model.6.0.bn2.running_mean"", ""model.6.0.bn2.running_var"", ""model.6.0.conv3.0.w"", ""model.6.0.conv3.1.weight"", ""model.6.0.bn3.weight"", ""model.6.0.bn3.bias"", ""model.6.0.bn3.running_mean"", ""model.6.0.bn3.running_var"", ""model.6.0.shortcut.0.w"", ""model.6.0.shortcut.1.weight"", ""model.6.0.shortcut.2.weight"", ""model.6.0.shortcut.2.bias"", ""model.6.0.shortcut.2.running_mean"", ""model.6.0.shortcut.2.running_var"", ""model.6.1.conv1.weight"", ""model.6.1.bn1.weight"", ""model.6.1.bn1.bias"", ""model.6.1.bn1.running_mean"", ""model.6.1.bn1.running_var"", ""model.6.1.conv2.weight"", ""model.6.1.bn2.weight"", ""model.6.1.bn2.bias"", ""model.6.1.bn2.running_mean"", ""model.6.1.bn2.running_var"", ""model.6.1.conv3.weight"", ""model.6.1.bn3.weight"", ""model.6.1.bn3.bias"", ""model.6.1.bn3.running_mean"", ""model.6.1.bn3.running_var"", ""model.6.2.conv1.weight"", ""model.6.2.bn1.weight"", ""model.6.2.bn1.bias"", ""model.6.2.bn1.running_mean"", ""model.6.2.bn1.running_var"", ""model.6.2.conv2.weight"", ""model.6.2.bn2.weight"", ""model.6.2.bn2.bias"", ""model.6.2.bn2.running_mean"", ""model.6.2.bn2.running_var"", ""model.6.2.conv3.weight"", ""model.6.2.bn3.weight"", ""model.6.2.bn3.bias"", ""model.6.2.bn3.running_mean"", ""model.6.2.bn3.running_var"", ""fc.weight"", ""fc.bias"". \n\tUnexpected key(s) in state_dict: ""normalize.mean"", ""normalize.std"", ""model.model.0.weight"", ""model.model.1.weight"", ""model.model.1.bias"", ""model.model.1.running_mean"", ""model.model.1.running_var"", ""model.model.1.num_batches_tracked"", ""model.model.2.0.conv1.weight"", ""model.model.2.0.bn1.weight"", ""model.model.2.0.bn1.bias"", ""model.model.2.0.bn1.running_mean"", ""model.model.2.0.bn1.running_var"", ""model.model.2.0.bn1.num_batches_tracked"", ""model.model.2.0.conv2.weight"", ""model.model.2.0.bn2.weight"", ""model.model.2.0.bn2.bias"", ""model.model.2.0.bn2.running_mean"", ""model.model.2.0.bn2.running_var"", ""model.model.2.0.bn2.num_batches_tracked"", ""model.model.2.0.conv3.weight"", ""model.model.2.0.bn3.weight"", ""model.model.2.0.bn3.bias"", ""model.model.2.0.bn3.running_mean"", ""model.model.2.0.bn3.running_var"", ""model.model.2.0.bn3.num_batches_tracked"", ""model.model.2.0.shortcut.0.weight"", ""model.model.2.0.shortcut.1.weight"", ""model.model.2.0.shortcut.1.bias"", ""model.model.2.0.shortcut.1.running_mean"", ""model.model.2.0.shortcut.1.running_var"", ""model.model.2.0.shortcut.1.num_batches_tracked"", ""model.model.2.1.conv1.weight"", ""model.model.2.1.bn1.weight"", ""model.model.2.1.bn1.bias"", ""model.model.2.1.bn1.running_mean"", ""model.model.2.1.bn1.running_var"", ""model.model.2.1.bn1.num_batches_tracked"", ""model.model.2.1.conv2.weight"", ""model.model.2.1.bn2.weight"", ""model.model.2.1.bn2.bias"", ""model.model.2.1.bn2.running_mean"", ""model.model.2.1.bn2.running_var"", ""model.model.2.1.bn2.num_batches_tracked"", ""model.model.2.1.conv3.weight"", ""model.model.2.1.bn3.weight"", ""model.model.2.1.bn3.bias"", ""model.model.2.1.bn3.running_mean"", ""model.model.2.1.bn3.running_var"", ""model.model.2.1.bn3.num_batches_tracked"", ""model.model.2.2.conv1.weight"", ""model.model.2.2.bn1.weight"", ""model.model.2.2.bn1.bias"", ""model.model.2.2.bn1.running_mean"", ""model.model.2.2.bn1.running_var"", ""model.model.2.2.bn1.num_batches_tracked"", ""model.model.2.2.conv2.weight"", ""model.model.2.2.bn2.weight"", ""model.model.2.2.bn2.bias"", ""model.model.2.2.bn2.running_mean"", ""model.model.2.2.bn2.running_var"", ""model.model.2.2.bn2.num_batches_tracked"", ""model.model.2.2.conv3.weight"", ""model.model.2.2.bn3.weight"", ""model.model.2.2.bn3.bias"", ""model.model.2.2.bn3.running_mean"", ""model.model.2.2.bn3.running_var"", ""model.model.2.2.bn3.num_batches_tracked"", ""model.model.3.0.conv1.weight"", ""model.model.3.0.bn1.weight"", ""model.model.3.0.bn1.bias"", ""model.model.3.0.bn1.running_mean"", ""model.model.3.0.bn1.running_var"", ""model.model.3.0.bn1.num_batches_tracked"", ""model.model.3.0.conv2.weight"", ""model.model.3.0.bn2.weight"", ""model.model.3.0.bn2.bias"", ""model.model.3.0.bn2.running_mean"", ""model.model.3.0.bn2.running_var"", ""model.model.3.0.bn2.num_batches_tracked"", ""model.model.3.0.conv3.0.w"", ""model.model.3.0.conv3.1.weight"", ""model.model.3.0.bn3.weight"", ""model.model.3.0.bn3.bias"", ""model.model.3.0.bn3.running_mean"", ""model.model.3.0.bn3.running_var"", ""model.model.3.0.bn3.num_batches_tracked"", ""model.model.3.0.shortcut.0.w"", ""model.model.3.0.shortcut.1.weight"", ""model.model.3.0.shortcut.2.weight"", ""model.model.3.0.shortcut.2.bias"", ""model.model.3.0.shortcut.2.running_mean"", ""model.model.3.0.shortcut.2.running_var"", ""model.model.3.0.shortcut.2.num_batches_tracked"", ""model.model.3.1.conv1.weight"", ""model.model.3.1.bn1.weight"", ""model.model.3.1.bn1.bias"", ""model.model.3.1.bn1.running_mean"", ""model.model.3.1.bn1.running_var"", ""model.model.3.1.bn1.num_batches_tracked"", ""model.model.3.1.conv2.weight"", ""model.model.3.1.bn2.weight"", ""model.model.3.1.bn2.bias"", ""model.model.3.1.bn2.running_mean"", ""model.model.3.1.bn2.running_var"", ""model.model.3.1.bn2.num_batches_tracked"", ""model.model.3.1.conv3.weight"", ""model.model.3.1.bn3.weight"", ""model.model.3.1.bn3.bias"", ""model.model.3.1.bn3.running_mean"", ""model.model.3.1.bn3.running_var"", ""model.model.3.1.bn3.num_batches_tracked"", ""model.model.3.2.conv1.weight"", ""model.model.3.2.bn1.weight"", ""model.model.3.2.bn1.bias"", ""model.model.3.2.bn1.running_mean"", ""model.model.3.2.bn1.running_var"", ""model.model.3.2.bn1.num_batches_tracked"", ""model.model.3.2.conv2.weight"", ""model.model.3.2.bn2.weight"", ""model.model.3.2.bn2.bias"", ""model.model.3.2.bn2.running_mean"", ""model.model.3.2.bn2.running_var"", ""model.model.3.2.bn2.num_batches_tracked"", ""model.model.3.2.conv3.weight"", ""model.model.3.2.bn3.weight"", ""model.model.3.2.bn3.bias"", ""model.model.3.2.bn3.running_mean"", ""model.model.3.2.bn3.running_var"", ""model.model.3.2.bn3.num_batches_tracked"", ""model.model.3.3.conv1.weight"", ""model.model.3.3.bn1.weight"", ""model.model.3.3.bn1.bias"", ""model.model.3.3.bn1.running_mean"", ""model.model.3.3.bn1.running_var"", ""model.model.3.3.bn1.num_batches_tracked"", ""model.model.3.3.conv2.weight"", ""model.model.3.3.bn2.weight"", ""model.model.3.3.bn2.bias"", ""model.model.3.3.bn2.running_mean"", ""model.model.3.3.bn2.running_var"", ""model.model.3.3.bn2.num_batches_tracked"", ""model.model.3.3.conv3.weight"", ""model.model.3.3.bn3.weight"", ""model.model.3.3.bn3.bias"", ""model.model.3.3.bn3.running_mean"", ""model.model.3.3.bn3.running_var"", ""model.model.3.3.bn3.num_batches_tracked"", ""model.model.4.0.conv1.weight"", ""model.model.4.0.bn1.weight"", ""model.model.4.0.bn1.bias"", ""model.model.4.0.bn1.running_mean"", ""model.model.4.0.bn1.running_var"", ""model.model.4.0.bn1.num_batches_tracked"", ""model.model.4.0.conv2.weight"", ""model.model.4.0.bn2.weight"", ""model.model.4.0.bn2.bias"", ""model.model.4.0.bn2.running_mean"", ""model.model.4.0.bn2.running_var"", ""model.model.4.0.bn2.num_batches_tracked"", ""model.model.4.0.conv3.0.w"", ""model.model.4.0.conv3.1.weight"", ""model.model.4.0.bn3.weight"", ""model.model.4.0.bn3.bias"", ""model.model.4.0.bn3.running_mean"", ""model.model.4.0.bn3.running_var"", ""model.model.4.0.bn3.num_batches_tracked"", ""model.model.4.0.shortcut.0.w"", ""model.model.4.0.shortcut.1.weight"", ""model.model.4.0.shortcut.2.weight"", ""model.model.4.0.shortcut.2.bias"", ""model.model.4.0.shortcut.2.running_mean"", ""model.model.4.0.shortcut.2.running_var"", ""model.model.4.0.shortcut.2.num_batches_tracked"", ""model.model.4.1.conv1.weight"", ""model.model.4.1.bn1.weight"", ""model.model.4.1.bn1.bias"", ""model.model.4.1.bn1.running_mean"", ""model.model.4.1.bn1.running_var"", ""model.model.4.1.bn1.num_batches_tracked"", ""model.model.4.1.conv2.weight"", ""model.model.4.1.bn2.weight"", ""model.model.4.1.bn2.bias"", ""model.model.4.1.bn2.running_mean"", ""model.model.4.1.bn2.running_var"", ""model.model.4.1.bn2.num_batches_tracked"", ""model.model.4.1.conv3.weight"", ""model.model.4.1.bn3.weight"", ""model.model.4.1.bn3.bias"", ""model.model.4.1.bn3.running_mean"", ""model.model.4.1.bn3.running_var"", ""model.model.4.1.bn3.num_batches_tracked"", ""model.model.4.2.conv1.weight"", ""model.model.4.2.bn1.weight"", ""model.model.4.2.bn1.bias"", ""model.model.4.2.bn1.running_mean"", ""model.model.4.2.bn1.running_var"", ""model.model.4.2.bn1.num_batches_tracked"", ""model.model.4.2.conv2.weight"", ""model.model.4.2.bn2.weight"", ""model.model.4.2.bn2.bias"", ""model.model.4.2.bn2.running_mean"", ""model.model.4.2.bn2.running_var"", ""model.model.4.2.bn2.num_batches_tracked"", ""model.model.4.2.conv3.weight"", ""model.model.4.2.bn3.weight"", ""model.model.4.2.bn3.bias"", ""model.model.4.2.bn3.running_mean"", ""model.model.4.2.bn3.running_var"", ""model.model.4.2.bn3.num_batches_tracked"", ""model.model.4.3.conv1.weight"", ""model.model.4.3.bn1.weight"", ""model.model.4.3.bn1.bias"", ""model.model.4.3.bn1.running_mean"", ""model.model.4.3.bn1.running_var"", ""model.model.4.3.bn1.num_batches_tracked"", ""model.model.4.3.conv2.weight"", ""model.model.4.3.bn2.weight"", ""model.model.4.3.bn2.bias"", ""model.model.4.3.bn2.running_mean"", ""model.model.4.3.bn2.running_var"", ""model.model.4.3.bn2.num_batches_tracked"", ""model.model.4.3.conv3.weight"", ""model.model.4.3.bn3.weight"", ""model.model.4.3.bn3.bias"", ""model.model.4.3.bn3.running_mean"", ""model.model.4.3.bn3.running_var"", ""model.model.4.3.bn3.num_batches_tracked"", ""model.model.4.4.conv1.weight"", ""model.model.4.4.bn1.weight"", ""model.model.4.4.bn1.bias"", ""model.model.4.4.bn1.running_mean"", ""model.model.4.4.bn1.running_var"", ""model.model.4.4.bn1.num_batches_tracked"", ""model.model.4.4.conv2.weight"", ""model.model.4.4.bn2.weight"", ""model.model.4.4.bn2.bias"", ""model.model.4.4.bn2.running_mean"", ""model.model.4.4.bn2.running_var"", ""model.model.4.4.bn2.num_batches_tracked"", ""model.model.4.4.conv3.weight"", ""model.model.4.4.bn3.weight"", ""model.model.4.4.bn3.bias"", ""model.model.4.4.bn3.running_mean"", ""model.model.4.4.bn3.running_var"", ""model.model.4.4.bn3.num_batches_tracked"", ""model.model.4.5.conv1.weight"", ""model.model.4.5.bn1.weight"", ""model.model.4.5.bn1.bias"", ""model.model.4.5.bn1.running_mean"", ""model.model.4.5.bn1.running_var"", ""model.model.4.5.bn1.num_batches_tracked"", ""model.model.4.5.conv2.weight"", ""model.model.4.5.bn2.weight"", ""model.model.4.5.bn2.bias"", ""model.model.4.5.bn2.running_mean"", ""model.model.4.5.bn2.running_var"", ""model.model.4.5.bn2.num_batches_tracked"", ""model.model.4.5.conv3.weight"", ""model.model.4.5.bn3.weight"", ""model.model.4.5.bn3.bias"", ""model.model.4.5.bn3.running_mean"", ""model.model.4.5.bn3.running_var"", ""model.model.4.5.bn3.num_batches_tracked"", ""model.model.5.0.conv1.weight"", ""model.model.5.0.bn1.weight"", ""model.model.5.0.bn1.bias"", ""model.model.5.0.bn1.running_mean"", ""model.model.5.0.bn1.running_var"", ""model.model.5.0.bn1.num_batches_tracked"", ""model.model.5.0.conv2.weight"", ""model.model.5.0.bn2.weight"", ""model.model.5.0.bn2.bias"", ""model.model.5.0.bn2.running_mean"", ""model.model.5.0.bn2.running_var"", ""model.model.5.0.bn2.num_batches_tracked"", ""model.model.5.0.conv3.0.w"", ""model.model.5.0.conv3.1.weight"", ""model.model.5.0.bn3.weight"", ""model.model.5.0.bn3.bias"", ""model.model.5.0.bn3.running_mean"", ""model.model.5.0.bn3.running_var"", ""model.model.5.0.bn3.num_batches_tracked"", ""model.model.5.0.shortcut.0.w"", ""model.model.5.0.shortcut.1.weight"", ""model.model.5.0.shortcut.2.weight"", ""model.model.5.0.shortcut.2.bias"", ""model.model.5.0.shortcut.2.running_mean"", ""model.model.5.0.shortcut.2.running_var"", ""model.model.5.0.shortcut.2.num_batches_tracked"", ""model.model.5.1.conv1.weight"", ""model.model.5.1.bn1.weight"", ""model.model.5.1.bn1.bias"", ""model.model.5.1.bn1.running_mean"", ""model.model.5.1.bn1.running_var"", ""model.model.5.1.bn1.num_batches_tracked"", ""model.model.5.1.conv2.weight"", ""model.model.5.1.bn2.weight"", ""model.model.5.1.bn2.bias"", ""model.model.5.1.bn2.running_mean"", ""model.model.5.1.bn2.running_var"", ""model.model.5.1.bn2.num_batches_tracked"", ""model.model.5.1.conv3.weight"", ""model.model.5.1.bn3.weight"", ""model.model.5.1.bn3.bias"", ""model.model.5.1.bn3.running_mean"", ""model.model.5.1.bn3.running_var"", ""model.model.5.1.bn3.num_batches_tracked"", ""model.model.5.2.conv1.weight"", ""model.model.5.2.bn1.weight"", ""model.model.5.2.bn1.bias"", ""model.model.5.2.bn1.running_mean"", ""model.model.5.2.bn1.running_var"", ""model.model.5.2.bn1.num_batches_tracked"", ""model.model.5.2.conv2.weight"", ""model.model.5.2.bn2.weight"", ""model.model.5.2.bn2.bias"", ""model.model.5.2.bn2.running_mean"", ""model.model.5.2.bn2.running_var"", ""model.model.5.2.bn2.num_batches_tracked"", ""model.model.5.2.conv3.weight"", ""model.model.5.2.bn3.weight"", ""model.model.5.2.bn3.bias"", ""model.model.5.2.bn3.running_mean"", ""model.model.5.2.bn3.running_var"", ""model.model.5.2.bn3.num_batches_tracked"", ""model.fc.weight"", ""model.fc.bias"". \nbackbone/as_saved/strict=False: missing=[\'model.0.weight\', \'model.1.weight\', \'model.1.bias\', \'model.1.running_mean\', \'model.1.running_var\', \'model.3.0.conv1.weight\', \'model.3.0.bn1.weight\', \'model.3.0.bn1.bias\'], unexpected=[\'normalize.mean\', \'normalize.std\', \'model.model.0.weight\', \'model.model.1.weight\', \'model.model.1.bias\', \'model.model.1.running_mean\', \'model.model.1.running_var\', \'model.model.1.num_batches_tracked\']')"
models/cifar100/Linf/ResNet_LipReg_AA-TRADES.pt,lipreg_aa,,,,,,,,,,,,,,,cuda,1.111,load_failed,"RuntimeError('Could not load ResNet_LipReg_AA-TRADES.pt as lipreg_aa. Last attempts:\nwrapper/prefixed_for_wrapper/strict=True: Error(s) in loading state_dict for Sequential:\n\tMissing key(s) in state_dict: ""model.model.3.0.conv3.weight"", ""model.model.3.0.shortcut.0.weight"", ""model.model.3.0.shortcut.1.bias"", ""model.model.3.0.shortcut.1.running_mean"", ""model.model.3.0.shortcut.1.running_var"", ""model.model.5.3.conv1.weight"", ""model.model.5.3.bn1.weight"", ""model.model.5.3.bn1.bias"", ""model.model.5.3.bn1.running_mean"", ""model.model.5.3.bn1.running_var"", ""model.model.5.3.conv2.weight"", ""model.model.5.3.bn2.weight"", ""model.model.5.3.bn2.bias"", ""model.model.5.3.bn2.running_mean"", ""model.model.5.3.bn2.running_var"", ""model.model.5.3.conv3.weight"", ""model.model.5.3.bn3.weight"", ""model.model.5.3.bn3.bias"", ""model.model.5.3.bn3.running_mean"", ""model.model.5.3.bn3.running_var"", ""model.model.5.4.conv1.weight"", ""model.model.5.4.bn1.weight"", ""model.model.5.4.bn1.bias"", ""model.model.5.4.bn1.running_mean"", ""model.model.5.4.bn1.running_var"", ""model.model.5.4.conv2.weight"", ""model.model.5.4.bn2.weight"", ""model.model.5.4.bn2.bias"", ""model.model.5.4.bn2.running_mean"", ""model.model.5.4.bn2.running_var"", ""model.model.5.4.conv3.weight"", ""model.model.5.4.bn3.weight"", ""model.model.5.4.bn3.bias"", ""model.model.5.4.bn3.running_mean"", ""model.model.5.4.bn3.running_var"", ""model.model.5.5.conv1.weight"", ""model.model.5.5.bn1.weight"", ""model.model.5.5.bn1.bias"", ""model.model.5.5.bn1.running_mean"", ""model.model.5.5.bn1.running_var"", ""model.model.5.5.conv2.weight"", ""model.model.5.5.bn2.weight"", ""model.model.5.5.bn2.bias"", ""model.model.5.5.bn2.running_mean"", ""model.model.5.5.bn2.running_var"", ""model.model.5.5.conv3.weight"", ""model.model.5.5.bn3.weight"", ""model.model.5.5.bn3.bias"", ""model.model.5.5.bn3.running_mean"", ""model.model.5.5.bn3.running_var"", ""model.model.6.0.conv1.weight"", ""model.model.6.0.bn1.weight"", ""model.model.6.0.bn1.bias"", ""model.model.6.0.bn1.running_mean"", ""model.model.6.0.bn1.running_var"", ""model.model.6.0.conv2.weight"", ""model.model.6.0.bn2.weight"", ""model.model.6.0.bn2.bias"", ""model.model.6.0.bn2.running_mean"", ""model.model.6.0.bn2.running_var"", ""model.model.6.0.conv3.0.w"", ""model.model.6.0.conv3.1.weight"", ""model.model.6.0.bn3.weight"", ""model.model.6.0.bn3.bias"", ""model.model.6.0.bn3.running_mean"", ""model.model.6.0.bn3.running_var"", ""model.model.6.0.shortcut.0.w"", ""model.model.6.0.shortcut.1.weight"", ""model.model.6.0.shortcut.2.weight"", ""model.model.6.0.shortcut.2.bias"", ""model.model.6.0.shortcut.2.running_mean"", ""model.model.6.0.shortcut.2.running_var"", ""model.model.6.1.conv1.weight"", ""model.model.6.1.bn1.weight"", ""model.model.6.1.bn1.bias"", ""model.model.6.1.bn1.running_mean"", ""model.model.6.1.bn1.running_var"", ""model.model.6.1.conv2.weight"", ""model.model.6.1.bn2.weight"", ""model.model.6.1.bn2.bias"", ""model.model.6.1.bn2.running_mean"", ""model.model.6.1.bn2.running_var"", ""model.model.6.1.conv3.weight"", ""model.model.6.1.bn3.weight"", ""model.model.6.1.bn3.bias"", ""model.model.6.1.bn3.running_mean"", ""model.model.6.1.bn3.running_var"", ""model.model.6.2.conv1.weight"", ""model.model.6.2.bn1.weight"", ""model.model.6.2.bn1.bias"", ""model.model.6.2.bn1.running_mean"", ""model.model.6.2.bn1.running_var"", ""model.model.6.2.conv2.weight"", ""model.model.6.2.bn2.weight"", ""model.model.6.2.bn2.bias"", ""model.model.6.2.bn2.running_mean"", ""model.model.6.2.bn2.running_var"", ""model.model.6.2.conv3.weight"", ""model.model.6.2.bn3.weight"", ""model.model.6.2.bn3.bias"", ""model.model.6.2.bn3.running_mean"", ""model.model.6.2.bn3.running_var"". \n\tUnexpected key(s) in state_dict: ""model.model.2.0.conv1.weight"", ""model.model.2.0.bn1.weight"", ""model.model.2.0.bn1.bias"", ""model.model.2.0.bn1.running_mean"", ""model.model.2.0.bn1.running_var"", ""model.model.2.0.bn1.num_batches_tracked"", ""model.model.2.0.conv2.weight"", ""model.model.2.0.bn2.weight"", ""model.model.2.0.bn2.bias"", ""model.model.2.0.bn2.running_mean"", ""model.model.2.0.bn2.running_var"", ""model.model.2.0.bn2.num_batches_tracked"", ""model.model.2.0.conv3.weight"", ""model.model.2.0.bn3.weight"", ""model.model.2.0.bn3.bias"", ""model.model.2.0.bn3.running_mean"", ""model.model.2.0.bn3.running_var"", ""model.model.2.0.bn3.num_batches_tracked"", ""model.model.2.0.shortcut.0.weight"", ""model.model.2.0.shortcut.1.weight"", ""model.model.2.0.shortcut.1.bias"", ""model.model.2.0.shortcut.1.running_mean"", ""model.model.2.0.shortcut.1.running_var"", ""model.model.2.0.shortcut.1.num_batches_tracked"", ""model.model.2.1.conv1.weight"", ""model.model.2.1.bn1.weight"", ""model.model.2.1.bn1.bias"", ""model.model.2.1.bn1.running_mean"", ""model.model.2.1.bn1.running_var"", ""model.model.2.1.bn1.num_batches_tracked"", ""model.model.2.1.conv2.weight"", ""model.model.2.1.bn2.weight"", ""model.model.2.1.bn2.bias"", ""model.model.2.1.bn2.running_mean"", ""model.model.2.1.bn2.running_var"", ""model.model.2.1.bn2.num_batches_tracked"", ""model.model.2.1.conv3.weight"", ""model.model.2.1.bn3.weight"", ""model.model.2.1.bn3.bias"", ""model.model.2.1.bn3.running_mean"", ""model.model.2.1.bn3.running_var"", ""model.model.2.1.bn3.num_batches_tracked"", ""model.model.2.2.conv1.weight"", ""model.model.2.2.bn1.weight"", ""model.model.2.2.bn1.bias"", ""model.model.2.2.bn1.running_mean"", ""model.model.2.2.bn1.running_var"", ""model.model.2.2.bn1.num_batches_tracked"", ""model.model.2.2.conv2.weight"", ""model.model.2.2.bn2.weight"", ""model.model.2.2.bn2.bias"", ""model.model.2.2.bn2.running_mean"", ""model.model.2.2.bn2.running_var"", ""model.model.2.2.bn2.num_batches_tracked"", ""model.model.2.2.conv3.weight"", ""model.model.2.2.bn3.weight"", ""model.model.2.2.bn3.bias"", ""model.model.2.2.bn3.running_mean"", ""model.model.2.2.bn3.running_var"", ""model.model.2.2.bn3.num_batches_tracked"", ""model.model.3.3.conv1.weight"", ""model.model.3.3.bn1.weight"", ""model.model.3.3.bn1.bias"", ""model.model.3.3.bn1.running_mean"", ""model.model.3.3.bn1.running_var"", ""model.model.3.3.bn1.num_batches_tracked"", ""model.model.3.3.conv2.weight"", ""model.model.3.3.bn2.weight"", ""model.model.3.3.bn2.bias"", ""model.model.3.3.bn2.running_mean"", ""model.model.3.3.bn2.running_var"", ""model.model.3.3.bn2.num_batches_tracked"", ""model.model.3.3.conv3.weight"", ""model.model.3.3.bn3.weight"", ""model.model.3.3.bn3.bias"", ""model.model.3.3.bn3.running_mean"", ""model.model.3.3.bn3.running_var"", ""model.model.3.3.bn3.num_batches_tracked"", ""model.model.3.0.conv3.0.w"", ""model.model.3.0.conv3.1.weight"", ""model.model.3.0.shortcut.2.weight"", ""model.model.3.0.shortcut.2.bias"", ""model.model.3.0.shortcut.2.running_mean"", ""model.model.3.0.shortcut.2.running_var"", ""model.model.3.0.shortcut.2.num_batches_tracked"", ""model.model.3.0.shortcut.0.w"", ""model.model.4.4.conv1.weight"", ""model.model.4.4.bn1.weight"", ""model.model.4.4.bn1.bias"", ""model.model.4.4.bn1.running_mean"", ""model.model.4.4.bn1.running_var"", ""model.model.4.4.bn1.num_batches_tracked"", ""model.model.4.4.conv2.weight"", ""model.model.4.4.bn2.weight"", ""model.model.4.4.bn2.bias"", ""model.model.4.4.bn2.running_mean"", ""model.model.4.4.bn2.running_var"", ""model.model.4.4.bn2.num_batches_tracked"", ""model.model.4.4.conv3.weight"", ""model.model.4.4.bn3.weight"", ""model.model.4.4.bn3.bias"", ""model.model.4.4.bn3.running_mean"", ""model.model.4.4.bn3.running_var"", ""model.model.4.4.bn3.num_batches_tracked"", ""model.model.4.5.conv1.weight"", ""model.model.4.5.bn1.weight"", ""model.model.4.5.bn1.bias"", ""model.model.4.5.bn1.running_mean"", ""model.model.4.5.bn1.running_var"", ""model.model.4.5.bn1.num_batches_tracked"", ""model.model.4.5.conv2.weight"", ""model.model.4.5.bn2.weight"", ""model.model.4.5.bn2.bias"", ""model.model.4.5.bn2.running_mean"", ""model.model.4.5.bn2.running_var"", ""model.model.4.5.bn2.num_batches_tracked"", ""model.model.4.5.conv3.weight"", ""model.model.4.5.bn3.weight"", ""model.model.4.5.bn3.bias"", ""model.model.4.5.bn3.running_mean"", ""model.model.4.5.bn3.running_var"", ""model.model.4.5.bn3.num_batches_tracked"". \n\tsize mismatch for model.model.3.0.conv1.weight: copying a param with shape torch.Size([128, 256, 1, 1]) from checkpoint, the shape in current model is torch.Size([64, 64, 1, 1]).\n\tsize mismatch for model.model.3.0.bn1.weight: copying a param with shape torch.Size([128]) from checkpoint, the shape in current model is torch.Size([64]).\n\tsize mismatch for model.model.3.0.bn1.bias: copying a param with shape torch.Size([128]) from checkpoint, the shape in current model is torch.Size([64]).\n\tsize mismatch for model.model.3.0.bn1.running_mean: copying a param with shape torch.Size([128]) from checkpoint, the shape in current model is torch.Size([64]).\n\tsize mismatch for model.model.3.0.bn1.running_var: copying a param with shape torch.Size([128]) from checkpoint, the shape in current model is torch.Size([64]).\n\tsize mismatch for model.model.3.0.conv2.weight: copying a param with shape torch.Size([128, 128, 3, 3]) from checkpoint, the shape in current model is torch.Size([64, 64, 3, 3]).\n\tsize mismatch for model.model.3.0.bn2.weight: copying a param with shape torch.Size([128]) from checkpoint, the shape in current model is torch.Size([64]).\n\tsize mismatch for model.model.3.0.bn2.bias: copying a param with shape torch.Size([128]) from checkpoint, the shape in current model is torch.Size([64]).\n\tsize mismatch for model.model.3.0.bn2.running_mean: copying a param with shape torch.Size([128]) from checkpoint, the shape in current model is torch.Size([64]).\n\tsize mismatch for model.model.3.0.bn2.running_var: copying a param with shape torch.Size([128]) from checkpoint, the shape in current model is torch.Size([64]).\n\tsize mismatch for model.model.3.0.bn3.weight: copying a param with shape torch.Size([512]) from checkpoint, the shape in current model is torch.Size([256]).\n\tsize mismatch for model.model.3.0.bn3.bias: copying a param with shape torch.Size([512]) from checkpoint, the shape in current model is torch.Size([256]).\n\tsize mismatch for model.model.3.0.bn3.running_mean: copying a param with shape torch.Size([512]) from checkpoint, the shape in current model is torch.Size([256]).\n\tsize mismatch for model.model.3.0.bn3.running_var: copying a param with shape torch.Size([512]) from checkpoint, the shape in current model is torch.Size([256]).\n\tsize mismatch for model.model.3.0.shortcut.1.weight: copying a param with shape torch.Size([512, 256, 1, 1]) from checkpoint, the shape in current model is torch.Size([256]).\n\tsize mismatch for model.model.3.1.conv1.weight: copying a param with shape torch.Size([128, 512, 1, 1]) from checkpoint, the shape in current model is torch.Size([64, 256, 1, 1]).\n\tsize mismatch for model.model.3.1.bn1.weight: copying a param with shape torch.Size([128]) from checkpoint, the shape in current model is torch.Size([64]).\n\tsize mismatch for model.model.3.1.bn1.bias: copying a param with shape torch.Size([128]) from checkpoint, the shape in current model is torch.Size([64]).\n\tsize mismatch for model.model.3.1.bn1.running_mean: copying a param with shape torch.Size([128]) from checkpoint, the shape in current model is torch.Size([64]).\n\tsize mismatch for model.model.3.1.bn1.running_var: copying a param with shape torch.Size([128]) from checkpoint, the shape in current model is torch.Size([64]).\n\tsize mismatch for model.model.3.1.conv2.weight: copying a param with shape torch.Size([128, 128, 3, 3]) from checkpoint, the shape in current model is torch.Size([64, 64, 3, 3]).\n\tsize mismatch for model.model.3.1.bn2.weight: copying a param with shape torch.Size([128]) from checkpoint, the shape in current model is torch.Size([64]).\n\tsize mismatch for model.model.3.1.bn2.bias: copying a param with shape torch.Size([128]) from checkpoint, the shape in current model is torch.Size([64]).\n\tsize mismatch for model.model.3.1.bn2.running_mean: copying a param with shape torch.Size([128]) from checkpoint, the shape in current model is torch.Size([64]).\n\tsize mismatch for model.model.3.1.bn2.running_var: copying a param with shape torch.Size([128]) from checkpoint, the shape in current model is torch.Size([64]).\n\tsize mismatch for model.model.3.1.conv3.weight: copying a param with shape torch.Size([512, 128, 1, 1]) from checkpoint, the shape in current model is torch.Size([256, 64, 1, 1]).\n\tsize mismatch for model.model.3.1.bn3.weight: copying a param with shape torch.Size([512]) from checkpoint, the shape in current model is torch.Size([256]).\n\tsize mismatch for model.model.3.1.bn3.bias: copying a param with shape torch.Size([512]) from checkpoint, the shape in current model is torch.Size([256]).\n\tsize mismatch for model.model.3.1.bn3.running_mean: copying a param with shape torch.Size([512]) from checkpoint, the shape in current model is torch.Size([256]).\n\tsize mismatch for model.model.3.1.bn3.running_var: copying a param with shape torch.Size([512]) from checkpoint, the shape in current model is torch.Size([256]).\n\tsize mismatch for model.model.3.2.conv1.weight: copying a param with shape torch.Size([128, 512, 1, 1]) from checkpoint, the shape in current model is torch.Size([64, 256, 1, 1]).\n\tsize mismatch for model.model.3.2.bn1.weight: copying a param with shape torch.Size([128]) from checkpoint, the shape in current model is torch.Size([64]).\n\tsize mismatch for model.model.3.2.bn1.bias: copying a param with shape torch.Size([128]) from checkpoint, the shape in current model is torch.Size([64]).\n\tsize mismatch for model.model.3.2.bn1.running_mean: copying a param with shape torch.Size([128]) from checkpoint, the shape in current model is torch.Size([64]).\n\tsize mismatch for model.model.3.2.bn1.running_var: copying a param with shape torch.Size([128]) from checkpoint, the shape in current model is torch.Size([64]).\n\tsize mismatch for model.model.3.2.conv2.weight: copying a param with shape torch.Size([128, 128, 3, 3]) from checkpoint, the shape in current model is torch.Size([64, 64, 3, 3]).\n\tsize mismatch for model.model.3.2.bn2.weight: copying a param with shape torch.Size([128]) from checkpoint, the shape in current model is torch.Size([64]).\n\tsize mismatch for model.model.3.2.bn2.bias: copying a param with shape torch.Size([128]) from checkpoint, the shape in current model is torch.Size([64]).\n\tsize mismatch for model.model.3.2.bn2.running_mean: copying a param with shape torch.Size([128]) from checkpoint, the shape in current model is torch.Size([64]).\n\tsize mismatch for model.model.3.2.bn2.running_var: copying a param with shape torch.Size([128]) from checkpoint, the shape in current model is torch.Size([64]).\n\tsize mismatch for model.model.3.2.conv3.weight: copying a param with shape torch.Size([512, 128, 1, 1]) from checkpoint, the shape in current model is torch.Size([256, 64, 1, 1]).\n\tsize mismatch for model.model.3.2.bn3.weight: copying a param with shape torch.Size([512]) from checkpoint, the shape in current model is torch.Size([256]).\n\tsize mismatch for model.model.3.2.bn3.bias: copying a param with shape torch.Size([512]) from checkpoint, the shape in current model is torch.Size([256]).\n\tsize mismatch for model.model.3.2.bn3.running_mean: copying a param with shape torch.Size([512]) from checkpoint, the shape in current model is torch.Size([256]).\n\tsize mismatch for model.model.3.2.bn3.running_var: copying a param with shape torch.Size([512]) from checkpoint, the shape in current model is torch.Size([256]).\n\tsize mismatch for model.model.4.0.conv1.weight: copying a param with shape torch.Size([256, 512, 1, 1]) from checkpoint, the shape in current model is torch.Size([128, 256, 1, 1]).\n\tsize mismatch for model.model.4.0.bn1.weight: copying a param with shape torch.Size([256]) from checkpoint, the shape in current model is torch.Size([128]).\n\tsize mismatch for model.model.4.0.bn1.bias: copying a param with shape torch.Size([256]) from checkpoint, the shape in current model is torch.Size([128]).\n\tsize mismatch for model.model.4.0.bn1.running_mean: copying a param with shape torch.Size([256]) from checkpoint, the shape in current model is torch.Size([128]).\n\tsize mismatch for model.model.4.0.bn1.running_var: copying a param with shape torch.Size([256]) from checkpoint, the shape in current model is torch.Size([128]).\n\tsize mismatch for model.model.4.0.conv2.weight: copying a param with shape torch.Size([256, 256, 3, 3]) from checkpoint, the shape in current model is torch.Size([128, 128, 3, 3]).\n\tsize mismatch for model.model.4.0.bn2.weight: copying a param with shape torch.Size([256]) from checkpoint, the shape in current model is torch.Size([128]).\n\tsize mismatch for model.model.4.0.bn2.bias: copying a param with shape torch.Size([256]) from checkpoint, the shape in current model is torch.Size([128]).\n\tsize mismatch for model.model.4.0.bn2.running_mean: copying a param with shape torch.Size([256]) from checkpoint, the shape in current model is torch.Size([128]).\n\tsize mismatch for model.model.4.0.bn2.running_var: copying a param with shape torch.Size([256]) from checkpoint, the shape in current model is torch.Size([128]).\n\tsize mismatch for model.model.4.0.conv3.1.weight: copying a param with shape torch.Size([1024, 256, 1, 1]) from checkpoint, the shape in current model is torch.Size([512, 128, 1, 1]).\n\tsize mismatch for model.model.4.0.bn3.weight: copying a param with shape torch.Size([1024]) from checkpoint, the shape in current model is torch.Size([512]).\n\tsize mismatch for model.model.4.0.bn3.bias: copying a param with shape torch.Size([1024]) from checkpoint, the shape in current model is torch.Size([512]).\n\tsize mismatch for model.model.4.0.bn3.running_mean: copying a param with shape torch.Size([1024]) from checkpoint, the shape in current model is torch.Size([512]).\n\tsize mismatch for model.model.4.0.bn3.running_var: copying a param with shape torch.Size([1024]) from checkpoint, the shape in current model is torch.Size([512]).\n\tsize mismatch for model.model.4.0.shortcut.1.weight: copying a param with shape torch.Size([1024, 512, 1, 1]) from checkpoint, the shape in current model is torch.Size([512, 256, 1, 1]).\n\tsize mismatch for model.model.4.0.shortcut.2.weight: copying a param with shape torch.Size([1024]) from checkpoint, the shape in current model is torch.Size([512]).\n\tsize mismatch for model.model.4.0.shortcut.2.bias: copying a param with shape torch.Size([1024]) from checkpoint, the shape in current model is torch.Size([512]).\n\tsize mismatch for model.model.4.0.shortcut.2.running_mean: copying a param with shape torch.Size([1024]) from checkpoint, the shape in current model is torch.Size([512]).\n\tsize mismatch for model.model.4.0.shortcut.2.running_var: copying a param with shape torch.Size([1024]) from checkpoint, the shape in current model is torch.Size([512]).\n\tsize mismatch for model.model.4.1.conv1.weight: copying a param with shape torch.Size([256, 1024, 1, 1]) from checkpoint, the shape in current model is torch.Size([128, 512, 1, 1]).\n\tsize mismatch for model.model.4.1.bn1.weight: copying a param with shape torch.Size([256]) from checkpoint, the shape in current model is torch.Size([128]).\n\tsize mismatch for model.model.4.1.bn1.bias: copying a param with shape torch.Size([256]) from checkpoint, the shape in current model is torch.Size([128]).\n\tsize mismatch for model.model.4.1.bn1.running_mean: copying a param with shape torch.Size([256]) from checkpoint, the shape in current model is torch.Size([128]).\n\tsize mismatch for model.model.4.1.bn1.running_var: copying a param with shape torch.Size([256]) from checkpoint, the shape in current model is torch.Size([128]).\n\tsize mismatch for model.model.4.1.conv2.weight: copying a param with shape torch.Size([256, 256, 3, 3]) from checkpoint, the shape in current model is torch.Size([128, 128, 3, 3]).\n\tsize mismatch for model.model.4.1.bn2.weight: copying a param with shape torch.Size([256]) from checkpoint, the shape in current model is torch.Size([128]).\n\tsize mismatch for model.model.4.1.bn2.bias: copying a param with shape torch.Size([256]) from checkpoint, the shape in current model is torch.Size([128]).\n\tsize mismatch for model.model.4.1.bn2.running_mean: copying a param with shape torch.Size([256]) from checkpoint, the shape in current model is torch.Size([128]).\n\tsize mismatch for model.model.4.1.bn2.running_var: copying a param with shape torch.Size([256]) from checkpoint, the shape in current model is torch.Size([128]).\n\tsize mismatch for model.model.4.1.conv3.weight: copying a param with shape torch.Size([1024, 256, 1, 1]) from checkpoint, the shape in current model is torch.Size([512, 128, 1, 1]).\n\tsize mismatch for model.model.4.1.bn3.weight: copying a param with shape torch.Size([1024]) from checkpoint, the shape in current model is torch.Size([512]).\n\tsize mismatch for model.model.4.1.bn3.bias: copying a param with shape torch.Size([1024]) from checkpoint, the shape in current model is torch.Size([512]).\n\tsize mismatch for model.model.4.1.bn3.running_mean: copying a param with shape torch.Size([1024]) from checkpoint, the shape in current model is torch.Size([512]).\n\tsize mismatch for model.model.4.1.bn3.running_var: copying a param with shape torch.Size([1024]) from checkpoint, the shape in current model is torch.Size([512]).\n\tsize mismatch for model.model.4.2.conv1.weight: copying a param with shape torch.Size([256, 1024, 1, 1]) from checkpoint, the shape in current model is torch.Size([128, 512, 1, 1]).\n\tsize mismatch for model.model.4.2.bn1.weight: copying a param with shape torch.Size([256]) from checkpoint, the shape in current model is torch.Size([128]).\n\tsize mismatch for model.model.4.2.bn1.bias: copying a param with shape torch.Size([256]) from checkpoint, the shape in current model is torch.Size([128]).\n\tsize mismatch for model.model.4.2.bn1.running_mean: copying a param with shape torch.Size([256]) from checkpoint, the shape in current model is torch.Size([128]).\n\tsize mismatch for model.model.4.2.bn1.running_var: copying a param with shape torch.Size([256]) from checkpoint, the shape in current model is torch.Size([128]).\n\tsize mismatch for model.model.4.2.conv2.weight: copying a param with shape torch.Size([256, 256, 3, 3]) from checkpoint, the shape in current model is torch.Size([128, 128, 3, 3]).\n\tsize mismatch for model.model.4.2.bn2.weight: copying a param with shape torch.Size([256]) from checkpoint, the shape in current model is torch.Size([128]).\n\tsize mismatch for model.model.4.2.bn2.bias: copying a param with shape torch.Size([256]) from checkpoint, the shape in current model is torch.Size([128]).\n\tsize mismatch for model.model.4.2.bn2.running_mean: copying a param with shape torch.Size([256]) from checkpoint, the shape in current model is torch.Size([128]).\n\tsize mismatch for model.model.4.2.bn2.running_var: copying a param with shape torch.Size([256]) from checkpoint, the shape in current model is torch.Size([128]).\n\tsize mismatch for model.model.4.2.conv3.weight: copying a param with shape torch.Size([1024, 256, 1, 1]) from checkpoint, the shape in current model is torch.Size([512, 128, 1, 1]).\n\tsize mismatch for model.model.4.2.bn3.weight: copying a param with shape torch.Size([1024]) from checkpoint, the shape in current model is torch.Size([512]).\n\tsize mismatch for model.model.4.2.bn3.bias: copying a param with shape torch.Size([1024]) from checkpoint, the shape in current model is torch.Size([512]).\n\tsize mismatch for model.model.4.2.bn3.running_mean: copying a param with shape torch.Size([1024]) from checkpoint, the shape in current model is torch.Size([512]).\n\tsize mismatch for model.model.4.2.bn3.running_var: copying a param with shape torch.Size([1024]) from checkpoint, the shape in current model is torch.Size([512]).\n\tsize mismatch for model.model.4.3.conv1.weight: copying a param with shape torch.Size([256, 1024, 1, 1]) from checkpoint, the shape in current model is torch.Size([128, 512, 1, 1]).\n\tsize mismatch for model.model.4.3.bn1.weight: copying a param with shape torch.Size([256]) from checkpoint, the shape in current model is torch.Size([128]).\n\tsize mismatch for model.model.4.3.bn1.bias: copying a param with shape torch.Size([256]) from checkpoint, the shape in current model is torch.Size([128]).\n\tsize mismatch for model.model.4.3.bn1.running_mean: copying a param with shape torch.Size([256]) from checkpoint, the shape in current model is torch.Size([128]).\n\tsize mismatch for model.model.4.3.bn1.running_var: copying a param with shape torch.Size([256]) from checkpoint, the shape in current model is torch.Size([128]).\n\tsize mismatch for model.model.4.3.conv2.weight: copying a param with shape torch.Size([256, 256, 3, 3]) from checkpoint, the shape in current model is torch.Size([128, 128, 3, 3]).\n\tsize mismatch for model.model.4.3.bn2.weight: copying a param with shape torch.Size([256]) from checkpoint, the shape in current model is torch.Size([128]).\n\tsize mismatch for model.model.4.3.bn2.bias: copying a param with shape torch.Size([256]) from checkpoint, the shape in current model is torch.Size([128]).\n\tsize mismatch for model.model.4.3.bn2.running_mean: copying a param with shape torch.Size([256]) from checkpoint, the shape in current model is torch.Size([128]).\n\tsize mismatch for model.model.4.3.bn2.running_var: copying a param with shape torch.Size([256]) from checkpoint, the shape in current model is torch.Size([128]).\n\tsize mismatch for model.model.4.3.conv3.weight: copying a param with shape torch.Size([1024, 256, 1, 1]) from checkpoint, the shape in current model is torch.Size([512, 128, 1, 1]).\n\tsize mismatch for model.model.4.3.bn3.weight: copying a param with shape torch.Size([1024]) from checkpoint, the shape in current model is torch.Size([512]).\n\tsize mismatch for model.model.4.3.bn3.bias: copying a param with shape torch.Size([1024]) from checkpoint, the shape in current model is torch.Size([512]).\n\tsize mismatch for model.model.4.3.bn3.running_mean: copying a param with shape torch.Size([1024]) from checkpoint, the shape in current model is torch.Size([512]).\n\tsize mismatch for model.model.4.3.bn3.running_var: copying a param with shape torch.Size([1024]) from checkpoint, the shape in current model is torch.Size([512]).\n\tsize mismatch for model.model.5.0.conv1.weight: copying a param with shape torch.Size([512, 1024, 1, 1]) from checkpoint, the shape in current model is torch.Size([256, 512, 1, 1]).\n\tsize mismatch for model.model.5.0.bn1.weight: copying a param with shape torch.Size([512]) from checkpoint, the shape in current model is torch.Size([256]).\n\tsize mismatch for model.model.5.0.bn1.bias: copying a param with shape torch.Size([512]) from checkpoint, the shape in current model is torch.Size([256]).\n\tsize mismatch for model.model.5.0.bn1.running_mean: copying a param with shape torch.Size([512]) from checkpoint, the shape in current model is torch.Size([256]).\n\tsize mismatch for model.model.5.0.bn1.running_var: copying a param with shape torch.Size([512]) from checkpoint, the shape in current model is torch.Size([256]).\n\tsize mismatch for model.model.5.0.conv2.weight: copying a param with shape torch.Size([512, 512, 3, 3]) from checkpoint, the shape in current model is torch.Size([256, 256, 3, 3]).\n\tsize mismatch for model.model.5.0.bn2.weight: copying a param with shape torch.Size([512]) from checkpoint, the shape in current model is torch.Size([256]).\n\tsize mismatch for model.model.5.0.bn2.bias: copying a param with shape torch.Size([512]) from checkpoint, the shape in current model is torch.Size([256]).\n\tsize mismatch for model.model.5.0.bn2.running_mean: copying a param with shape torch.Size([512]) from checkpoint, the shape in current model is torch.Size([256]).\n\tsize mismatch for model.model.5.0.bn2.running_var: copying a param with shape torch.Size([512]) from checkpoint, the shape in current model is torch.Size([256]).\n\tsize mismatch for model.model.5.0.conv3.1.weight: copying a param with shape torch.Size([2048, 512, 1, 1]) from checkpoint, the shape in current model is torch.Size([1024, 256, 1, 1]).\n\tsize mismatch for model.model.5.0.bn3.weight: copying a param with shape torch.Size([2048]) from checkpoint, the shape in current model is torch.Size([1024]).\n\tsize mismatch for model.model.5.0.bn3.bias: copying a param with shape torch.Size([2048]) from checkpoint, the shape in current model is torch.Size([1024]).\n\tsize mismatch for model.model.5.0.bn3.running_mean: copying a param with shape torch.Size([2048]) from checkpoint, the shape in current model is torch.Size([1024]).\n\tsize mismatch for model.model.5.0.bn3.running_var: copying a param with shape torch.Size([2048]) from checkpoint, the shape in current model is torch.Size([1024]).\n\tsize mismatch for model.model.5.0.shortcut.1.weight: copying a param with shape torch.Size([2048, 1024, 1, 1]) from checkpoint, the shape in current model is torch.Size([1024, 512, 1, 1]).\n\tsize mismatch for model.model.5.0.shortcut.2.weight: copying a param with shape torch.Size([2048]) from checkpoint, the shape in current model is torch.Size([1024]).\n\tsize mismatch for model.model.5.0.shortcut.2.bias: copying a param with shape torch.Size([2048]) from checkpoint, the shape in current model is torch.Size([1024]).\n\tsize mismatch for model.model.5.0.shortcut.2.running_mean: copying a param with shape torch.Size([2048]) from checkpoint, the shape in current model is torch.Size([1024]).\n\tsize mismatch for model.model.5.0.shortcut.2.running_var: copying a param with shape torch.Size([2048]) from checkpoint, the shape in current model is torch.Size([1024]).\n\tsize mismatch for model.model.5.1.conv1.weight: copying a param with shape torch.Size([512, 2048, 1, 1]) from checkpoint, the shape in current model is torch.Size([256, 1024, 1, 1]).\n\tsize mismatch for model.model.5.1.bn1.weight: copying a param with shape torch.Size([512]) from checkpoint, the shape in current model is torch.Size([256]).\n\tsize mismatch for model.model.5.1.bn1.bias: copying a param with shape torch.Size([512]) from checkpoint, the shape in current model is torch.Size([256]).\n\tsize mismatch for model.model.5.1.bn1.running_mean: copying a param with shape torch.Size([512]) from checkpoint, the shape in current model is torch.Size([256]).\n\tsize mismatch for model.model.5.1.bn1.running_var: copying a param with shape torch.Size([512]) from checkpoint, the shape in current model is torch.Size([256]).\n\tsize mismatch for model.model.5.1.conv2.weight: copying a param with shape torch.Size([512, 512, 3, 3]) from checkpoint, the shape in current model is torch.Size([256, 256, 3, 3]).\n\tsize mismatch for model.model.5.1.bn2.weight: copying a param with shape torch.Size([512]) from checkpoint, the shape in current model is torch.Size([256]).\n\tsize mismatch for model.model.5.1.bn2.bias: copying a param with shape torch.Size([512]) from checkpoint, the shape in current model is torch.Size([256]).\n\tsize mismatch for model.model.5.1.bn2.running_mean: copying a param with shape torch.Size([512]) from checkpoint, the shape in current model is torch.Size([256]).\n\tsize mismatch for model.model.5.1.bn2.running_var: copying a param with shape torch.Size([512]) from checkpoint, the shape in current model is torch.Size([256]).\n\tsize mismatch for model.model.5.1.conv3.weight: copying a param with shape torch.Size([2048, 512, 1, 1]) from checkpoint, the shape in current model is torch.Size([1024, 256, 1, 1]).\n\tsize mismatch for model.model.5.1.bn3.weight: copying a param with shape torch.Size([2048]) from checkpoint, the shape in current model is torch.Size([1024]).\n\tsize mismatch for model.model.5.1.bn3.bias: copying a param with shape torch.Size([2048]) from checkpoint, the shape in current model is torch.Size([1024]).\n\tsize mismatch for model.model.5.1.bn3.running_mean: copying a param with shape torch.Size([2048]) from checkpoint, the shape in current model is torch.Size([1024]).\n\tsize mismatch for model.model.5.1.bn3.running_var: copying a param with shape torch.Size([2048]) from checkpoint, the shape in current model is torch.Size([1024]).\n\tsize mismatch for model.model.5.2.conv1.weight: copying a param with shape torch.Size([512, 2048, 1, 1]) from checkpoint, the shape in current model is torch.Size([256, 1024, 1, 1]).\n\tsize mismatch for model.model.5.2.bn1.weight: copying a param with shape torch.Size([512]) from checkpoint, the shape in current model is torch.Size([256]).\n\tsize mismatch for model.model.5.2.bn1.bias: copying a param with shape torch.Size([512]) from checkpoint, the shape in current model is torch.Size([256]).\n\tsize mismatch for model.model.5.2.bn1.running_mean: copying a param with shape torch.Size([512]) from checkpoint, the shape in current model is torch.Size([256]).\n\tsize mismatch for model.model.5.2.bn1.running_var: copying a param with shape torch.Size([512]) from checkpoint, the shape in current model is torch.Size([256]).\n\tsize mismatch for model.model.5.2.conv2.weight: copying a param with shape torch.Size([512, 512, 3, 3]) from checkpoint, the shape in current model is torch.Size([256, 256, 3, 3]).\n\tsize mismatch for model.model.5.2.bn2.weight: copying a param with shape torch.Size([512]) from checkpoint, the shape in current model is torch.Size([256]).\n\tsize mismatch for model.model.5.2.bn2.bias: copying a param with shape torch.Size([512]) from checkpoint, the shape in current model is torch.Size([256]).\n\tsize mismatch for model.model.5.2.bn2.running_mean: copying a param with shape torch.Size([512]) from checkpoint, the shape in current model is torch.Size([256]).\n\tsize mismatch for model.model.5.2.bn2.running_var: copying a param with shape torch.Size([512]) from checkpoint, the shape in current model is torch.Size([256]).\n\tsize mismatch for model.model.5.2.conv3.weight: copying a param with shape torch.Size([2048, 512, 1, 1]) from checkpoint, the shape in current model is torch.Size([1024, 256, 1, 1]).\n\tsize mismatch for model.model.5.2.bn3.weight: copying a param with shape torch.Size([2048]) from checkpoint, the shape in current model is torch.Size([1024]).\n\tsize mismatch for model.model.5.2.bn3.bias: copying a param with shape torch.Size([2048]) from checkpoint, the shape in current model is torch.Size([1024]).\n\tsize mismatch for model.model.5.2.bn3.running_mean: copying a param with shape torch.Size([2048]) from checkpoint, the shape in current model is torch.Size([1024]).\n\tsize mismatch for model.model.5.2.bn3.running_var: copying a param with shape torch.Size([2048]) from checkpoint, the shape in current model is torch.Size([1024]).\nwrapper/prefixed_for_wrapper/strict=False: Error(s) in loading state_dict for Sequential:\n\tsize mismatch for model.model.3.0.conv1.weight: copying a param with shape torch.Size([128, 256, 1, 1]) from checkpoint, the shape in current model is torch.Size([64, 64, 1, 1]).\n\tsize mismatch for model.model.3.0.bn1.weight: copying a param with shape torch.Size([128]) from checkpoint, the shape in current model is torch.Size([64]).\n\tsize mismatch for model.model.3.0.bn1.bias: copying a param with shape torch.Size([128]) from checkpoint, the shape in current model is torch.Size([64]).\n\tsize mismatch for model.model.3.0.bn1.running_mean: copying a param with shape torch.Size([128]) from checkpoint, the shape in current model is torch.Size([64]).\n\tsize mismatch for model.model.3.0.bn1.running_var: copying a param with shape torch.Size([128]) from checkpoint, the shape in current model is torch.Size([64]).\n\tsize mismatch for model.model.3.0.conv2.weight: copying a param with shape torch.Size([128, 128, 3, 3]) from checkpoint, the shape in current model is torch.Size([64, 64, 3, 3]).\n\tsize mismatch for model.model.3.0.bn2.weight: copying a param with shape torch.Size([128]) from checkpoint, the shape in current model is torch.Size([64]).\n\tsize mismatch for model.model.3.0.bn2.bias: copying a param with shape torch.Size([128]) from checkpoint, the shape in current model is torch.Size([64]).\n\tsize mismatch for model.model.3.0.bn2.running_mean: copying a param with shape torch.Size([128]) from checkpoint, the shape in current model is torch.Size([64]).\n\tsize mismatch for model.model.3.0.bn2.running_var: copying a param with shape torch.Size([128]) from checkpoint, the shape in current model is torch.Size([64]).\n\tsize mismatch for model.model.3.0.bn3.weight: copying a param with shape torch.Size([512]) from checkpoint, the shape in current model is torch.Size([256]).\n\tsize mismatch for model.model.3.0.bn3.bias: copying a param with shape torch.Size([512]) from checkpoint, the shape in current model is torch.Size([256]).\n\tsize mismatch for model.model.3.0.bn3.running_mean: copying a param with shape torch.Size([512]) from checkpoint, the shape in current model is torch.Size([256]).\n\tsize mismatch for model.model.3.0.bn3.running_var: copying a param with shape torch.Size([512]) from checkpoint, the shape in current model is torch.Size([256]).\n\tsize mismatch for model.model.3.0.shortcut.1.weight: copying a param with shape torch.Size([512, 256, 1, 1]) from checkpoint, the shape in current model is torch.Size([256]).\n\tsize mismatch for model.model.3.1.conv1.weight: copying a param with shape torch.Size([128, 512, 1, 1]) from checkpoint, the shape in current model is torch.Size([64, 256, 1, 1]).\n\tsize mismatch for model.model.3.1.bn1.weight: copying a param with shape torch.Size([128]) from checkpoint, the shape in current model is torch.Size([64]).\n\tsize mismatch for model.model.3.1.bn1.bias: copying a param with shape torch.Size([128]) from checkpoint, the shape in current model is torch.Size([64]).\n\tsize mismatch for model.model.3.1.bn1.running_mean: copying a param with shape torch.Size([128]) from checkpoint, the shape in current model is torch.Size([64]).\n\tsize mismatch for model.model.3.1.bn1.running_var: copying a param with shape torch.Size([128]) from checkpoint, the shape in current model is torch.Size([64]).\n\tsize mismatch for model.model.3.1.conv2.weight: copying a param with shape torch.Size([128, 128, 3, 3]) from checkpoint, the shape in current model is torch.Size([64, 64, 3, 3]).\n\tsize mismatch for model.model.3.1.bn2.weight: copying a param with shape torch.Size([128]) from checkpoint, the shape in current model is torch.Size([64]).\n\tsize mismatch for model.model.3.1.bn2.bias: copying a param with shape torch.Size([128]) from checkpoint, the shape in current model is torch.Size([64]).\n\tsize mismatch for model.model.3.1.bn2.running_mean: copying a param with shape torch.Size([128]) from checkpoint, the shape in current model is torch.Size([64]).\n\tsize mismatch for model.model.3.1.bn2.running_var: copying a param with shape torch.Size([128]) from checkpoint, the shape in current model is torch.Size([64]).\n\tsize mismatch for model.model.3.1.conv3.weight: copying a param with shape torch.Size([512, 128, 1, 1]) from checkpoint, the shape in current model is torch.Size([256, 64, 1, 1]).\n\tsize mismatch for model.model.3.1.bn3.weight: copying a param with shape torch.Size([512]) from checkpoint, the shape in current model is torch.Size([256]).\n\tsize mismatch for model.model.3.1.bn3.bias: copying a param with shape torch.Size([512]) from checkpoint, the shape in current model is torch.Size([256]).\n\tsize mismatch for model.model.3.1.bn3.running_mean: copying a param with shape torch.Size([512]) from checkpoint, the shape in current model is torch.Size([256]).\n\tsize mismatch for model.model.3.1.bn3.running_var: copying a param with shape torch.Size([512]) from checkpoint, the shape in current model is torch.Size([256]).\n\tsize mismatch for model.model.3.2.conv1.weight: copying a param with shape torch.Size([128, 512, 1, 1]) from checkpoint, the shape in current model is torch.Size([64, 256, 1, 1]).\n\tsize mismatch for model.model.3.2.bn1.weight: copying a param with shape torch.Size([128]) from checkpoint, the shape in current model is torch.Size([64]).\n\tsize mismatch for model.model.3.2.bn1.bias: copying a param with shape torch.Size([128]) from checkpoint, the shape in current model is torch.Size([64]).\n\tsize mismatch for model.model.3.2.bn1.running_mean: copying a param with shape torch.Size([128]) from checkpoint, the shape in current model is torch.Size([64]).\n\tsize mismatch for model.model.3.2.bn1.running_var: copying a param with shape torch.Size([128]) from checkpoint, the shape in current model is torch.Size([64]).\n\tsize mismatch for model.model.3.2.conv2.weight: copying a param with shape torch.Size([128, 128, 3, 3]) from checkpoint, the shape in current model is torch.Size([64, 64, 3, 3]).\n\tsize mismatch for model.model.3.2.bn2.weight: copying a param with shape torch.Size([128]) from checkpoint, the shape in current model is torch.Size([64]).\n\tsize mismatch for model.model.3.2.bn2.bias: copying a param with shape torch.Size([128]) from checkpoint, the shape in current model is torch.Size([64]).\n\tsize mismatch for model.model.3.2.bn2.running_mean: copying a param with shape torch.Size([128]) from checkpoint, the shape in current model is torch.Size([64]).\n\tsize mismatch for model.model.3.2.bn2.running_var: copying a param with shape torch.Size([128]) from checkpoint, the shape in current model is torch.Size([64]).\n\tsize mismatch for model.model.3.2.conv3.weight: copying a param with shape torch.Size([512, 128, 1, 1]) from checkpoint, the shape in current model is torch.Size([256, 64, 1, 1]).\n\tsize mismatch for model.model.3.2.bn3.weight: copying a param with shape torch.Size([512]) from checkpoint, the shape in current model is torch.Size([256]).\n\tsize mismatch for model.model.3.2.bn3.bias: copying a param with shape torch.Size([512]) from checkpoint, the shape in current model is torch.Size([256]).\n\tsize mismatch for model.model.3.2.bn3.running_mean: copying a param with shape torch.Size([512]) from checkpoint, the shape in current model is torch.Size([256]).\n\tsize mismatch for model.model.3.2.bn3.running_var: copying a param with shape torch.Size([512]) from checkpoint, the shape in current model is torch.Size([256]).\n\tsize mismatch for model.model.4.0.conv1.weight: copying a param with shape torch.Size([256, 512, 1, 1]) from checkpoint, the shape in current model is torch.Size([128, 256, 1, 1]).\n\tsize mismatch for model.model.4.0.bn1.weight: copying a param with shape torch.Size([256]) from checkpoint, the shape in current model is torch.Size([128]).\n\tsize mismatch for model.model.4.0.bn1.bias: copying a param with shape torch.Size([256]) from checkpoint, the shape in current model is torch.Size([128]).\n\tsize mismatch for model.model.4.0.bn1.running_mean: copying a param with shape torch.Size([256]) from checkpoint, the shape in current model is torch.Size([128]).\n\tsize mismatch for model.model.4.0.bn1.running_var: copying a param with shape torch.Size([256]) from checkpoint, the shape in current model is torch.Size([128]).\n\tsize mismatch for model.model.4.0.conv2.weight: copying a param with shape torch.Size([256, 256, 3, 3]) from checkpoint, the shape in current model is torch.Size([128, 128, 3, 3]).\n\tsize mismatch for model.model.4.0.bn2.weight: copying a param with shape torch.Size([256]) from checkpoint, the shape in current model is torch.Size([128]).\n\tsize mismatch for model.model.4.0.bn2.bias: copying a param with shape torch.Size([256]) from checkpoint, the shape in current model is torch.Size([128]).\n\tsize mismatch for model.model.4.0.bn2.running_mean: copying a param with shape torch.Size([256]) from checkpoint, the shape in current model is torch.Size([128]).\n\tsize mismatch for model.model.4.0.bn2.running_var: copying a param with shape torch.Size([256]) from checkpoint, the shape in current model is torch.Size([128]).\n\tsize mismatch for model.model.4.0.conv3.1.weight: copying a param with shape torch.Size([1024, 256, 1, 1]) from checkpoint, the shape in current model is torch.Size([512, 128, 1, 1]).\n\tsize mismatch for model.model.4.0.bn3.weight: copying a param with shape torch.Size([1024]) from checkpoint, the shape in current model is torch.Size([512]).\n\tsize mismatch for model.model.4.0.bn3.bias: copying a param with shape torch.Size([1024]) from checkpoint, the shape in current model is torch.Size([512]).\n\tsize mismatch for model.model.4.0.bn3.running_mean: copying a param with shape torch.Size([1024]) from checkpoint, the shape in current model is torch.Size([512]).\n\tsize mismatch for model.model.4.0.bn3.running_var: copying a param with shape torch.Size([1024]) from checkpoint, the shape in current model is torch.Size([512]).\n\tsize mismatch for model.model.4.0.shortcut.1.weight: copying a param with shape torch.Size([1024, 512, 1, 1]) from checkpoint, the shape in current model is torch.Size([512, 256, 1, 1]).\n\tsize mismatch for model.model.4.0.shortcut.2.weight: copying a param with shape torch.Size([1024]) from checkpoint, the shape in current model is torch.Size([512]).\n\tsize mismatch for model.model.4.0.shortcut.2.bias: copying a param with shape torch.Size([1024]) from checkpoint, the shape in current model is torch.Size([512]).\n\tsize mismatch for model.model.4.0.shortcut.2.running_mean: copying a param with shape torch.Size([1024]) from checkpoint, the shape in current model is torch.Size([512]).\n\tsize mismatch for model.model.4.0.shortcut.2.running_var: copying a param with shape torch.Size([1024]) from checkpoint, the shape in current model is torch.Size([512]).\n\tsize mismatch for model.model.4.1.conv1.weight: copying a param with shape torch.Size([256, 1024, 1, 1]) from checkpoint, the shape in current model is torch.Size([128, 512, 1, 1]).\n\tsize mismatch for model.model.4.1.bn1.weight: copying a param with shape torch.Size([256]) from checkpoint, the shape in current model is torch.Size([128]).\n\tsize mismatch for model.model.4.1.bn1.bias: copying a param with shape torch.Size([256]) from checkpoint, the shape in current model is torch.Size([128]).\n\tsize mismatch for model.model.4.1.bn1.running_mean: copying a param with shape torch.Size([256]) from checkpoint, the shape in current model is torch.Size([128]).\n\tsize mismatch for model.model.4.1.bn1.running_var: copying a param with shape torch.Size([256]) from checkpoint, the shape in current model is torch.Size([128]).\n\tsize mismatch for model.model.4.1.conv2.weight: copying a param with shape torch.Size([256, 256, 3, 3]) from checkpoint, the shape in current model is torch.Size([128, 128, 3, 3]).\n\tsize mismatch for model.model.4.1.bn2.weight: copying a param with shape torch.Size([256]) from checkpoint, the shape in current model is torch.Size([128]).\n\tsize mismatch for model.model.4.1.bn2.bias: copying a param with shape torch.Size([256]) from checkpoint, the shape in current model is torch.Size([128]).\n\tsize mismatch for model.model.4.1.bn2.running_mean: copying a param with shape torch.Size([256]) from checkpoint, the shape in current model is torch.Size([128]).\n\tsize mismatch for model.model.4.1.bn2.running_var: copying a param with shape torch.Size([256]) from checkpoint, the shape in current model is torch.Size([128]).\n\tsize mismatch for model.model.4.1.conv3.weight: copying a param with shape torch.Size([1024, 256, 1, 1]) from checkpoint, the shape in current model is torch.Size([512, 128, 1, 1]).\n\tsize mismatch for model.model.4.1.bn3.weight: copying a param with shape torch.Size([1024]) from checkpoint, the shape in current model is torch.Size([512]).\n\tsize mismatch for model.model.4.1.bn3.bias: copying a param with shape torch.Size([1024]) from checkpoint, the shape in current model is torch.Size([512]).\n\tsize mismatch for model.model.4.1.bn3.running_mean: copying a param with shape torch.Size([1024]) from checkpoint, the shape in current model is torch.Size([512]).\n\tsize mismatch for model.model.4.1.bn3.running_var: copying a param with shape torch.Size([1024]) from checkpoint, the shape in current model is torch.Size([512]).\n\tsize mismatch for model.model.4.2.conv1.weight: copying a param with shape torch.Size([256, 1024, 1, 1]) from checkpoint, the shape in current model is torch.Size([128, 512, 1, 1]).\n\tsize mismatch for model.model.4.2.bn1.weight: copying a param with shape torch.Size([256]) from checkpoint, the shape in current model is torch.Size([128]).\n\tsize mismatch for model.model.4.2.bn1.bias: copying a param with shape torch.Size([256]) from checkpoint, the shape in current model is torch.Size([128]).\n\tsize mismatch for model.model.4.2.bn1.running_mean: copying a param with shape torch.Size([256]) from checkpoint, the shape in current model is torch.Size([128]).\n\tsize mismatch for model.model.4.2.bn1.running_var: copying a param with shape torch.Size([256]) from checkpoint, the shape in current model is torch.Size([128]).\n\tsize mismatch for model.model.4.2.conv2.weight: copying a param with shape torch.Size([256, 256, 3, 3]) from checkpoint, the shape in current model is torch.Size([128, 128, 3, 3]).\n\tsize mismatch for model.model.4.2.bn2.weight: copying a param with shape torch.Size([256]) from checkpoint, the shape in current model is torch.Size([128]).\n\tsize mismatch for model.model.4.2.bn2.bias: copying a param with shape torch.Size([256]) from checkpoint, the shape in current model is torch.Size([128]).\n\tsize mismatch for model.model.4.2.bn2.running_mean: copying a param with shape torch.Size([256]) from checkpoint, the shape in current model is torch.Size([128]).\n\tsize mismatch for model.model.4.2.bn2.running_var: copying a param with shape torch.Size([256]) from checkpoint, the shape in current model is torch.Size([128]).\n\tsize mismatch for model.model.4.2.conv3.weight: copying a param with shape torch.Size([1024, 256, 1, 1]) from checkpoint, the shape in current model is torch.Size([512, 128, 1, 1]).\n\tsize mismatch for model.model.4.2.bn3.weight: copying a param with shape torch.Size([1024]) from checkpoint, the shape in current model is torch.Size([512]).\n\tsize mismatch for model.model.4.2.bn3.bias: copying a param with shape torch.Size([1024]) from checkpoint, the shape in current model is torch.Size([512]).\n\tsize mismatch for model.model.4.2.bn3.running_mean: copying a param with shape torch.Size([1024]) from checkpoint, the shape in current model is torch.Size([512]).\n\tsize mismatch for model.model.4.2.bn3.running_var: copying a param with shape torch.Size([1024]) from checkpoint, the shape in current model is torch.Size([512]).\n\tsize mismatch for model.model.4.3.conv1.weight: copying a param with shape torch.Size([256, 1024, 1, 1]) from checkpoint, the shape in current model is torch.Size([128, 512, 1, 1]).\n\tsize mismatch for model.model.4.3.bn1.weight: copying a param with shape torch.Size([256]) from checkpoint, the shape in current model is torch.Size([128]).\n\tsize mismatch for model.model.4.3.bn1.bias: copying a param with shape torch.Size([256]) from checkpoint, the shape in current model is torch.Size([128]).\n\tsize mismatch for model.model.4.3.bn1.running_mean: copying a param with shape torch.Size([256]) from checkpoint, the shape in current model is torch.Size([128]).\n\tsize mismatch for model.model.4.3.bn1.running_var: copying a param with shape torch.Size([256]) from checkpoint, the shape in current model is torch.Size([128]).\n\tsize mismatch for model.model.4.3.conv2.weight: copying a param with shape torch.Size([256, 256, 3, 3]) from checkpoint, the shape in current model is torch.Size([128, 128, 3, 3]).\n\tsize mismatch for model.model.4.3.bn2.weight: copying a param with shape torch.Size([256]) from checkpoint, the shape in current model is torch.Size([128]).\n\tsize mismatch for model.model.4.3.bn2.bias: copying a param with shape torch.Size([256]) from checkpoint, the shape in current model is torch.Size([128]).\n\tsize mismatch for model.model.4.3.bn2.running_mean: copying a param with shape torch.Size([256]) from checkpoint, the shape in current model is torch.Size([128]).\n\tsize mismatch for model.model.4.3.bn2.running_var: copying a param with shape torch.Size([256]) from checkpoint, the shape in current model is torch.Size([128]).\n\tsize mismatch for model.model.4.3.conv3.weight: copying a param with shape torch.Size([1024, 256, 1, 1]) from checkpoint, the shape in current model is torch.Size([512, 128, 1, 1]).\n\tsize mismatch for model.model.4.3.bn3.weight: copying a param with shape torch.Size([1024]) from checkpoint, the shape in current model is torch.Size([512]).\n\tsize mismatch for model.model.4.3.bn3.bias: copying a param with shape torch.Size([1024]) from checkpoint, the shape in current model is torch.Size([512]).\n\tsize mismatch for model.model.4.3.bn3.running_mean: copying a param with shape torch.Size([1024]) from checkpoint, the shape in current model is torch.Size([512]).\n\tsize mismatch for model.model.4.3.bn3.running_var: copying a param with shape torch.Size([1024]) from checkpoint, the shape in current model is torch.Size([512]).\n\tsize mismatch for model.model.5.0.conv1.weight: copying a param with shape torch.Size([512, 1024, 1, 1]) from checkpoint, the shape in current model is torch.Size([256, 512, 1, 1]).\n\tsize mismatch for model.model.5.0.bn1.weight: copying a param with shape torch.Size([512]) from checkpoint, the shape in current model is torch.Size([256]).\n\tsize mismatch for model.model.5.0.bn1.bias: copying a param with shape torch.Size([512]) from checkpoint, the shape in current model is torch.Size([256]).\n\tsize mismatch for model.model.5.0.bn1.running_mean: copying a param with shape torch.Size([512]) from checkpoint, the shape in current model is torch.Size([256]).\n\tsize mismatch for model.model.5.0.bn1.running_var: copying a param with shape torch.Size([512]) from checkpoint, the shape in current model is torch.Size([256]).\n\tsize mismatch for model.model.5.0.conv2.weight: copying a param with shape torch.Size([512, 512, 3, 3]) from checkpoint, the shape in current model is torch.Size([256, 256, 3, 3]).\n\tsize mismatch for model.model.5.0.bn2.weight: copying a param with shape torch.Size([512]) from checkpoint, the shape in current model is torch.Size([256]).\n\tsize mismatch for model.model.5.0.bn2.bias: copying a param with shape torch.Size([512]) from checkpoint, the shape in current model is torch.Size([256]).\n\tsize mismatch for model.model.5.0.bn2.running_mean: copying a param with shape torch.Size([512]) from checkpoint, the shape in current model is torch.Size([256]).\n\tsize mismatch for model.model.5.0.bn2.running_var: copying a param with shape torch.Size([512]) from checkpoint, the shape in current model is torch.Size([256]).\n\tsize mismatch for model.model.5.0.conv3.1.weight: copying a param with shape torch.Size([2048, 512, 1, 1]) from checkpoint, the shape in current model is torch.Size([1024, 256, 1, 1]).\n\tsize mismatch for model.model.5.0.bn3.weight: copying a param with shape torch.Size([2048]) from checkpoint, the shape in current model is torch.Size([1024]).\n\tsize mismatch for model.model.5.0.bn3.bias: copying a param with shape torch.Size([2048]) from checkpoint, the shape in current model is torch.Size([1024]).\n\tsize mismatch for model.model.5.0.bn3.running_mean: copying a param with shape torch.Size([2048]) from checkpoint, the shape in current model is torch.Size([1024]).\n\tsize mismatch for model.model.5.0.bn3.running_var: copying a param with shape torch.Size([2048]) from checkpoint, the shape in current model is torch.Size([1024]).\n\tsize mismatch for model.model.5.0.shortcut.1.weight: copying a param with shape torch.Size([2048, 1024, 1, 1]) from checkpoint, the shape in current model is torch.Size([1024, 512, 1, 1]).\n\tsize mismatch for model.model.5.0.shortcut.2.weight: copying a param with shape torch.Size([2048]) from checkpoint, the shape in current model is torch.Size([1024]).\n\tsize mismatch for model.model.5.0.shortcut.2.bias: copying a param with shape torch.Size([2048]) from checkpoint, the shape in current model is torch.Size([1024]).\n\tsize mismatch for model.model.5.0.shortcut.2.running_mean: copying a param with shape torch.Size([2048]) from checkpoint, the shape in current model is torch.Size([1024]).\n\tsize mismatch for model.model.5.0.shortcut.2.running_var: copying a param with shape torch.Size([2048]) from checkpoint, the shape in current model is torch.Size([1024]).\n\tsize mismatch for model.model.5.1.conv1.weight: copying a param with shape torch.Size([512, 2048, 1, 1]) from checkpoint, the shape in current model is torch.Size([256, 1024, 1, 1]).\n\tsize mismatch for model.model.5.1.bn1.weight: copying a param with shape torch.Size([512]) from checkpoint, the shape in current model is torch.Size([256]).\n\tsize mismatch for model.model.5.1.bn1.bias: copying a param with shape torch.Size([512]) from checkpoint, the shape in current model is torch.Size([256]).\n\tsize mismatch for model.model.5.1.bn1.running_mean: copying a param with shape torch.Size([512]) from checkpoint, the shape in current model is torch.Size([256]).\n\tsize mismatch for model.model.5.1.bn1.running_var: copying a param with shape torch.Size([512]) from checkpoint, the shape in current model is torch.Size([256]).\n\tsize mismatch for model.model.5.1.conv2.weight: copying a param with shape torch.Size([512, 512, 3, 3]) from checkpoint, the shape in current model is torch.Size([256, 256, 3, 3]).\n\tsize mismatch for model.model.5.1.bn2.weight: copying a param with shape torch.Size([512]) from checkpoint, the shape in current model is torch.Size([256]).\n\tsize mismatch for model.model.5.1.bn2.bias: copying a param with shape torch.Size([512]) from checkpoint, the shape in current model is torch.Size([256]).\n\tsize mismatch for model.model.5.1.bn2.running_mean: copying a param with shape torch.Size([512]) from checkpoint, the shape in current model is torch.Size([256]).\n\tsize mismatch for model.model.5.1.bn2.running_var: copying a param with shape torch.Size([512]) from checkpoint, the shape in current model is torch.Size([256]).\n\tsize mismatch for model.model.5.1.conv3.weight: copying a param with shape torch.Size([2048, 512, 1, 1]) from checkpoint, the shape in current model is torch.Size([1024, 256, 1, 1]).\n\tsize mismatch for model.model.5.1.bn3.weight: copying a param with shape torch.Size([2048]) from checkpoint, the shape in current model is torch.Size([1024]).\n\tsize mismatch for model.model.5.1.bn3.bias: copying a param with shape torch.Size([2048]) from checkpoint, the shape in current model is torch.Size([1024]).\n\tsize mismatch for model.model.5.1.bn3.running_mean: copying a param with shape torch.Size([2048]) from checkpoint, the shape in current model is torch.Size([1024]).\n\tsize mismatch for model.model.5.1.bn3.running_var: copying a param with shape torch.Size([2048]) from checkpoint, the shape in current model is torch.Size([1024]).\n\tsize mismatch for model.model.5.2.conv1.weight: copying a param with shape torch.Size([512, 2048, 1, 1]) from checkpoint, the shape in current model is torch.Size([256, 1024, 1, 1]).\n\tsize mismatch for model.model.5.2.bn1.weight: copying a param with shape torch.Size([512]) from checkpoint, the shape in current model is torch.Size([256]).\n\tsize mismatch for model.model.5.2.bn1.bias: copying a param with shape torch.Size([512]) from checkpoint, the shape in current model is torch.Size([256]).\n\tsize mismatch for model.model.5.2.bn1.running_mean: copying a param with shape torch.Size([512]) from checkpoint, the shape in current model is torch.Size([256]).\n\tsize mismatch for model.model.5.2.bn1.running_var: copying a param with shape torch.Size([512]) from checkpoint, the shape in current model is torch.Size([256]).\n\tsize mismatch for model.model.5.2.conv2.weight: copying a param with shape torch.Size([512, 512, 3, 3]) from checkpoint, the shape in current model is torch.Size([256, 256, 3, 3]).\n\tsize mismatch for model.model.5.2.bn2.weight: copying a param with shape torch.Size([512]) from checkpoint, the shape in current model is torch.Size([256]).\n\tsize mismatch for model.model.5.2.bn2.bias: copying a param with shape torch.Size([512]) from checkpoint, the shape in current model is torch.Size([256]).\n\tsize mismatch for model.model.5.2.bn2.running_mean: copying a param with shape torch.Size([512]) from checkpoint, the shape in current model is torch.Size([256]).\n\tsize mismatch for model.model.5.2.bn2.running_var: copying a param with shape torch.Size([512]) from checkpoint, the shape in current model is torch.Size([256]).\n\tsize mismatch for model.model.5.2.conv3.weight: copying a param with shape torch.Size([2048, 512, 1, 1]) from checkpoint, the shape in current model is torch.Size([1024, 256, 1, 1]).\n\tsize mismatch for model.model.5.2.bn3.weight: copying a param with shape torch.Size([2048]) from checkpoint, the shape in current model is torch.Size([1024]).\n\tsize mismatch for model.model.5.2.bn3.bias: copying a param with shape torch.Size([2048]) from checkpoint, the shape in current model is torch.Size([1024]).\n\tsize mismatch for model.model.5.2.bn3.running_mean: copying a param with shape torch.Size([2048]) from checkpoint, the shape in current model is torch.Size([1024]).\n\tsize mismatch for model.model.5.2.bn3.running_var: copying a param with shape torch.Size([2048]) from checkpoint, the shape in current model is torch.Size([1024]).\nbackbone/stripped_for_backbone/strict=True: Error(s) in loading state_dict for LipReg_aa:\n\tMissing key(s) in state_dict: ""model.3.0.conv3.weight"", ""model.3.0.shortcut.0.weight"", ""model.3.0.shortcut.1.bias"", ""model.3.0.shortcut.1.running_mean"", ""model.3.0.shortcut.1.running_var"", ""model.5.3.conv1.weight"", ""model.5.3.bn1.weight"", ""model.5.3.bn1.bias"", ""model.5.3.bn1.running_mean"", ""model.5.3.bn1.running_var"", ""model.5.3.conv2.weight"", ""model.5.3.bn2.weight"", ""model.5.3.bn2.bias"", ""model.5.3.bn2.running_mean"", ""model.5.3.bn2.running_var"", ""model.5.3.conv3.weight"", ""model.5.3.bn3.weight"", ""model.5.3.bn3.bias"", ""model.5.3.bn3.running_mean"", ""model.5.3.bn3.running_var"", ""model.5.4.conv1.weight"", ""model.5.4.bn1.weight"", ""model.5.4.bn1.bias"", ""model.5.4.bn1.running_mean"", ""model.5.4.bn1.running_var"", ""model.5.4.conv2.weight"", ""model.5.4.bn2.weight"", ""model.5.4.bn2.bias"", ""model.5.4.bn2.running_mean"", ""model.5.4.bn2.running_var"", ""model.5.4.conv3.weight"", ""model.5.4.bn3.weight"", ""model.5.4.bn3.bias"", ""model.5.4.bn3.running_mean"", ""model.5.4.bn3.running_var"", ""model.5.5.conv1.weight"", ""model.5.5.bn1.weight"", ""model.5.5.bn1.bias"", ""model.5.5.bn1.running_mean"", ""model.5.5.bn1.running_var"", ""model.5.5.conv2.weight"", ""model.5.5.bn2.weight"", ""model.5.5.bn2.bias"", ""model.5.5.bn2.running_mean"", ""model.5.5.bn2.running_var"", ""model.5.5.conv3.weight"", ""model.5.5.bn3.weight"", ""model.5.5.bn3.bias"", ""model.5.5.bn3.running_mean"", ""model.5.5.bn3.running_var"", ""model.6.0.conv1.weight"", ""model.6.0.bn1.weight"", ""model.6.0.bn1.bias"", ""model.6.0.bn1.running_mean"", ""model.6.0.bn1.running_var"", ""model.6.0.conv2.weight"", ""model.6.0.bn2.weight"", ""model.6.0.bn2.bias"", ""model.6.0.bn2.running_mean"", ""model.6.0.bn2.running_var"", ""model.6.0.conv3.0.w"", ""model.6.0.conv3.1.weight"", ""model.6.0.bn3.weight"", ""model.6.0.bn3.bias"", ""model.6.0.bn3.running_mean"", ""model.6.0.bn3.running_var"", ""model.6.0.shortcut.0.w"", ""model.6.0.shortcut.1.weight"", ""model.6.0.shortcut.2.weight"", ""model.6.0.shortcut.2.bias"", ""model.6.0.shortcut.2.running_mean"", ""model.6.0.shortcut.2.running_var"", ""model.6.1.conv1.weight"", ""model.6.1.bn1.weight"", ""model.6.1.bn1.bias"", ""model.6.1.bn1.running_mean"", ""model.6.1.bn1.running_var"", ""model.6.1.conv2.weight"", ""model.6.1.bn2.weight"", ""model.6.1.bn2.bias"", ""model.6.1.bn2.running_mean"", ""model.6.1.bn2.running_var"", ""model.6.1.conv3.weight"", ""model.6.1.bn3.weight"", ""model.6.1.bn3.bias"", ""model.6.1.bn3.running_mean"", ""model.6.1.bn3.running_var"", ""model.6.2.conv1.weight"", ""model.6.2.bn1.weight"", ""model.6.2.bn1.bias"", ""model.6.2.bn1.running_mean"", ""model.6.2.bn1.running_var"", ""model.6.2.conv2.weight"", ""model.6.2.bn2.weight"", ""model.6.2.bn2.bias"", ""model.6.2.bn2.running_mean"", ""model.6.2.bn2.running_var"", ""model.6.2.conv3.weight"", ""model.6.2.bn3.weight"", ""model.6.2.bn3.bias"", ""model.6.2.bn3.running_mean"", ""model.6.2.bn3.running_var"". \n\tUnexpected key(s) in state_dict: ""model.2.0.conv1.weight"", ""model.2.0.bn1.weight"", ""model.2.0.bn1.bias"", ""model.2.0.bn1.running_mean"", ""model.2.0.bn1.running_var"", ""model.2.0.bn1.num_batches_tracked"", ""model.2.0.conv2.weight"", ""model.2.0.bn2.weight"", ""model.2.0.bn2.bias"", ""model.2.0.bn2.running_mean"", ""model.2.0.bn2.running_var"", ""model.2.0.bn2.num_batches_tracked"", ""model.2.0.conv3.weight"", ""model.2.0.bn3.weight"", ""model.2.0.bn3.bias"", ""model.2.0.bn3.running_mean"", ""model.2.0.bn3.running_var"", ""model.2.0.bn3.num_batches_tracked"", ""model.2.0.shortcut.0.weight"", ""model.2.0.shortcut.1.weight"", ""model.2.0.shortcut.1.bias"", ""model.2.0.shortcut.1.running_mean"", ""model.2.0.shortcut.1.running_var"", ""model.2.0.shortcut.1.num_batches_tracked"", ""model.2.1.conv1.weight"", ""model.2.1.bn1.weight"", ""model.2.1.bn1.bias"", ""model.2.1.bn1.running_mean"", ""model.2.1.bn1.running_var"", ""model.2.1.bn1.num_batches_tracked"", ""model.2.1.conv2.weight"", ""model.2.1.bn2.weight"", ""model.2.1.bn2.bias"", ""model.2.1.bn2.running_mean"", ""model.2.1.bn2.running_var"", ""model.2.1.bn2.num_batches_tracked"", ""model.2.1.conv3.weight"", ""model.2.1.bn3.weight"", ""model.2.1.bn3.bias"", ""model.2.1.bn3.running_mean"", ""model.2.1.bn3.running_var"", ""model.2.1.bn3.num_batches_tracked"", ""model.2.2.conv1.weight"", ""model.2.2.bn1.weight"", ""model.2.2.bn1.bias"", ""model.2.2.bn1.running_mean"", ""model.2.2.bn1.running_var"", ""model.2.2.bn1.num_batches_tracked"", ""model.2.2.conv2.weight"", ""model.2.2.bn2.weight"", ""model.2.2.bn2.bias"", ""model.2.2.bn2.running_mean"", ""model.2.2.bn2.running_var"", ""model.2.2.bn2.num_batches_tracked"", ""model.2.2.conv3.weight"", ""model.2.2.bn3.weight"", ""model.2.2.bn3.bias"", ""model.2.2.bn3.running_mean"", ""model.2.2.bn3.running_var"", ""model.2.2.bn3.num_batches_tracked"", ""model.3.3.conv1.weight"", ""model.3.3.bn1.weight"", ""model.3.3.bn1.bias"", ""model.3.3.bn1.running_mean"", ""model.3.3.bn1.running_var"", ""model.3.3.bn1.num_batches_tracked"", ""model.3.3.conv2.weight"", ""model.3.3.bn2.weight"", ""model.3.3.bn2.bias"", ""model.3.3.bn2.running_mean"", ""model.3.3.bn2.running_var"", ""model.3.3.bn2.num_batches_tracked"", ""model.3.3.conv3.weight"", ""model.3.3.bn3.weight"", ""model.3.3.bn3.bias"", ""model.3.3.bn3.running_mean"", ""model.3.3.bn3.running_var"", ""model.3.3.bn3.num_batches_tracked"", ""model.3.0.conv3.0.w"", ""model.3.0.conv3.1.weight"", ""model.3.0.shortcut.2.weight"", ""model.3.0.shortcut.2.bias"", ""model.3.0.shortcut.2.running_mean"", ""model.3.0.shortcut.2.running_var"", ""model.3.0.shortcut.2.num_batches_tracked"", ""model.3.0.shortcut.0.w"", ""model.4.4.conv1.weight"", ""model.4.4.bn1.weight"", ""model.4.4.bn1.bias"", ""model.4.4.bn1.running_mean"", ""model.4.4.bn1.running_var"", ""model.4.4.bn1.num_batches_tracked"", ""model.4.4.conv2.weight"", ""model.4.4.bn2.weight"", ""model.4.4.bn2.bias"", ""model.4.4.bn2.running_mean"", ""model.4.4.bn2.running_var"", ""model.4.4.bn2.num_batches_tracked"", ""model.4.4.conv3.weight"", ""model.4.4.bn3.weight"", ""model.4.4.bn3.bias"", ""model.4.4.bn3.running_mean"", ""model.4.4.bn3.running_var"", ""model.4.4.bn3.num_batches_tracked"", ""model.4.5.conv1.weight"", ""model.4.5.bn1.weight"", ""model.4.5.bn1.bias"", ""model.4.5.bn1.running_mean"", ""model.4.5.bn1.running_var"", ""model.4.5.bn1.num_batches_tracked"", ""model.4.5.conv2.weight"", ""model.4.5.bn2.weight"", ""model.4.5.bn2.bias"", ""model.4.5.bn2.running_mean"", ""model.4.5.bn2.running_var"", ""model.4.5.bn2.num_batches_tracked"", ""model.4.5.conv3.weight"", ""model.4.5.bn3.weight"", ""model.4.5.bn3.bias"", ""model.4.5.bn3.running_mean"", ""model.4.5.bn3.running_var"", ""model.4.5.bn3.num_batches_tracked"". \n\tsize mismatch for model.3.0.conv1.weight: copying a param with shape torch.Size([128, 256, 1, 1]) from checkpoint, the shape in current model is torch.Size([64, 64, 1, 1]).\n\tsize mismatch for model.3.0.bn1.weight: copying a param with shape torch.Size([128]) from checkpoint, the shape in current model is torch.Size([64]).\n\tsize mismatch for model.3.0.bn1.bias: copying a param with shape torch.Size([128]) from checkpoint, the shape in current model is torch.Size([64]).\n\tsize mismatch for model.3.0.bn1.running_mean: copying a param with shape torch.Size([128]) from checkpoint, the shape in current model is torch.Size([64]).\n\tsize mismatch for model.3.0.bn1.running_var: copying a param with shape torch.Size([128]) from checkpoint, the shape in current model is torch.Size([64]).\n\tsize mismatch for model.3.0.conv2.weight: copying a param with shape torch.Size([128, 128, 3, 3]) from checkpoint, the shape in current model is torch.Size([64, 64, 3, 3]).\n\tsize mismatch for model.3.0.bn2.weight: copying a param with shape torch.Size([128]) from checkpoint, the shape in current model is torch.Size([64]).\n\tsize mismatch for model.3.0.bn2.bias: copying a param with shape torch.Size([128]) from checkpoint, the shape in current model is torch.Size([64]).\n\tsize mismatch for model.3.0.bn2.running_mean: copying a param with shape torch.Size([128]) from checkpoint, the shape in current model is torch.Size([64]).\n\tsize mismatch for model.3.0.bn2.running_var: copying a param with shape torch.Size([128]) from checkpoint, the shape in current model is torch.Size([64]).\n\tsize mismatch for model.3.0.bn3.weight: copying a param with shape torch.Size([512]) from checkpoint, the shape in current model is torch.Size([256]).\n\tsize mismatch for model.3.0.bn3.bias: copying a param with shape torch.Size([512]) from checkpoint, the shape in current model is torch.Size([256]).\n\tsize mismatch for model.3.0.bn3.running_mean: copying a param with shape torch.Size([512]) from checkpoint, the shape in current model is torch.Size([256]).\n\tsize mismatch for model.3.0.bn3.running_var: copying a param with shape torch.Size([512]) from checkpoint, the shape in current model is torch.Size([256]).\n\tsize mismatch for model.3.0.shortcut.1.weight: copying a param with shape torch.Size([512, 256, 1, 1]) from checkpoint, the shape in current model is torch.Size([256]).\n\tsize mismatch for model.3.1.conv1.weight: copying a param with shape torch.Size([128, 512, 1, 1]) from checkpoint, the shape in current model is torch.Size([64, 256, 1, 1]).\n\tsize mismatch for model.3.1.bn1.weight: copying a param with shape torch.Size([128]) from checkpoint, the shape in current model is torch.Size([64]).\n\tsize mismatch for model.3.1.bn1.bias: copying a param with shape torch.Size([128]) from checkpoint, the shape in current model is torch.Size([64]).\n\tsize mismatch for model.3.1.bn1.running_mean: copying a param with shape torch.Size([128]) from checkpoint, the shape in current model is torch.Size([64]).\n\tsize mismatch for model.3.1.bn1.running_var: copying a param with shape torch.Size([128]) from checkpoint, the shape in current model is torch.Size([64]).\n\tsize mismatch for model.3.1.conv2.weight: copying a param with shape torch.Size([128, 128, 3, 3]) from checkpoint, the shape in current model is torch.Size([64, 64, 3, 3]).\n\tsize mismatch for model.3.1.bn2.weight: copying a param with shape torch.Size([128]) from checkpoint, the shape in current model is torch.Size([64]).\n\tsize mismatch for model.3.1.bn2.bias: copying a param with shape torch.Size([128]) from checkpoint, the shape in current model is torch.Size([64]).\n\tsize mismatch for model.3.1.bn2.running_mean: copying a param with shape torch.Size([128]) from checkpoint, the shape in current model is torch.Size([64]).\n\tsize mismatch for model.3.1.bn2.running_var: copying a param with shape torch.Size([128]) from checkpoint, the shape in current model is torch.Size([64]).\n\tsize mismatch for model.3.1.conv3.weight: copying a param with shape torch.Size([512, 128, 1, 1]) from checkpoint, the shape in current model is torch.Size([256, 64, 1, 1]).\n\tsize mismatch for model.3.1.bn3.weight: copying a param with shape torch.Size([512]) from checkpoint, the shape in current model is torch.Size([256]).\n\tsize mismatch for model.3.1.bn3.bias: copying a param with shape torch.Size([512]) from checkpoint, the shape in current model is torch.Size([256]).\n\tsize mismatch for model.3.1.bn3.running_mean: copying a param with shape torch.Size([512]) from checkpoint, the shape in current model is torch.Size([256]).\n\tsize mismatch for model.3.1.bn3.running_var: copying a param with shape torch.Size([512]) from checkpoint, the shape in current model is torch.Size([256]).\n\tsize mismatch for model.3.2.conv1.weight: copying a param with shape torch.Size([128, 512, 1, 1]) from checkpoint, the shape in current model is torch.Size([64, 256, 1, 1]).\n\tsize mismatch for model.3.2.bn1.weight: copying a param with shape torch.Size([128]) from checkpoint, the shape in current model is torch.Size([64]).\n\tsize mismatch for model.3.2.bn1.bias: copying a param with shape torch.Size([128]) from checkpoint, the shape in current model is torch.Size([64]).\n\tsize mismatch for model.3.2.bn1.running_mean: copying a param with shape torch.Size([128]) from checkpoint, the shape in current model is torch.Size([64]).\n\tsize mismatch for model.3.2.bn1.running_var: copying a param with shape torch.Size([128]) from checkpoint, the shape in current model is torch.Size([64]).\n\tsize mismatch for model.3.2.conv2.weight: copying a param with shape torch.Size([128, 128, 3, 3]) from checkpoint, the shape in current model is torch.Size([64, 64, 3, 3]).\n\tsize mismatch for model.3.2.bn2.weight: copying a param with shape torch.Size([128]) from checkpoint, the shape in current model is torch.Size([64]).\n\tsize mismatch for model.3.2.bn2.bias: copying a param with shape torch.Size([128]) from checkpoint, the shape in current model is torch.Size([64]).\n\tsize mismatch for model.3.2.bn2.running_mean: copying a param with shape torch.Size([128]) from checkpoint, the shape in current model is torch.Size([64]).\n\tsize mismatch for model.3.2.bn2.running_var: copying a param with shape torch.Size([128]) from checkpoint, the shape in current model is torch.Size([64]).\n\tsize mismatch for model.3.2.conv3.weight: copying a param with shape torch.Size([512, 128, 1, 1]) from checkpoint, the shape in current model is torch.Size([256, 64, 1, 1]).\n\tsize mismatch for model.3.2.bn3.weight: copying a param with shape torch.Size([512]) from checkpoint, the shape in current model is torch.Size([256]).\n\tsize mismatch for model.3.2.bn3.bias: copying a param with shape torch.Size([512]) from checkpoint, the shape in current model is torch.Size([256]).\n\tsize mismatch for model.3.2.bn3.running_mean: copying a param with shape torch.Size([512]) from checkpoint, the shape in current model is torch.Size([256]).\n\tsize mismatch for model.3.2.bn3.running_var: copying a param with shape torch.Size([512]) from checkpoint, the shape in current model is torch.Size([256]).\n\tsize mismatch for model.4.0.conv1.weight: copying a param with shape torch.Size([256, 512, 1, 1]) from checkpoint, the shape in current model is torch.Size([128, 256, 1, 1]).\n\tsize mismatch for model.4.0.bn1.weight: copying a param with shape torch.Size([256]) from checkpoint, the shape in current model is torch.Size([128]).\n\tsize mismatch for model.4.0.bn1.bias: copying a param with shape torch.Size([256]) from checkpoint, the shape in current model is torch.Size([128]).\n\tsize mismatch for model.4.0.bn1.running_mean: copying a param with shape torch.Size([256]) from checkpoint, the shape in current model is torch.Size([128]).\n\tsize mismatch for model.4.0.bn1.running_var: copying a param with shape torch.Size([256]) from checkpoint, the shape in current model is torch.Size([128]).\n\tsize mismatch for model.4.0.conv2.weight: copying a param with shape torch.Size([256, 256, 3, 3]) from checkpoint, the shape in current model is torch.Size([128, 128, 3, 3]).\n\tsize mismatch for model.4.0.bn2.weight: copying a param with shape torch.Size([256]) from checkpoint, the shape in current model is torch.Size([128]).\n\tsize mismatch for model.4.0.bn2.bias: copying a param with shape torch.Size([256]) from checkpoint, the shape in current model is torch.Size([128]).\n\tsize mismatch for model.4.0.bn2.running_mean: copying a param with shape torch.Size([256]) from checkpoint, the shape in current model is torch.Size([128]).\n\tsize mismatch for model.4.0.bn2.running_var: copying a param with shape torch.Size([256]) from checkpoint, the shape in current model is torch.Size([128]).\n\tsize mismatch for model.4.0.conv3.1.weight: copying a param with shape torch.Size([1024, 256, 1, 1]) from checkpoint, the shape in current model is torch.Size([512, 128, 1, 1]).\n\tsize mismatch for model.4.0.bn3.weight: copying a param with shape torch.Size([1024]) from checkpoint, the shape in current model is torch.Size([512]).\n\tsize mismatch for model.4.0.bn3.bias: copying a param with shape torch.Size([1024]) from checkpoint, the shape in current model is torch.Size([512]).\n\tsize mismatch for model.4.0.bn3.running_mean: copying a param with shape torch.Size([1024]) from checkpoint, the shape in current model is torch.Size([512]).\n\tsize mismatch for model.4.0.bn3.running_var: copying a param with shape torch.Size([1024]) from checkpoint, the shape in current model is torch.Size([512]).\n\tsize mismatch for model.4.0.shortcut.1.weight: copying a param with shape torch.Size([1024, 512, 1, 1]) from checkpoint, the shape in current model is torch.Size([512, 256, 1, 1]).\n\tsize mismatch for model.4.0.shortcut.2.weight: copying a param with shape torch.Size([1024]) from checkpoint, the shape in current model is torch.Size([512]).\n\tsize mismatch for model.4.0.shortcut.2.bias: copying a param with shape torch.Size([1024]) from checkpoint, the shape in current model is torch.Size([512]).\n\tsize mismatch for model.4.0.shortcut.2.running_mean: copying a param with shape torch.Size([1024]) from checkpoint, the shape in current model is torch.Size([512]).\n\tsize mismatch for model.4.0.shortcut.2.running_var: copying a param with shape torch.Size([1024]) from checkpoint, the shape in current model is torch.Size([512]).\n\tsize mismatch for model.4.1.conv1.weight: copying a param with shape torch.Size([256, 1024, 1, 1]) from checkpoint, the shape in current model is torch.Size([128, 512, 1, 1]).\n\tsize mismatch for model.4.1.bn1.weight: copying a param with shape torch.Size([256]) from checkpoint, the shape in current model is torch.Size([128]).\n\tsize mismatch for model.4.1.bn1.bias: copying a param with shape torch.Size([256]) from checkpoint, the shape in current model is torch.Size([128]).\n\tsize mismatch for model.4.1.bn1.running_mean: copying a param with shape torch.Size([256]) from checkpoint, the shape in current model is torch.Size([128]).\n\tsize mismatch for model.4.1.bn1.running_var: copying a param with shape torch.Size([256]) from checkpoint, the shape in current model is torch.Size([128]).\n\tsize mismatch for model.4.1.conv2.weight: copying a param with shape torch.Size([256, 256, 3, 3]) from checkpoint, the shape in current model is torch.Size([128, 128, 3, 3]).\n\tsize mismatch for model.4.1.bn2.weight: copying a param with shape torch.Size([256]) from checkpoint, the shape in current model is torch.Size([128]).\n\tsize mismatch for model.4.1.bn2.bias: copying a param with shape torch.Size([256]) from checkpoint, the shape in current model is torch.Size([128]).\n\tsize mismatch for model.4.1.bn2.running_mean: copying a param with shape torch.Size([256]) from checkpoint, the shape in current model is torch.Size([128]).\n\tsize mismatch for model.4.1.bn2.running_var: copying a param with shape torch.Size([256]) from checkpoint, the shape in current model is torch.Size([128]).\n\tsize mismatch for model.4.1.conv3.weight: copying a param with shape torch.Size([1024, 256, 1, 1]) from checkpoint, the shape in current model is torch.Size([512, 128, 1, 1]).\n\tsize mismatch for model.4.1.bn3.weight: copying a param with shape torch.Size([1024]) from checkpoint, the shape in current model is torch.Size([512]).\n\tsize mismatch for model.4.1.bn3.bias: copying a param with shape torch.Size([1024]) from checkpoint, the shape in current model is torch.Size([512]).\n\tsize mismatch for model.4.1.bn3.running_mean: copying a param with shape torch.Size([1024]) from checkpoint, the shape in current model is torch.Size([512]).\n\tsize mismatch for model.4.1.bn3.running_var: copying a param with shape torch.Size([1024]) from checkpoint, the shape in current model is torch.Size([512]).\n\tsize mismatch for model.4.2.conv1.weight: copying a param with shape torch.Size([256, 1024, 1, 1]) from checkpoint, the shape in current model is torch.Size([128, 512, 1, 1]).\n\tsize mismatch for model.4.2.bn1.weight: copying a param with shape torch.Size([256]) from checkpoint, the shape in current model is torch.Size([128]).\n\tsize mismatch for model.4.2.bn1.bias: copying a param with shape torch.Size([256]) from checkpoint, the shape in current model is torch.Size([128]).\n\tsize mismatch for model.4.2.bn1.running_mean: copying a param with shape torch.Size([256]) from checkpoint, the shape in current model is torch.Size([128]).\n\tsize mismatch for model.4.2.bn1.running_var: copying a param with shape torch.Size([256]) from checkpoint, the shape in current model is torch.Size([128]).\n\tsize mismatch for model.4.2.conv2.weight: copying a param with shape torch.Size([256, 256, 3, 3]) from checkpoint, the shape in current model is torch.Size([128, 128, 3, 3]).\n\tsize mismatch for model.4.2.bn2.weight: copying a param with shape torch.Size([256]) from checkpoint, the shape in current model is torch.Size([128]).\n\tsize mismatch for model.4.2.bn2.bias: copying a param with shape torch.Size([256]) from checkpoint, the shape in current model is torch.Size([128]).\n\tsize mismatch for model.4.2.bn2.running_mean: copying a param with shape torch.Size([256]) from checkpoint, the shape in current model is torch.Size([128]).\n\tsize mismatch for model.4.2.bn2.running_var: copying a param with shape torch.Size([256]) from checkpoint, the shape in current model is torch.Size([128]).\n\tsize mismatch for model.4.2.conv3.weight: copying a param with shape torch.Size([1024, 256, 1, 1]) from checkpoint, the shape in current model is torch.Size([512, 128, 1, 1]).\n\tsize mismatch for model.4.2.bn3.weight: copying a param with shape torch.Size([1024]) from checkpoint, the shape in current model is torch.Size([512]).\n\tsize mismatch for model.4.2.bn3.bias: copying a param with shape torch.Size([1024]) from checkpoint, the shape in current model is torch.Size([512]).\n\tsize mismatch for model.4.2.bn3.running_mean: copying a param with shape torch.Size([1024]) from checkpoint, the shape in current model is torch.Size([512]).\n\tsize mismatch for model.4.2.bn3.running_var: copying a param with shape torch.Size([1024]) from checkpoint, the shape in current model is torch.Size([512]).\n\tsize mismatch for model.4.3.conv1.weight: copying a param with shape torch.Size([256, 1024, 1, 1]) from checkpoint, the shape in current model is torch.Size([128, 512, 1, 1]).\n\tsize mismatch for model.4.3.bn1.weight: copying a param with shape torch.Size([256]) from checkpoint, the shape in current model is torch.Size([128]).\n\tsize mismatch for model.4.3.bn1.bias: copying a param with shape torch.Size([256]) from checkpoint, the shape in current model is torch.Size([128]).\n\tsize mismatch for model.4.3.bn1.running_mean: copying a param with shape torch.Size([256]) from checkpoint, the shape in current model is torch.Size([128]).\n\tsize mismatch for model.4.3.bn1.running_var: copying a param with shape torch.Size([256]) from checkpoint, the shape in current model is torch.Size([128]).\n\tsize mismatch for model.4.3.conv2.weight: copying a param with shape torch.Size([256, 256, 3, 3]) from checkpoint, the shape in current model is torch.Size([128, 128, 3, 3]).\n\tsize mismatch for model.4.3.bn2.weight: copying a param with shape torch.Size([256]) from checkpoint, the shape in current model is torch.Size([128]).\n\tsize mismatch for model.4.3.bn2.bias: copying a param with shape torch.Size([256]) from checkpoint, the shape in current model is torch.Size([128]).\n\tsize mismatch for model.4.3.bn2.running_mean: copying a param with shape torch.Size([256]) from checkpoint, the shape in current model is torch.Size([128]).\n\tsize mismatch for model.4.3.bn2.running_var: copying a param with shape torch.Size([256]) from checkpoint, the shape in current model is torch.Size([128]).\n\tsize mismatch for model.4.3.conv3.weight: copying a param with shape torch.Size([1024, 256, 1, 1]) from checkpoint, the shape in current model is torch.Size([512, 128, 1, 1]).\n\tsize mismatch for model.4.3.bn3.weight: copying a param with shape torch.Size([1024]) from checkpoint, the shape in current model is torch.Size([512]).\n\tsize mismatch for model.4.3.bn3.bias: copying a param with shape torch.Size([1024]) from checkpoint, the shape in current model is torch.Size([512]).\n\tsize mismatch for model.4.3.bn3.running_mean: copying a param with shape torch.Size([1024]) from checkpoint, the shape in current model is torch.Size([512]).\n\tsize mismatch for model.4.3.bn3.running_var: copying a param with shape torch.Size([1024]) from checkpoint, the shape in current model is torch.Size([512]).\n\tsize mismatch for model.5.0.conv1.weight: copying a param with shape torch.Size([512, 1024, 1, 1]) from checkpoint, the shape in current model is torch.Size([256, 512, 1, 1]).\n\tsize mismatch for model.5.0.bn1.weight: copying a param with shape torch.Size([512]) from checkpoint, the shape in current model is torch.Size([256]).\n\tsize mismatch for model.5.0.bn1.bias: copying a param with shape torch.Size([512]) from checkpoint, the shape in current model is torch.Size([256]).\n\tsize mismatch for model.5.0.bn1.running_mean: copying a param with shape torch.Size([512]) from checkpoint, the shape in current model is torch.Size([256]).\n\tsize mismatch for model.5.0.bn1.running_var: copying a param with shape torch.Size([512]) from checkpoint, the shape in current model is torch.Size([256]).\n\tsize mismatch for model.5.0.conv2.weight: copying a param with shape torch.Size([512, 512, 3, 3]) from checkpoint, the shape in current model is torch.Size([256, 256, 3, 3]).\n\tsize mismatch for model.5.0.bn2.weight: copying a param with shape torch.Size([512]) from checkpoint, the shape in current model is torch.Size([256]).\n\tsize mismatch for model.5.0.bn2.bias: copying a param with shape torch.Size([512]) from checkpoint, the shape in current model is torch.Size([256]).\n\tsize mismatch for model.5.0.bn2.running_mean: copying a param with shape torch.Size([512]) from checkpoint, the shape in current model is torch.Size([256]).\n\tsize mismatch for model.5.0.bn2.running_var: copying a param with shape torch.Size([512]) from checkpoint, the shape in current model is torch.Size([256]).\n\tsize mismatch for model.5.0.conv3.1.weight: copying a param with shape torch.Size([2048, 512, 1, 1]) from checkpoint, the shape in current model is torch.Size([1024, 256, 1, 1]).\n\tsize mismatch for model.5.0.bn3.weight: copying a param with shape torch.Size([2048]) from checkpoint, the shape in current model is torch.Size([1024]).\n\tsize mismatch for model.5.0.bn3.bias: copying a param with shape torch.Size([2048]) from checkpoint, the shape in current model is torch.Size([1024]).\n\tsize mismatch for model.5.0.bn3.running_mean: copying a param with shape torch.Size([2048]) from checkpoint, the shape in current model is torch.Size([1024]).\n\tsize mismatch for model.5.0.bn3.running_var: copying a param with shape torch.Size([2048]) from checkpoint, the shape in current model is torch.Size([1024]).\n\tsize mismatch for model.5.0.shortcut.1.weight: copying a param with shape torch.Size([2048, 1024, 1, 1]) from checkpoint, the shape in current model is torch.Size([1024, 512, 1, 1]).\n\tsize mismatch for model.5.0.shortcut.2.weight: copying a param with shape torch.Size([2048]) from checkpoint, the shape in current model is torch.Size([1024]).\n\tsize mismatch for model.5.0.shortcut.2.bias: copying a param with shape torch.Size([2048]) from checkpoint, the shape in current model is torch.Size([1024]).\n\tsize mismatch for model.5.0.shortcut.2.running_mean: copying a param with shape torch.Size([2048]) from checkpoint, the shape in current model is torch.Size([1024]).\n\tsize mismatch for model.5.0.shortcut.2.running_var: copying a param with shape torch.Size([2048]) from checkpoint, the shape in current model is torch.Size([1024]).\n\tsize mismatch for model.5.1.conv1.weight: copying a param with shape torch.Size([512, 2048, 1, 1]) from checkpoint, the shape in current model is torch.Size([256, 1024, 1, 1]).\n\tsize mismatch for model.5.1.bn1.weight: copying a param with shape torch.Size([512]) from checkpoint, the shape in current model is torch.Size([256]).\n\tsize mismatch for model.5.1.bn1.bias: copying a param with shape torch.Size([512]) from checkpoint, the shape in current model is torch.Size([256]).\n\tsize mismatch for model.5.1.bn1.running_mean: copying a param with shape torch.Size([512]) from checkpoint, the shape in current model is torch.Size([256]).\n\tsize mismatch for model.5.1.bn1.running_var: copying a param with shape torch.Size([512]) from checkpoint, the shape in current model is torch.Size([256]).\n\tsize mismatch for model.5.1.conv2.weight: copying a param with shape torch.Size([512, 512, 3, 3]) from checkpoint, the shape in current model is torch.Size([256, 256, 3, 3]).\n\tsize mismatch for model.5.1.bn2.weight: copying a param with shape torch.Size([512]) from checkpoint, the shape in current model is torch.Size([256]).\n\tsize mismatch for model.5.1.bn2.bias: copying a param with shape torch.Size([512]) from checkpoint, the shape in current model is torch.Size([256]).\n\tsize mismatch for model.5.1.bn2.running_mean: copying a param with shape torch.Size([512]) from checkpoint, the shape in current model is torch.Size([256]).\n\tsize mismatch for model.5.1.bn2.running_var: copying a param with shape torch.Size([512]) from checkpoint, the shape in current model is torch.Size([256]).\n\tsize mismatch for model.5.1.conv3.weight: copying a param with shape torch.Size([2048, 512, 1, 1]) from checkpoint, the shape in current model is torch.Size([1024, 256, 1, 1]).\n\tsize mismatch for model.5.1.bn3.weight: copying a param with shape torch.Size([2048]) from checkpoint, the shape in current model is torch.Size([1024]).\n\tsize mismatch for model.5.1.bn3.bias: copying a param with shape torch.Size([2048]) from checkpoint, the shape in current model is torch.Size([1024]).\n\tsize mismatch for model.5.1.bn3.running_mean: copying a param with shape torch.Size([2048]) from checkpoint, the shape in current model is torch.Size([1024]).\n\tsize mismatch for model.5.1.bn3.running_var: copying a param with shape torch.Size([2048]) from checkpoint, the shape in current model is torch.Size([1024]).\n\tsize mismatch for model.5.2.conv1.weight: copying a param with shape torch.Size([512, 2048, 1, 1]) from checkpoint, the shape in current model is torch.Size([256, 1024, 1, 1]).\n\tsize mismatch for model.5.2.bn1.weight: copying a param with shape torch.Size([512]) from checkpoint, the shape in current model is torch.Size([256]).\n\tsize mismatch for model.5.2.bn1.bias: copying a param with shape torch.Size([512]) from checkpoint, the shape in current model is torch.Size([256]).\n\tsize mismatch for model.5.2.bn1.running_mean: copying a param with shape torch.Size([512]) from checkpoint, the shape in current model is torch.Size([256]).\n\tsize mismatch for model.5.2.bn1.running_var: copying a param with shape torch.Size([512]) from checkpoint, the shape in current model is torch.Size([256]).\n\tsize mismatch for model.5.2.conv2.weight: copying a param with shape torch.Size([512, 512, 3, 3]) from checkpoint, the shape in current model is torch.Size([256, 256, 3, 3]).\n\tsize mismatch for model.5.2.bn2.weight: copying a param with shape torch.Size([512]) from checkpoint, the shape in current model is torch.Size([256]).\n\tsize mismatch for model.5.2.bn2.bias: copying a param with shape torch.Size([512]) from checkpoint, the shape in current model is torch.Size([256]).\n\tsize mismatch for model.5.2.bn2.running_mean: copying a param with shape torch.Size([512]) from checkpoint, the shape in current model is torch.Size([256]).\n\tsize mismatch for model.5.2.bn2.running_var: copying a param with shape torch.Size([512]) from checkpoint, the shape in current model is torch.Size([256]).\n\tsize mismatch for model.5.2.conv3.weight: copying a param with shape torch.Size([2048, 512, 1, 1]) from checkpoint, the shape in current model is torch.Size([1024, 256, 1, 1]).\n\tsize mismatch for model.5.2.bn3.weight: copying a param with shape torch.Size([2048]) from checkpoint, the shape in current model is torch.Size([1024]).\n\tsize mismatch for model.5.2.bn3.bias: copying a param with shape torch.Size([2048]) from checkpoint, the shape in current model is torch.Size([1024]).\n\tsize mismatch for model.5.2.bn3.running_mean: copying a param with shape torch.Size([2048]) from checkpoint, the shape in current model is torch.Size([1024]).\n\tsize mismatch for model.5.2.bn3.running_var: copying a param with shape torch.Size([2048]) from checkpoint, the shape in current model is torch.Size([1024]).\nbackbone/stripped_for_backbone/strict=False: Error(s) in loading state_dict for LipReg_aa:\n\tsize mismatch for model.3.0.conv1.weight: copying a param with shape torch.Size([128, 256, 1, 1]) from checkpoint, the shape in current model is torch.Size([64, 64, 1, 1]).\n\tsize mismatch for model.3.0.bn1.weight: copying a param with shape torch.Size([128]) from checkpoint, the shape in current model is torch.Size([64]).\n\tsize mismatch for model.3.0.bn1.bias: copying a param with shape torch.Size([128]) from checkpoint, the shape in current model is torch.Size([64]).\n\tsize mismatch for model.3.0.bn1.running_mean: copying a param with shape torch.Size([128]) from checkpoint, the shape in current model is torch.Size([64]).\n\tsize mismatch for model.3.0.bn1.running_var: copying a param with shape torch.Size([128]) from checkpoint, the shape in current model is torch.Size([64]).\n\tsize mismatch for model.3.0.conv2.weight: copying a param with shape torch.Size([128, 128, 3, 3]) from checkpoint, the shape in current model is torch.Size([64, 64, 3, 3]).\n\tsize mismatch for model.3.0.bn2.weight: copying a param with shape torch.Size([128]) from checkpoint, the shape in current model is torch.Size([64]).\n\tsize mismatch for model.3.0.bn2.bias: copying a param with shape torch.Size([128]) from checkpoint, the shape in current model is torch.Size([64]).\n\tsize mismatch for model.3.0.bn2.running_mean: copying a param with shape torch.Size([128]) from checkpoint, the shape in current model is torch.Size([64]).\n\tsize mismatch for model.3.0.bn2.running_var: copying a param with shape torch.Size([128]) from checkpoint, the shape in current model is torch.Size([64]).\n\tsize mismatch for model.3.0.bn3.weight: copying a param with shape torch.Size([512]) from checkpoint, the shape in current model is torch.Size([256]).\n\tsize mismatch for model.3.0.bn3.bias: copying a param with shape torch.Size([512]) from checkpoint, the shape in current model is torch.Size([256]).\n\tsize mismatch for model.3.0.bn3.running_mean: copying a param with shape torch.Size([512]) from checkpoint, the shape in current model is torch.Size([256]).\n\tsize mismatch for model.3.0.bn3.running_var: copying a param with shape torch.Size([512]) from checkpoint, the shape in current model is torch.Size([256]).\n\tsize mismatch for model.3.0.shortcut.1.weight: copying a param with shape torch.Size([512, 256, 1, 1]) from checkpoint, the shape in current model is torch.Size([256]).\n\tsize mismatch for model.3.1.conv1.weight: copying a param with shape torch.Size([128, 512, 1, 1]) from checkpoint, the shape in current model is torch.Size([64, 256, 1, 1]).\n\tsize mismatch for model.3.1.bn1.weight: copying a param with shape torch.Size([128]) from checkpoint, the shape in current model is torch.Size([64]).\n\tsize mismatch for model.3.1.bn1.bias: copying a param with shape torch.Size([128]) from checkpoint, the shape in current model is torch.Size([64]).\n\tsize mismatch for model.3.1.bn1.running_mean: copying a param with shape torch.Size([128]) from checkpoint, the shape in current model is torch.Size([64]).\n\tsize mismatch for model.3.1.bn1.running_var: copying a param with shape torch.Size([128]) from checkpoint, the shape in current model is torch.Size([64]).\n\tsize mismatch for model.3.1.conv2.weight: copying a param with shape torch.Size([128, 128, 3, 3]) from checkpoint, the shape in current model is torch.Size([64, 64, 3, 3]).\n\tsize mismatch for model.3.1.bn2.weight: copying a param with shape torch.Size([128]) from checkpoint, the shape in current model is torch.Size([64]).\n\tsize mismatch for model.3.1.bn2.bias: copying a param with shape torch.Size([128]) from checkpoint, the shape in current model is torch.Size([64]).\n\tsize mismatch for model.3.1.bn2.running_mean: copying a param with shape torch.Size([128]) from checkpoint, the shape in current model is torch.Size([64]).\n\tsize mismatch for model.3.1.bn2.running_var: copying a param with shape torch.Size([128]) from checkpoint, the shape in current model is torch.Size([64]).\n\tsize mismatch for model.3.1.conv3.weight: copying a param with shape torch.Size([512, 128, 1, 1]) from checkpoint, the shape in current model is torch.Size([256, 64, 1, 1]).\n\tsize mismatch for model.3.1.bn3.weight: copying a param with shape torch.Size([512]) from checkpoint, the shape in current model is torch.Size([256]).\n\tsize mismatch for model.3.1.bn3.bias: copying a param with shape torch.Size([512]) from checkpoint, the shape in current model is torch.Size([256]).\n\tsize mismatch for model.3.1.bn3.running_mean: copying a param with shape torch.Size([512]) from checkpoint, the shape in current model is torch.Size([256]).\n\tsize mismatch for model.3.1.bn3.running_var: copying a param with shape torch.Size([512]) from checkpoint, the shape in current model is torch.Size([256]).\n\tsize mismatch for model.3.2.conv1.weight: copying a param with shape torch.Size([128, 512, 1, 1]) from checkpoint, the shape in current model is torch.Size([64, 256, 1, 1]).\n\tsize mismatch for model.3.2.bn1.weight: copying a param with shape torch.Size([128]) from checkpoint, the shape in current model is torch.Size([64]).\n\tsize mismatch for model.3.2.bn1.bias: copying a param with shape torch.Size([128]) from checkpoint, the shape in current model is torch.Size([64]).\n\tsize mismatch for model.3.2.bn1.running_mean: copying a param with shape torch.Size([128]) from checkpoint, the shape in current model is torch.Size([64]).\n\tsize mismatch for model.3.2.bn1.running_var: copying a param with shape torch.Size([128]) from checkpoint, the shape in current model is torch.Size([64]).\n\tsize mismatch for model.3.2.conv2.weight: copying a param with shape torch.Size([128, 128, 3, 3]) from checkpoint, the shape in current model is torch.Size([64, 64, 3, 3]).\n\tsize mismatch for model.3.2.bn2.weight: copying a param with shape torch.Size([128]) from checkpoint, the shape in current model is torch.Size([64]).\n\tsize mismatch for model.3.2.bn2.bias: copying a param with shape torch.Size([128]) from checkpoint, the shape in current model is torch.Size([64]).\n\tsize mismatch for model.3.2.bn2.running_mean: copying a param with shape torch.Size([128]) from checkpoint, the shape in current model is torch.Size([64]).\n\tsize mismatch for model.3.2.bn2.running_var: copying a param with shape torch.Size([128]) from checkpoint, the shape in current model is torch.Size([64]).\n\tsize mismatch for model.3.2.conv3.weight: copying a param with shape torch.Size([512, 128, 1, 1]) from checkpoint, the shape in current model is torch.Size([256, 64, 1, 1]).\n\tsize mismatch for model.3.2.bn3.weight: copying a param with shape torch.Size([512]) from checkpoint, the shape in current model is torch.Size([256]).\n\tsize mismatch for model.3.2.bn3.bias: copying a param with shape torch.Size([512]) from checkpoint, the shape in current model is torch.Size([256]).\n\tsize mismatch for model.3.2.bn3.running_mean: copying a param with shape torch.Size([512]) from checkpoint, the shape in current model is torch.Size([256]).\n\tsize mismatch for model.3.2.bn3.running_var: copying a param with shape torch.Size([512]) from checkpoint, the shape in current model is torch.Size([256]).\n\tsize mismatch for model.4.0.conv1.weight: copying a param with shape torch.Size([256, 512, 1, 1]) from checkpoint, the shape in current model is torch.Size([128, 256, 1, 1]).\n\tsize mismatch for model.4.0.bn1.weight: copying a param with shape torch.Size([256]) from checkpoint, the shape in current model is torch.Size([128]).\n\tsize mismatch for model.4.0.bn1.bias: copying a param with shape torch.Size([256]) from checkpoint, the shape in current model is torch.Size([128]).\n\tsize mismatch for model.4.0.bn1.running_mean: copying a param with shape torch.Size([256]) from checkpoint, the shape in current model is torch.Size([128]).\n\tsize mismatch for model.4.0.bn1.running_var: copying a param with shape torch.Size([256]) from checkpoint, the shape in current model is torch.Size([128]).\n\tsize mismatch for model.4.0.conv2.weight: copying a param with shape torch.Size([256, 256, 3, 3]) from checkpoint, the shape in current model is torch.Size([128, 128, 3, 3]).\n\tsize mismatch for model.4.0.bn2.weight: copying a param with shape torch.Size([256]) from checkpoint, the shape in current model is torch.Size([128]).\n\tsize mismatch for model.4.0.bn2.bias: copying a param with shape torch.Size([256]) from checkpoint, the shape in current model is torch.Size([128]).\n\tsize mismatch for model.4.0.bn2.running_mean: copying a param with shape torch.Size([256]) from checkpoint, the shape in current model is torch.Size([128]).\n\tsize mismatch for model.4.0.bn2.running_var: copying a param with shape torch.Size([256]) from checkpoint, the shape in current model is torch.Size([128]).\n\tsize mismatch for model.4.0.conv3.1.weight: copying a param with shape torch.Size([1024, 256, 1, 1]) from checkpoint, the shape in current model is torch.Size([512, 128, 1, 1]).\n\tsize mismatch for model.4.0.bn3.weight: copying a param with shape torch.Size([1024]) from checkpoint, the shape in current model is torch.Size([512]).\n\tsize mismatch for model.4.0.bn3.bias: copying a param with shape torch.Size([1024]) from checkpoint, the shape in current model is torch.Size([512]).\n\tsize mismatch for model.4.0.bn3.running_mean: copying a param with shape torch.Size([1024]) from checkpoint, the shape in current model is torch.Size([512]).\n\tsize mismatch for model.4.0.bn3.running_var: copying a param with shape torch.Size([1024]) from checkpoint, the shape in current model is torch.Size([512]).\n\tsize mismatch for model.4.0.shortcut.1.weight: copying a param with shape torch.Size([1024, 512, 1, 1]) from checkpoint, the shape in current model is torch.Size([512, 256, 1, 1]).\n\tsize mismatch for model.4.0.shortcut.2.weight: copying a param with shape torch.Size([1024]) from checkpoint, the shape in current model is torch.Size([512]).\n\tsize mismatch for model.4.0.shortcut.2.bias: copying a param with shape torch.Size([1024]) from checkpoint, the shape in current model is torch.Size([512]).\n\tsize mismatch for model.4.0.shortcut.2.running_mean: copying a param with shape torch.Size([1024]) from checkpoint, the shape in current model is torch.Size([512]).\n\tsize mismatch for model.4.0.shortcut.2.running_var: copying a param with shape torch.Size([1024]) from checkpoint, the shape in current model is torch.Size([512]).\n\tsize mismatch for model.4.1.conv1.weight: copying a param with shape torch.Size([256, 1024, 1, 1]) from checkpoint, the shape in current model is torch.Size([128, 512, 1, 1]).\n\tsize mismatch for model.4.1.bn1.weight: copying a param with shape torch.Size([256]) from checkpoint, the shape in current model is torch.Size([128]).\n\tsize mismatch for model.4.1.bn1.bias: copying a param with shape torch.Size([256]) from checkpoint, the shape in current model is torch.Size([128]).\n\tsize mismatch for model.4.1.bn1.running_mean: copying a param with shape torch.Size([256]) from checkpoint, the shape in current model is torch.Size([128]).\n\tsize mismatch for model.4.1.bn1.running_var: copying a param with shape torch.Size([256]) from checkpoint, the shape in current model is torch.Size([128]).\n\tsize mismatch for model.4.1.conv2.weight: copying a param with shape torch.Size([256, 256, 3, 3]) from checkpoint, the shape in current model is torch.Size([128, 128, 3, 3]).\n\tsize mismatch for model.4.1.bn2.weight: copying a param with shape torch.Size([256]) from checkpoint, the shape in current model is torch.Size([128]).\n\tsize mismatch for model.4.1.bn2.bias: copying a param with shape torch.Size([256]) from checkpoint, the shape in current model is torch.Size([128]).\n\tsize mismatch for model.4.1.bn2.running_mean: copying a param with shape torch.Size([256]) from checkpoint, the shape in current model is torch.Size([128]).\n\tsize mismatch for model.4.1.bn2.running_var: copying a param with shape torch.Size([256]) from checkpoint, the shape in current model is torch.Size([128]).\n\tsize mismatch for model.4.1.conv3.weight: copying a param with shape torch.Size([1024, 256, 1, 1]) from checkpoint, the shape in current model is torch.Size([512, 128, 1, 1]).\n\tsize mismatch for model.4.1.bn3.weight: copying a param with shape torch.Size([1024]) from checkpoint, the shape in current model is torch.Size([512]).\n\tsize mismatch for model.4.1.bn3.bias: copying a param with shape torch.Size([1024]) from checkpoint, the shape in current model is torch.Size([512]).\n\tsize mismatch for model.4.1.bn3.running_mean: copying a param with shape torch.Size([1024]) from checkpoint, the shape in current model is torch.Size([512]).\n\tsize mismatch for model.4.1.bn3.running_var: copying a param with shape torch.Size([1024]) from checkpoint, the shape in current model is torch.Size([512]).\n\tsize mismatch for model.4.2.conv1.weight: copying a param with shape torch.Size([256, 1024, 1, 1]) from checkpoint, the shape in current model is torch.Size([128, 512, 1, 1]).\n\tsize mismatch for model.4.2.bn1.weight: copying a param with shape torch.Size([256]) from checkpoint, the shape in current model is torch.Size([128]).\n\tsize mismatch for model.4.2.bn1.bias: copying a param with shape torch.Size([256]) from checkpoint, the shape in current model is torch.Size([128]).\n\tsize mismatch for model.4.2.bn1.running_mean: copying a param with shape torch.Size([256]) from checkpoint, the shape in current model is torch.Size([128]).\n\tsize mismatch for model.4.2.bn1.running_var: copying a param with shape torch.Size([256]) from checkpoint, the shape in current model is torch.Size([128]).\n\tsize mismatch for model.4.2.conv2.weight: copying a param with shape torch.Size([256, 256, 3, 3]) from checkpoint, the shape in current model is torch.Size([128, 128, 3, 3]).\n\tsize mismatch for model.4.2.bn2.weight: copying a param with shape torch.Size([256]) from checkpoint, the shape in current model is torch.Size([128]).\n\tsize mismatch for model.4.2.bn2.bias: copying a param with shape torch.Size([256]) from checkpoint, the shape in current model is torch.Size([128]).\n\tsize mismatch for model.4.2.bn2.running_mean: copying a param with shape torch.Size([256]) from checkpoint, the shape in current model is torch.Size([128]).\n\tsize mismatch for model.4.2.bn2.running_var: copying a param with shape torch.Size([256]) from checkpoint, the shape in current model is torch.Size([128]).\n\tsize mismatch for model.4.2.conv3.weight: copying a param with shape torch.Size([1024, 256, 1, 1]) from checkpoint, the shape in current model is torch.Size([512, 128, 1, 1]).\n\tsize mismatch for model.4.2.bn3.weight: copying a param with shape torch.Size([1024]) from checkpoint, the shape in current model is torch.Size([512]).\n\tsize mismatch for model.4.2.bn3.bias: copying a param with shape torch.Size([1024]) from checkpoint, the shape in current model is torch.Size([512]).\n\tsize mismatch for model.4.2.bn3.running_mean: copying a param with shape torch.Size([1024]) from checkpoint, the shape in current model is torch.Size([512]).\n\tsize mismatch for model.4.2.bn3.running_var: copying a param with shape torch.Size([1024]) from checkpoint, the shape in current model is torch.Size([512]).\n\tsize mismatch for model.4.3.conv1.weight: copying a param with shape torch.Size([256, 1024, 1, 1]) from checkpoint, the shape in current model is torch.Size([128, 512, 1, 1]).\n\tsize mismatch for model.4.3.bn1.weight: copying a param with shape torch.Size([256]) from checkpoint, the shape in current model is torch.Size([128]).\n\tsize mismatch for model.4.3.bn1.bias: copying a param with shape torch.Size([256]) from checkpoint, the shape in current model is torch.Size([128]).\n\tsize mismatch for model.4.3.bn1.running_mean: copying a param with shape torch.Size([256]) from checkpoint, the shape in current model is torch.Size([128]).\n\tsize mismatch for model.4.3.bn1.running_var: copying a param with shape torch.Size([256]) from checkpoint, the shape in current model is torch.Size([128]).\n\tsize mismatch for model.4.3.conv2.weight: copying a param with shape torch.Size([256, 256, 3, 3]) from checkpoint, the shape in current model is torch.Size([128, 128, 3, 3]).\n\tsize mismatch for model.4.3.bn2.weight: copying a param with shape torch.Size([256]) from checkpoint, the shape in current model is torch.Size([128]).\n\tsize mismatch for model.4.3.bn2.bias: copying a param with shape torch.Size([256]) from checkpoint, the shape in current model is torch.Size([128]).\n\tsize mismatch for model.4.3.bn2.running_mean: copying a param with shape torch.Size([256]) from checkpoint, the shape in current model is torch.Size([128]).\n\tsize mismatch for model.4.3.bn2.running_var: copying a param with shape torch.Size([256]) from checkpoint, the shape in current model is torch.Size([128]).\n\tsize mismatch for model.4.3.conv3.weight: copying a param with shape torch.Size([1024, 256, 1, 1]) from checkpoint, the shape in current model is torch.Size([512, 128, 1, 1]).\n\tsize mismatch for model.4.3.bn3.weight: copying a param with shape torch.Size([1024]) from checkpoint, the shape in current model is torch.Size([512]).\n\tsize mismatch for model.4.3.bn3.bias: copying a param with shape torch.Size([1024]) from checkpoint, the shape in current model is torch.Size([512]).\n\tsize mismatch for model.4.3.bn3.running_mean: copying a param with shape torch.Size([1024]) from checkpoint, the shape in current model is torch.Size([512]).\n\tsize mismatch for model.4.3.bn3.running_var: copying a param with shape torch.Size([1024]) from checkpoint, the shape in current model is torch.Size([512]).\n\tsize mismatch for model.5.0.conv1.weight: copying a param with shape torch.Size([512, 1024, 1, 1]) from checkpoint, the shape in current model is torch.Size([256, 512, 1, 1]).\n\tsize mismatch for model.5.0.bn1.weight: copying a param with shape torch.Size([512]) from checkpoint, the shape in current model is torch.Size([256]).\n\tsize mismatch for model.5.0.bn1.bias: copying a param with shape torch.Size([512]) from checkpoint, the shape in current model is torch.Size([256]).\n\tsize mismatch for model.5.0.bn1.running_mean: copying a param with shape torch.Size([512]) from checkpoint, the shape in current model is torch.Size([256]).\n\tsize mismatch for model.5.0.bn1.running_var: copying a param with shape torch.Size([512]) from checkpoint, the shape in current model is torch.Size([256]).\n\tsize mismatch for model.5.0.conv2.weight: copying a param with shape torch.Size([512, 512, 3, 3]) from checkpoint, the shape in current model is torch.Size([256, 256, 3, 3]).\n\tsize mismatch for model.5.0.bn2.weight: copying a param with shape torch.Size([512]) from checkpoint, the shape in current model is torch.Size([256]).\n\tsize mismatch for model.5.0.bn2.bias: copying a param with shape torch.Size([512]) from checkpoint, the shape in current model is torch.Size([256]).\n\tsize mismatch for model.5.0.bn2.running_mean: copying a param with shape torch.Size([512]) from checkpoint, the shape in current model is torch.Size([256]).\n\tsize mismatch for model.5.0.bn2.running_var: copying a param with shape torch.Size([512]) from checkpoint, the shape in current model is torch.Size([256]).\n\tsize mismatch for model.5.0.conv3.1.weight: copying a param with shape torch.Size([2048, 512, 1, 1]) from checkpoint, the shape in current model is torch.Size([1024, 256, 1, 1]).\n\tsize mismatch for model.5.0.bn3.weight: copying a param with shape torch.Size([2048]) from checkpoint, the shape in current model is torch.Size([1024]).\n\tsize mismatch for model.5.0.bn3.bias: copying a param with shape torch.Size([2048]) from checkpoint, the shape in current model is torch.Size([1024]).\n\tsize mismatch for model.5.0.bn3.running_mean: copying a param with shape torch.Size([2048]) from checkpoint, the shape in current model is torch.Size([1024]).\n\tsize mismatch for model.5.0.bn3.running_var: copying a param with shape torch.Size([2048]) from checkpoint, the shape in current model is torch.Size([1024]).\n\tsize mismatch for model.5.0.shortcut.1.weight: copying a param with shape torch.Size([2048, 1024, 1, 1]) from checkpoint, the shape in current model is torch.Size([1024, 512, 1, 1]).\n\tsize mismatch for model.5.0.shortcut.2.weight: copying a param with shape torch.Size([2048]) from checkpoint, the shape in current model is torch.Size([1024]).\n\tsize mismatch for model.5.0.shortcut.2.bias: copying a param with shape torch.Size([2048]) from checkpoint, the shape in current model is torch.Size([1024]).\n\tsize mismatch for model.5.0.shortcut.2.running_mean: copying a param with shape torch.Size([2048]) from checkpoint, the shape in current model is torch.Size([1024]).\n\tsize mismatch for model.5.0.shortcut.2.running_var: copying a param with shape torch.Size([2048]) from checkpoint, the shape in current model is torch.Size([1024]).\n\tsize mismatch for model.5.1.conv1.weight: copying a param with shape torch.Size([512, 2048, 1, 1]) from checkpoint, the shape in current model is torch.Size([256, 1024, 1, 1]).\n\tsize mismatch for model.5.1.bn1.weight: copying a param with shape torch.Size([512]) from checkpoint, the shape in current model is torch.Size([256]).\n\tsize mismatch for model.5.1.bn1.bias: copying a param with shape torch.Size([512]) from checkpoint, the shape in current model is torch.Size([256]).\n\tsize mismatch for model.5.1.bn1.running_mean: copying a param with shape torch.Size([512]) from checkpoint, the shape in current model is torch.Size([256]).\n\tsize mismatch for model.5.1.bn1.running_var: copying a param with shape torch.Size([512]) from checkpoint, the shape in current model is torch.Size([256]).\n\tsize mismatch for model.5.1.conv2.weight: copying a param with shape torch.Size([512, 512, 3, 3]) from checkpoint, the shape in current model is torch.Size([256, 256, 3, 3]).\n\tsize mismatch for model.5.1.bn2.weight: copying a param with shape torch.Size([512]) from checkpoint, the shape in current model is torch.Size([256]).\n\tsize mismatch for model.5.1.bn2.bias: copying a param with shape torch.Size([512]) from checkpoint, the shape in current model is torch.Size([256]).\n\tsize mismatch for model.5.1.bn2.running_mean: copying a param with shape torch.Size([512]) from checkpoint, the shape in current model is torch.Size([256]).\n\tsize mismatch for model.5.1.bn2.running_var: copying a param with shape torch.Size([512]) from checkpoint, the shape in current model is torch.Size([256]).\n\tsize mismatch for model.5.1.conv3.weight: copying a param with shape torch.Size([2048, 512, 1, 1]) from checkpoint, the shape in current model is torch.Size([1024, 256, 1, 1]).\n\tsize mismatch for model.5.1.bn3.weight: copying a param with shape torch.Size([2048]) from checkpoint, the shape in current model is torch.Size([1024]).\n\tsize mismatch for model.5.1.bn3.bias: copying a param with shape torch.Size([2048]) from checkpoint, the shape in current model is torch.Size([1024]).\n\tsize mismatch for model.5.1.bn3.running_mean: copying a param with shape torch.Size([2048]) from checkpoint, the shape in current model is torch.Size([1024]).\n\tsize mismatch for model.5.1.bn3.running_var: copying a param with shape torch.Size([2048]) from checkpoint, the shape in current model is torch.Size([1024]).\n\tsize mismatch for model.5.2.conv1.weight: copying a param with shape torch.Size([512, 2048, 1, 1]) from checkpoint, the shape in current model is torch.Size([256, 1024, 1, 1]).\n\tsize mismatch for model.5.2.bn1.weight: copying a param with shape torch.Size([512]) from checkpoint, the shape in current model is torch.Size([256]).\n\tsize mismatch for model.5.2.bn1.bias: copying a param with shape torch.Size([512]) from checkpoint, the shape in current model is torch.Size([256]).\n\tsize mismatch for model.5.2.bn1.running_mean: copying a param with shape torch.Size([512]) from checkpoint, the shape in current model is torch.Size([256]).\n\tsize mismatch for model.5.2.bn1.running_var: copying a param with shape torch.Size([512]) from checkpoint, the shape in current model is torch.Size([256]).\n\tsize mismatch for model.5.2.conv2.weight: copying a param with shape torch.Size([512, 512, 3, 3]) from checkpoint, the shape in current model is torch.Size([256, 256, 3, 3]).\n\tsize mismatch for model.5.2.bn2.weight: copying a param with shape torch.Size([512]) from checkpoint, the shape in current model is torch.Size([256]).\n\tsize mismatch for model.5.2.bn2.bias: copying a param with shape torch.Size([512]) from checkpoint, the shape in current model is torch.Size([256]).\n\tsize mismatch for model.5.2.bn2.running_mean: copying a param with shape torch.Size([512]) from checkpoint, the shape in current model is torch.Size([256]).\n\tsize mismatch for model.5.2.bn2.running_var: copying a param with shape torch.Size([512]) from checkpoint, the shape in current model is torch.Size([256]).\n\tsize mismatch for model.5.2.conv3.weight: copying a param with shape torch.Size([2048, 512, 1, 1]) from checkpoint, the shape in current model is torch.Size([1024, 256, 1, 1]).\n\tsize mismatch for model.5.2.bn3.weight: copying a param with shape torch.Size([2048]) from checkpoint, the shape in current model is torch.Size([1024]).\n\tsize mismatch for model.5.2.bn3.bias: copying a param with shape torch.Size([2048]) from checkpoint, the shape in current model is torch.Size([1024]).\n\tsize mismatch for model.5.2.bn3.running_mean: copying a param with shape torch.Size([2048]) from checkpoint, the shape in current model is torch.Size([1024]).\n\tsize mismatch for model.5.2.bn3.running_var: copying a param with shape torch.Size([2048]) from checkpoint, the shape in current model is torch.Size([1024]).\nbackbone/as_saved/strict=True: Error(s) in loading state_dict for LipReg_aa:\n\tMissing key(s) in state_dict: ""model.0.weight"", ""model.1.weight"", ""model.1.bias"", ""model.1.running_mean"", ""model.1.running_var"", ""model.3.0.conv1.weight"", ""model.3.0.bn1.weight"", ""model.3.0.bn1.bias"", ""model.3.0.bn1.running_mean"", ""model.3.0.bn1.running_var"", ""model.3.0.conv2.weight"", ""model.3.0.bn2.weight"", ""model.3.0.bn2.bias"", ""model.3.0.bn2.running_mean"", ""model.3.0.bn2.running_var"", ""model.3.0.conv3.weight"", ""model.3.0.bn3.weight"", ""model.3.0.bn3.bias"", ""model.3.0.bn3.running_mean"", ""model.3.0.bn3.running_var"", ""model.3.0.shortcut.0.weight"", ""model.3.0.shortcut.1.weight"", ""model.3.0.shortcut.1.bias"", ""model.3.0.shortcut.1.running_mean"", ""model.3.0.shortcut.1.running_var"", ""model.3.1.conv1.weight"", ""model.3.1.bn1.weight"", ""model.3.1.bn1.bias"", ""model.3.1.bn1.running_mean"", ""model.3.1.bn1.running_var"", ""model.3.1.conv2.weight"", ""model.3.1.bn2.weight"", ""model.3.1.bn2.bias"", ""model.3.1.bn2.running_mean"", ""model.3.1.bn2.running_var"", ""model.3.1.conv3.weight"", ""model.3.1.bn3.weight"", ""model.3.1.bn3.bias"", ""model.3.1.bn3.running_mean"", ""model.3.1.bn3.running_var"", ""model.3.2.conv1.weight"", ""model.3.2.bn1.weight"", ""model.3.2.bn1.bias"", ""model.3.2.bn1.running_mean"", ""model.3.2.bn1.running_var"", ""model.3.2.conv2.weight"", ""model.3.2.bn2.weight"", ""model.3.2.bn2.bias"", ""model.3.2.bn2.running_mean"", ""model.3.2.bn2.running_var"", ""model.3.2.conv3.weight"", ""model.3.2.bn3.weight"", ""model.3.2.bn3.bias"", ""model.3.2.bn3.running_mean"", ""model.3.2.bn3.running_var"", ""model.4.0.conv1.weight"", ""model.4.0.bn1.weight"", ""model.4.0.bn1.bias"", ""model.4.0.bn1.running_mean"", ""model.4.0.bn1.running_var"", ""model.4.0.conv2.weight"", ""model.4.0.bn2.weight"", ""model.4.0.bn2.bias"", ""model.4.0.bn2.running_mean"", ""model.4.0.bn2.running_var"", ""model.4.0.conv3.0.w"", ""model.4.0.conv3.1.weight"", ""model.4.0.bn3.weight"", ""model.4.0.bn3.bias"", ""model.4.0.bn3.running_mean"", ""model.4.0.bn3.running_var"", ""model.4.0.shortcut.0.w"", ""model.4.0.shortcut.1.weight"", ""model.4.0.shortcut.2.weight"", ""model.4.0.shortcut.2.bias"", ""model.4.0.shortcut.2.running_mean"", ""model.4.0.shortcut.2.running_var"", ""model.4.1.conv1.weight"", ""model.4.1.bn1.weight"", ""model.4.1.bn1.bias"", ""model.4.1.bn1.running_mean"", ""model.4.1.bn1.running_var"", ""model.4.1.conv2.weight"", ""model.4.1.bn2.weight"", ""model.4.1.bn2.bias"", ""model.4.1.bn2.running_mean"", ""model.4.1.bn2.running_var"", ""model.4.1.conv3.weight"", ""model.4.1.bn3.weight"", ""model.4.1.bn3.bias"", ""model.4.1.bn3.running_mean"", ""model.4.1.bn3.running_var"", ""model.4.2.conv1.weight"", ""model.4.2.bn1.weight"", ""model.4.2.bn1.bias"", ""model.4.2.bn1.running_mean"", ""model.4.2.bn1.running_var"", ""model.4.2.conv2.weight"", ""model.4.2.bn2.weight"", ""model.4.2.bn2.bias"", ""model.4.2.bn2.running_mean"", ""model.4.2.bn2.running_var"", ""model.4.2.conv3.weight"", ""model.4.2.bn3.weight"", ""model.4.2.bn3.bias"", ""model.4.2.bn3.running_mean"", ""model.4.2.bn3.running_var"", ""model.4.3.conv1.weight"", ""model.4.3.bn1.weight"", ""model.4.3.bn1.bias"", ""model.4.3.bn1.running_mean"", ""model.4.3.bn1.running_var"", ""model.4.3.conv2.weight"", ""model.4.3.bn2.weight"", ""model.4.3.bn2.bias"", ""model.4.3.bn2.running_mean"", ""model.4.3.bn2.running_var"", ""model.4.3.conv3.weight"", ""model.4.3.bn3.weight"", ""model.4.3.bn3.bias"", ""model.4.3.bn3.running_mean"", ""model.4.3.bn3.running_var"", ""model.5.0.conv1.weight"", ""model.5.0.bn1.weight"", ""model.5.0.bn1.bias"", ""model.5.0.bn1.running_mean"", ""model.5.0.bn1.running_var"", ""model.5.0.conv2.weight"", ""model.5.0.bn2.weight"", ""model.5.0.bn2.bias"", ""model.5.0.bn2.running_mean"", ""model.5.0.bn2.running_var"", ""model.5.0.conv3.0.w"", ""model.5.0.conv3.1.weight"", ""model.5.0.bn3.weight"", ""model.5.0.bn3.bias"", ""model.5.0.bn3.running_mean"", ""model.5.0.bn3.running_var"", ""model.5.0.shortcut.0.w"", ""model.5.0.shortcut.1.weight"", ""model.5.0.shortcut.2.weight"", ""model.5.0.shortcut.2.bias"", ""model.5.0.shortcut.2.running_mean"", ""model.5.0.shortcut.2.running_var"", ""model.5.1.conv1.weight"", ""model.5.1.bn1.weight"", ""model.5.1.bn1.bias"", ""model.5.1.bn1.running_mean"", ""model.5.1.bn1.running_var"", ""model.5.1.conv2.weight"", ""model.5.1.bn2.weight"", ""model.5.1.bn2.bias"", ""model.5.1.bn2.running_mean"", ""model.5.1.bn2.running_var"", ""model.5.1.conv3.weight"", ""model.5.1.bn3.weight"", ""model.5.1.bn3.bias"", ""model.5.1.bn3.running_mean"", ""model.5.1.bn3.running_var"", ""model.5.2.conv1.weight"", ""model.5.2.bn1.weight"", ""model.5.2.bn1.bias"", ""model.5.2.bn1.running_mean"", ""model.5.2.bn1.running_var"", ""model.5.2.conv2.weight"", ""model.5.2.bn2.weight"", ""model.5.2.bn2.bias"", ""model.5.2.bn2.running_mean"", ""model.5.2.bn2.running_var"", ""model.5.2.conv3.weight"", ""model.5.2.bn3.weight"", ""model.5.2.bn3.bias"", ""model.5.2.bn3.running_mean"", ""model.5.2.bn3.running_var"", ""model.5.3.conv1.weight"", ""model.5.3.bn1.weight"", ""model.5.3.bn1.bias"", ""model.5.3.bn1.running_mean"", ""model.5.3.bn1.running_var"", ""model.5.3.conv2.weight"", ""model.5.3.bn2.weight"", ""model.5.3.bn2.bias"", ""model.5.3.bn2.running_mean"", ""model.5.3.bn2.running_var"", ""model.5.3.conv3.weight"", ""model.5.3.bn3.weight"", ""model.5.3.bn3.bias"", ""model.5.3.bn3.running_mean"", ""model.5.3.bn3.running_var"", ""model.5.4.conv1.weight"", ""model.5.4.bn1.weight"", ""model.5.4.bn1.bias"", ""model.5.4.bn1.running_mean"", ""model.5.4.bn1.running_var"", ""model.5.4.conv2.weight"", ""model.5.4.bn2.weight"", ""model.5.4.bn2.bias"", ""model.5.4.bn2.running_mean"", ""model.5.4.bn2.running_var"", ""model.5.4.conv3.weight"", ""model.5.4.bn3.weight"", ""model.5.4.bn3.bias"", ""model.5.4.bn3.running_mean"", ""model.5.4.bn3.running_var"", ""model.5.5.conv1.weight"", ""model.5.5.bn1.weight"", ""model.5.5.bn1.bias"", ""model.5.5.bn1.running_mean"", ""model.5.5.bn1.running_var"", ""model.5.5.conv2.weight"", ""model.5.5.bn2.weight"", ""model.5.5.bn2.bias"", ""model.5.5.bn2.running_mean"", ""model.5.5.bn2.running_var"", ""model.5.5.conv3.weight"", ""model.5.5.bn3.weight"", ""model.5.5.bn3.bias"", ""model.5.5.bn3.running_mean"", ""model.5.5.bn3.running_var"", ""model.6.0.conv1.weight"", ""model.6.0.bn1.weight"", ""model.6.0.bn1.bias"", ""model.6.0.bn1.running_mean"", ""model.6.0.bn1.running_var"", ""model.6.0.conv2.weight"", ""model.6.0.bn2.weight"", ""model.6.0.bn2.bias"", ""model.6.0.bn2.running_mean"", ""model.6.0.bn2.running_var"", ""model.6.0.conv3.0.w"", ""model.6.0.conv3.1.weight"", ""model.6.0.bn3.weight"", ""model.6.0.bn3.bias"", ""model.6.0.bn3.running_mean"", ""model.6.0.bn3.running_var"", ""model.6.0.shortcut.0.w"", ""model.6.0.shortcut.1.weight"", ""model.6.0.shortcut.2.weight"", ""model.6.0.shortcut.2.bias"", ""model.6.0.shortcut.2.running_mean"", ""model.6.0.shortcut.2.running_var"", ""model.6.1.conv1.weight"", ""model.6.1.bn1.weight"", ""model.6.1.bn1.bias"", ""model.6.1.bn1.running_mean"", ""model.6.1.bn1.running_var"", ""model.6.1.conv2.weight"", ""model.6.1.bn2.weight"", ""model.6.1.bn2.bias"", ""model.6.1.bn2.running_mean"", ""model.6.1.bn2.running_var"", ""model.6.1.conv3.weight"", ""model.6.1.bn3.weight"", ""model.6.1.bn3.bias"", ""model.6.1.bn3.running_mean"", ""model.6.1.bn3.running_var"", ""model.6.2.conv1.weight"", ""model.6.2.bn1.weight"", ""model.6.2.bn1.bias"", ""model.6.2.bn1.running_mean"", ""model.6.2.bn1.running_var"", ""model.6.2.conv2.weight"", ""model.6.2.bn2.weight"", ""model.6.2.bn2.bias"", ""model.6.2.bn2.running_mean"", ""model.6.2.bn2.running_var"", ""model.6.2.conv3.weight"", ""model.6.2.bn3.weight"", ""model.6.2.bn3.bias"", ""model.6.2.bn3.running_mean"", ""model.6.2.bn3.running_var"", ""fc.weight"", ""fc.bias"". \n\tUnexpected key(s) in state_dict: ""normalize.mean"", ""normalize.std"", ""model.model.0.weight"", ""model.model.1.weight"", ""model.model.1.bias"", ""model.model.1.running_mean"", ""model.model.1.running_var"", ""model.model.1.num_batches_tracked"", ""model.model.2.0.conv1.weight"", ""model.model.2.0.bn1.weight"", ""model.model.2.0.bn1.bias"", ""model.model.2.0.bn1.running_mean"", ""model.model.2.0.bn1.running_var"", ""model.model.2.0.bn1.num_batches_tracked"", ""model.model.2.0.conv2.weight"", ""model.model.2.0.bn2.weight"", ""model.model.2.0.bn2.bias"", ""model.model.2.0.bn2.running_mean"", ""model.model.2.0.bn2.running_var"", ""model.model.2.0.bn2.num_batches_tracked"", ""model.model.2.0.conv3.weight"", ""model.model.2.0.bn3.weight"", ""model.model.2.0.bn3.bias"", ""model.model.2.0.bn3.running_mean"", ""model.model.2.0.bn3.running_var"", ""model.model.2.0.bn3.num_batches_tracked"", ""model.model.2.0.shortcut.0.weight"", ""model.model.2.0.shortcut.1.weight"", ""model.model.2.0.shortcut.1.bias"", ""model.model.2.0.shortcut.1.running_mean"", ""model.model.2.0.shortcut.1.running_var"", ""model.model.2.0.shortcut.1.num_batches_tracked"", ""model.model.2.1.conv1.weight"", ""model.model.2.1.bn1.weight"", ""model.model.2.1.bn1.bias"", ""model.model.2.1.bn1.running_mean"", ""model.model.2.1.bn1.running_var"", ""model.model.2.1.bn1.num_batches_tracked"", ""model.model.2.1.conv2.weight"", ""model.model.2.1.bn2.weight"", ""model.model.2.1.bn2.bias"", ""model.model.2.1.bn2.running_mean"", ""model.model.2.1.bn2.running_var"", ""model.model.2.1.bn2.num_batches_tracked"", ""model.model.2.1.conv3.weight"", ""model.model.2.1.bn3.weight"", ""model.model.2.1.bn3.bias"", ""model.model.2.1.bn3.running_mean"", ""model.model.2.1.bn3.running_var"", ""model.model.2.1.bn3.num_batches_tracked"", ""model.model.2.2.conv1.weight"", ""model.model.2.2.bn1.weight"", ""model.model.2.2.bn1.bias"", ""model.model.2.2.bn1.running_mean"", ""model.model.2.2.bn1.running_var"", ""model.model.2.2.bn1.num_batches_tracked"", ""model.model.2.2.conv2.weight"", ""model.model.2.2.bn2.weight"", ""model.model.2.2.bn2.bias"", ""model.model.2.2.bn2.running_mean"", ""model.model.2.2.bn2.running_var"", ""model.model.2.2.bn2.num_batches_tracked"", ""model.model.2.2.conv3.weight"", ""model.model.2.2.bn3.weight"", ""model.model.2.2.bn3.bias"", ""model.model.2.2.bn3.running_mean"", ""model.model.2.2.bn3.running_var"", ""model.model.2.2.bn3.num_batches_tracked"", ""model.model.3.0.conv1.weight"", ""model.model.3.0.bn1.weight"", ""model.model.3.0.bn1.bias"", ""model.model.3.0.bn1.running_mean"", ""model.model.3.0.bn1.running_var"", ""model.model.3.0.bn1.num_batches_tracked"", ""model.model.3.0.conv2.weight"", ""model.model.3.0.bn2.weight"", ""model.model.3.0.bn2.bias"", ""model.model.3.0.bn2.running_mean"", ""model.model.3.0.bn2.running_var"", ""model.model.3.0.bn2.num_batches_tracked"", ""model.model.3.0.conv3.0.w"", ""model.model.3.0.conv3.1.weight"", ""model.model.3.0.bn3.weight"", ""model.model.3.0.bn3.bias"", ""model.model.3.0.bn3.running_mean"", ""model.model.3.0.bn3.running_var"", ""model.model.3.0.bn3.num_batches_tracked"", ""model.model.3.0.shortcut.0.w"", ""model.model.3.0.shortcut.1.weight"", ""model.model.3.0.shortcut.2.weight"", ""model.model.3.0.shortcut.2.bias"", ""model.model.3.0.shortcut.2.running_mean"", ""model.model.3.0.shortcut.2.running_var"", ""model.model.3.0.shortcut.2.num_batches_tracked"", ""model.model.3.1.conv1.weight"", ""model.model.3.1.bn1.weight"", ""model.model.3.1.bn1.bias"", ""model.model.3.1.bn1.running_mean"", ""model.model.3.1.bn1.running_var"", ""model.model.3.1.bn1.num_batches_tracked"", ""model.model.3.1.conv2.weight"", ""model.model.3.1.bn2.weight"", ""model.model.3.1.bn2.bias"", ""model.model.3.1.bn2.running_mean"", ""model.model.3.1.bn2.running_var"", ""model.model.3.1.bn2.num_batches_tracked"", ""model.model.3.1.conv3.weight"", ""model.model.3.1.bn3.weight"", ""model.model.3.1.bn3.bias"", ""model.model.3.1.bn3.running_mean"", ""model.model.3.1.bn3.running_var"", ""model.model.3.1.bn3.num_batches_tracked"", ""model.model.3.2.conv1.weight"", ""model.model.3.2.bn1.weight"", ""model.model.3.2.bn1.bias"", ""model.model.3.2.bn1.running_mean"", ""model.model.3.2.bn1.running_var"", ""model.model.3.2.bn1.num_batches_tracked"", ""model.model.3.2.conv2.weight"", ""model.model.3.2.bn2.weight"", ""model.model.3.2.bn2.bias"", ""model.model.3.2.bn2.running_mean"", ""model.model.3.2.bn2.running_var"", ""model.model.3.2.bn2.num_batches_tracked"", ""model.model.3.2.conv3.weight"", ""model.model.3.2.bn3.weight"", ""model.model.3.2.bn3.bias"", ""model.model.3.2.bn3.running_mean"", ""model.model.3.2.bn3.running_var"", ""model.model.3.2.bn3.num_batches_tracked"", ""model.model.3.3.conv1.weight"", ""model.model.3.3.bn1.weight"", ""model.model.3.3.bn1.bias"", ""model.model.3.3.bn1.running_mean"", ""model.model.3.3.bn1.running_var"", ""model.model.3.3.bn1.num_batches_tracked"", ""model.model.3.3.conv2.weight"", ""model.model.3.3.bn2.weight"", ""model.model.3.3.bn2.bias"", ""model.model.3.3.bn2.running_mean"", ""model.model.3.3.bn2.running_var"", ""model.model.3.3.bn2.num_batches_tracked"", ""model.model.3.3.conv3.weight"", ""model.model.3.3.bn3.weight"", ""model.model.3.3.bn3.bias"", ""model.model.3.3.bn3.running_mean"", ""model.model.3.3.bn3.running_var"", ""model.model.3.3.bn3.num_batches_tracked"", ""model.model.4.0.conv1.weight"", ""model.model.4.0.bn1.weight"", ""model.model.4.0.bn1.bias"", ""model.model.4.0.bn1.running_mean"", ""model.model.4.0.bn1.running_var"", ""model.model.4.0.bn1.num_batches_tracked"", ""model.model.4.0.conv2.weight"", ""model.model.4.0.bn2.weight"", ""model.model.4.0.bn2.bias"", ""model.model.4.0.bn2.running_mean"", ""model.model.4.0.bn2.running_var"", ""model.model.4.0.bn2.num_batches_tracked"", ""model.model.4.0.conv3.0.w"", ""model.model.4.0.conv3.1.weight"", ""model.model.4.0.bn3.weight"", ""model.model.4.0.bn3.bias"", ""model.model.4.0.bn3.running_mean"", ""model.model.4.0.bn3.running_var"", ""model.model.4.0.bn3.num_batches_tracked"", ""model.model.4.0.shortcut.0.w"", ""model.model.4.0.shortcut.1.weight"", ""model.model.4.0.shortcut.2.weight"", ""model.model.4.0.shortcut.2.bias"", ""model.model.4.0.shortcut.2.running_mean"", ""model.model.4.0.shortcut.2.running_var"", ""model.model.4.0.shortcut.2.num_batches_tracked"", ""model.model.4.1.conv1.weight"", ""model.model.4.1.bn1.weight"", ""model.model.4.1.bn1.bias"", ""model.model.4.1.bn1.running_mean"", ""model.model.4.1.bn1.running_var"", ""model.model.4.1.bn1.num_batches_tracked"", ""model.model.4.1.conv2.weight"", ""model.model.4.1.bn2.weight"", ""model.model.4.1.bn2.bias"", ""model.model.4.1.bn2.running_mean"", ""model.model.4.1.bn2.running_var"", ""model.model.4.1.bn2.num_batches_tracked"", ""model.model.4.1.conv3.weight"", ""model.model.4.1.bn3.weight"", ""model.model.4.1.bn3.bias"", ""model.model.4.1.bn3.running_mean"", ""model.model.4.1.bn3.running_var"", ""model.model.4.1.bn3.num_batches_tracked"", ""model.model.4.2.conv1.weight"", ""model.model.4.2.bn1.weight"", ""model.model.4.2.bn1.bias"", ""model.model.4.2.bn1.running_mean"", ""model.model.4.2.bn1.running_var"", ""model.model.4.2.bn1.num_batches_tracked"", ""model.model.4.2.conv2.weight"", ""model.model.4.2.bn2.weight"", ""model.model.4.2.bn2.bias"", ""model.model.4.2.bn2.running_mean"", ""model.model.4.2.bn2.running_var"", ""model.model.4.2.bn2.num_batches_tracked"", ""model.model.4.2.conv3.weight"", ""model.model.4.2.bn3.weight"", ""model.model.4.2.bn3.bias"", ""model.model.4.2.bn3.running_mean"", ""model.model.4.2.bn3.running_var"", ""model.model.4.2.bn3.num_batches_tracked"", ""model.model.4.3.conv1.weight"", ""model.model.4.3.bn1.weight"", ""model.model.4.3.bn1.bias"", ""model.model.4.3.bn1.running_mean"", ""model.model.4.3.bn1.running_var"", ""model.model.4.3.bn1.num_batches_tracked"", ""model.model.4.3.conv2.weight"", ""model.model.4.3.bn2.weight"", ""model.model.4.3.bn2.bias"", ""model.model.4.3.bn2.running_mean"", ""model.model.4.3.bn2.running_var"", ""model.model.4.3.bn2.num_batches_tracked"", ""model.model.4.3.conv3.weight"", ""model.model.4.3.bn3.weight"", ""model.model.4.3.bn3.bias"", ""model.model.4.3.bn3.running_mean"", ""model.model.4.3.bn3.running_var"", ""model.model.4.3.bn3.num_batches_tracked"", ""model.model.4.4.conv1.weight"", ""model.model.4.4.bn1.weight"", ""model.model.4.4.bn1.bias"", ""model.model.4.4.bn1.running_mean"", ""model.model.4.4.bn1.running_var"", ""model.model.4.4.bn1.num_batches_tracked"", ""model.model.4.4.conv2.weight"", ""model.model.4.4.bn2.weight"", ""model.model.4.4.bn2.bias"", ""model.model.4.4.bn2.running_mean"", ""model.model.4.4.bn2.running_var"", ""model.model.4.4.bn2.num_batches_tracked"", ""model.model.4.4.conv3.weight"", ""model.model.4.4.bn3.weight"", ""model.model.4.4.bn3.bias"", ""model.model.4.4.bn3.running_mean"", ""model.model.4.4.bn3.running_var"", ""model.model.4.4.bn3.num_batches_tracked"", ""model.model.4.5.conv1.weight"", ""model.model.4.5.bn1.weight"", ""model.model.4.5.bn1.bias"", ""model.model.4.5.bn1.running_mean"", ""model.model.4.5.bn1.running_var"", ""model.model.4.5.bn1.num_batches_tracked"", ""model.model.4.5.conv2.weight"", ""model.model.4.5.bn2.weight"", ""model.model.4.5.bn2.bias"", ""model.model.4.5.bn2.running_mean"", ""model.model.4.5.bn2.running_var"", ""model.model.4.5.bn2.num_batches_tracked"", ""model.model.4.5.conv3.weight"", ""model.model.4.5.bn3.weight"", ""model.model.4.5.bn3.bias"", ""model.model.4.5.bn3.running_mean"", ""model.model.4.5.bn3.running_var"", ""model.model.4.5.bn3.num_batches_tracked"", ""model.model.5.0.conv1.weight"", ""model.model.5.0.bn1.weight"", ""model.model.5.0.bn1.bias"", ""model.model.5.0.bn1.running_mean"", ""model.model.5.0.bn1.running_var"", ""model.model.5.0.bn1.num_batches_tracked"", ""model.model.5.0.conv2.weight"", ""model.model.5.0.bn2.weight"", ""model.model.5.0.bn2.bias"", ""model.model.5.0.bn2.running_mean"", ""model.model.5.0.bn2.running_var"", ""model.model.5.0.bn2.num_batches_tracked"", ""model.model.5.0.conv3.0.w"", ""model.model.5.0.conv3.1.weight"", ""model.model.5.0.bn3.weight"", ""model.model.5.0.bn3.bias"", ""model.model.5.0.bn3.running_mean"", ""model.model.5.0.bn3.running_var"", ""model.model.5.0.bn3.num_batches_tracked"", ""model.model.5.0.shortcut.0.w"", ""model.model.5.0.shortcut.1.weight"", ""model.model.5.0.shortcut.2.weight"", ""model.model.5.0.shortcut.2.bias"", ""model.model.5.0.shortcut.2.running_mean"", ""model.model.5.0.shortcut.2.running_var"", ""model.model.5.0.shortcut.2.num_batches_tracked"", ""model.model.5.1.conv1.weight"", ""model.model.5.1.bn1.weight"", ""model.model.5.1.bn1.bias"", ""model.model.5.1.bn1.running_mean"", ""model.model.5.1.bn1.running_var"", ""model.model.5.1.bn1.num_batches_tracked"", ""model.model.5.1.conv2.weight"", ""model.model.5.1.bn2.weight"", ""model.model.5.1.bn2.bias"", ""model.model.5.1.bn2.running_mean"", ""model.model.5.1.bn2.running_var"", ""model.model.5.1.bn2.num_batches_tracked"", ""model.model.5.1.conv3.weight"", ""model.model.5.1.bn3.weight"", ""model.model.5.1.bn3.bias"", ""model.model.5.1.bn3.running_mean"", ""model.model.5.1.bn3.running_var"", ""model.model.5.1.bn3.num_batches_tracked"", ""model.model.5.2.conv1.weight"", ""model.model.5.2.bn1.weight"", ""model.model.5.2.bn1.bias"", ""model.model.5.2.bn1.running_mean"", ""model.model.5.2.bn1.running_var"", ""model.model.5.2.bn1.num_batches_tracked"", ""model.model.5.2.conv2.weight"", ""model.model.5.2.bn2.weight"", ""model.model.5.2.bn2.bias"", ""model.model.5.2.bn2.running_mean"", ""model.model.5.2.bn2.running_var"", ""model.model.5.2.bn2.num_batches_tracked"", ""model.model.5.2.conv3.weight"", ""model.model.5.2.bn3.weight"", ""model.model.5.2.bn3.bias"", ""model.model.5.2.bn3.running_mean"", ""model.model.5.2.bn3.running_var"", ""model.model.5.2.bn3.num_batches_tracked"", ""model.fc.weight"", ""model.fc.bias"". \nbackbone/as_saved/strict=False: missing=[\'model.0.weight\', \'model.1.weight\', \'model.1.bias\', \'model.1.running_mean\', \'model.1.running_var\', \'model.3.0.conv1.weight\', \'model.3.0.bn1.weight\', \'model.3.0.bn1.bias\'], unexpected=[\'normalize.mean\', \'normalize.std\', \'model.model.0.weight\', \'model.model.1.weight\', \'model.model.1.bias\', \'model.model.1.running_mean\', \'model.model.1.running_var\', \'model.model.1.num_batches_tracked\']')"
models/cifar100/Linf/ResNet_LipReg_AA.pt,lipreg_aa,fgsm,8.0,8.0,zero,0.668800,0.248700,6688,2487,10000,wrapper,as_saved,,,328,cuda,5.727,ok,
models/cifar100/Linf/ResNet_LipReg_AA.pt,lipreg_aa,fgsm,4.0,4.0,zero,0.668800,0.344400,6688,3444,10000,wrapper,as_saved,,,328,cuda,5.703,ok,
models/cifar100/Linf/WideResNet-AT.pt,wideresnet,fgsm,8.0,8.0,zero,0.664900,0.249100,6649,2491,10000,wrapper,as_saved,,,553,cuda,34.427,ok,
models/cifar100/Linf/WideResNet-AT.pt,wideresnet,fgsm,4.0,4.0,zero,0.664900,0.386000,6649,3860,10000,wrapper,as_saved,,,553,cuda,34.471,ok,
models/cifar100/Linf/WideResNet.pt,wideresnet,fgsm,8.0,8.0,zero,0.730800,0.119900,7308,1199,10000,wrapper,as_saved,,,553,cuda,34.529,ok,
models/cifar100/Linf/WideResNet.pt,wideresnet,fgsm,4.0,4.0,zero,0.730800,0.171000,7308,1710,10000,wrapper,as_saved,,,553,cuda,34.530,ok,
models/cifar100/Linf/WideResNet_LipReg-AT.pt,wideresnet_lipreg_aa,fgsm,8.0,8.0,zero,0.563600,0.314400,5636,3144,10000,wrapper,as_saved,,,557,cuda,80.006,ok,
models/cifar100/Linf/WideResNet_LipReg-AT.pt,wideresnet_lipreg_aa,fgsm,4.0,4.0,zero,0.563600,0.399500,5636,3995,10000,wrapper,as_saved,,,557,cuda,80.007,ok,
models/cifar100/Linf/WideResNet_LipReg-TRADES.pt,wideresnet_lipreg_aa,fgsm,8.0,8.0,zero,0.642200,0.164200,6422,1642,10000,wrapper,as_saved,,,557,cuda,80.006,ok,
models/cifar100/Linf/WideResNet_LipReg-TRADES.pt,wideresnet_lipreg_aa,fgsm,4.0,4.0,zero,0.642200,0.301700,6422,3017,10000,wrapper,as_saved,,,557,cuda,80.044,ok,
